scenario,trial,calibration_runtime_ms,method,source,time_index,grasp_point_error_mm,surface_point_rmse_mm,max_surface_point_error_mm,approach_normal_error_deg,precision_action_success,standard_action_success
gaussian,0,14.134982999166823,PARK,upper_arm_camera,0,1.1738027988441193,1.176504864215907,1.2568021894450767,0.036529075797468565,True,True
gaussian,0,14.134982999166823,PARK,forearm_camera,0,0.4989226222338975,0.5003196427047499,0.5093136238240052,0.021607918519904304,True,True
gaussian,0,14.134982999166823,PARK,wrist_camera,0,0.5896587149381378,0.6281100798125872,0.8458258153168506,0.028672313583744297,True,True
gaussian,0,14.134982999166823,PARK,FUSED_MEDIAN,0,0.3686130500010456,0.3715615993041035,0.4380470836264564,0.0046712502937813994,True,True
gaussian,0,14.134982999166823,PARK,upper_arm_camera,1,0.7004978033787019,0.7176976070767341,0.8907514599628361,0.04599170260954383,True,True
gaussian,0,14.134982999166823,PARK,forearm_camera,1,0.8103502791855377,0.8179014449026462,0.8872778037422965,0.05352214595581052,True,True
gaussian,0,14.134982999166823,PARK,wrist_camera,1,4.091458067616203,4.112413364445166,4.667541686485342,0.15823599141493533,False,True
gaussian,0,14.134982999166823,PARK,FUSED_MEDIAN,1,0.6864841717513714,0.6710873102622442,0.7678305005934923,0.05971332205980302,True,True
gaussian,0,14.134982999166823,PARK,upper_arm_camera,2,0.6834117287558867,0.6842558254894795,0.7208374353786333,0.016832941489317035,True,True
gaussian,0,14.134982999166823,PARK,forearm_camera,2,0.4712585575537361,0.496209020488149,0.574636834779161,0.07192104933410626,True,True
gaussian,0,14.134982999166823,PARK,wrist_camera,2,0.7652072001097372,0.7861145225857166,0.9689174455782504,0.02617249092670138,True,True
gaussian,0,14.134982999166823,PARK,FUSED_MEDIAN,2,0.37241031387664636,0.42154305135660136,0.5128622391809923,0.03292217346640479,True,True
gaussian,0,14.134982999166823,PARK,upper_arm_camera,3,0.2363401541909489,0.2564331327795468,0.31269395183279913,0.031064247176850284,True,True
gaussian,0,14.134982999166823,PARK,forearm_camera,3,0.7799648409389809,0.7814036321592638,0.8474363417186604,0.022281459562986876,True,True
gaussian,0,14.134982999166823,PARK,wrist_camera,3,1.0574332056709441,1.061929114059397,1.1838221409017047,0.05894398443512927,True,True
gaussian,0,14.134982999166823,PARK,FUSED_MEDIAN,3,0.18652711470943248,0.19971644445746006,0.28160222202850693,0.02836166308980044,True,True
gaussian,0,14.134982999166823,PARK,upper_arm_camera,4,0.6328494108023437,0.6378484247062355,0.7008710691141972,0.036405937106682495,True,True
gaussian,0,14.134982999166823,PARK,forearm_camera,4,1.1895353437482037,1.2168305144772316,1.5294866852702085,0.0831437175264149,True,True
gaussian,0,14.134982999166823,PARK,wrist_camera,4,1.1500912795908307,1.191719894365236,1.2667842266721796,0.1493954423718415,True,True
gaussian,0,14.134982999166823,PARK,FUSED_MEDIAN,4,0.8126081011162252,0.8270939235538424,1.016905814381314,0.08882330367747344,True,True
gaussian,0,14.134982999166823,PARK,upper_arm_camera,5,0.8656471005067417,0.8670602230508827,0.9127428672824867,0.02183082406563985,True,True
gaussian,0,14.134982999166823,PARK,forearm_camera,5,0.789307851558273,0.8067930476895508,0.9692662830490167,0.03741627469675187,True,True
gaussian,0,14.134982999166823,PARK,wrist_camera,5,1.3963006814453558,1.4076338171410252,1.5490297958569401,0.08937753419565252,True,True
gaussian,0,14.134982999166823,PARK,FUSED_MEDIAN,5,0.8188611191531519,0.8108856397782928,0.884110288571806,0.04601170737036357,True,True
gaussian,0,14.134982999166823,PARK,upper_arm_camera,6,1.897807573650419,1.940031589143512,2.337601704240521,0.09263261490628787,True,True
gaussian,0,14.134982999166823,PARK,forearm_camera,6,0.6087529795085316,0.6119514008795206,0.674516269661745,0.006929051815649122,True,True
gaussian,0,14.134982999166823,PARK,wrist_camera,6,1.234212953441936,1.2610536494696398,1.5156224783338548,0.03888538336032996,True,True
gaussian,0,14.134982999166823,PARK,FUSED_MEDIAN,6,0.5163684817725049,0.5442314877331599,0.720562794297467,0.04192878471764885,True,True
gaussian,0,14.134982999166823,PARK,upper_arm_camera,7,0.8098932427361897,0.8118369807823773,0.8761068047180464,0.011712994294653403,True,True
gaussian,0,14.134982999166823,PARK,forearm_camera,7,2.2120681307739885,2.2268412593643374,2.599730988060743,0.13402186088490686,False,True
gaussian,0,14.134982999166823,PARK,wrist_camera,7,0.6600254427379045,0.6627925944517684,0.7040615133003592,0.039399903471175855,True,True
gaussian,0,14.134982999166823,PARK,FUSED_MEDIAN,7,0.6725488541295441,0.6735077684549209,0.6965666675085456,0.030263485238741977,True,True
gaussian,0,14.134982999166823,PARK,upper_arm_camera,8,0.7190261478945641,0.720357314368065,0.7726267798713291,0.011178777134845524,True,True
gaussian,0,14.134982999166823,PARK,forearm_camera,8,0.6662498199632745,0.6671506371001392,0.6951345561069824,0.006122078457356438,True,True
gaussian,0,14.134982999166823,PARK,wrist_camera,8,4.237984323417123,4.268006604054293,4.94475315519318,0.22293448639561642,False,True
gaussian,0,14.134982999166823,PARK,FUSED_MEDIAN,8,0.2813685088935871,0.39966521573585123,0.4949420508126854,0.07560477581910079,True,True
gaussian,0,14.134982999166823,PARK,upper_arm_camera,9,1.0615820916224308,1.0637161755302103,1.1255044037486752,0.030679079898477245,True,True
gaussian,0,14.134982999166823,PARK,forearm_camera,9,1.029497690452503,1.0449522265252058,1.2237081156287977,0.021543899418947264,True,True
gaussian,0,14.134982999166823,PARK,wrist_camera,9,1.189309557863185,1.193797588987482,1.3082555136604874,0.04475089579853808,True,True
gaussian,0,14.134982999166823,PARK,FUSED_MEDIAN,9,0.7301028252561023,0.7330344058596062,0.8007803349751315,0.03109816908210405,True,True
gaussian,0,14.134982999166823,PARK,upper_arm_camera,10,0.9400292469201993,0.958196687958776,1.1509289887606458,0.07891017594701198,True,True
gaussian,0,14.134982999166823,PARK,forearm_camera,10,0.3187486983310622,0.32232241142726004,0.3953861814936244,0.025027526646528492,True,True
gaussian,0,14.134982999166823,PARK,wrist_camera,10,0.18002525286597315,0.21778326695032707,0.3106127604244875,0.04370171490712577,True,True
gaussian,0,14.134982999166823,PARK,FUSED_MEDIAN,10,0.19599267601308235,0.2220358776542112,0.30378825300057716,0.034519614804530814,True,True
gaussian,0,14.134982999166823,PARK,upper_arm_camera,11,0.6337550911963217,0.6440569530211552,0.7494031662534412,0.046007483732468886,True,True
gaussian,0,14.134982999166823,PARK,forearm_camera,11,0.9162943474498346,0.9273594729361863,1.1385200222249858,0.06844144818217156,True,True
gaussian,0,14.134982999166823,PARK,wrist_camera,11,1.7635817661314082,1.7956366179404257,2.1603641262549056,0.13056705787268286,True,True
gaussian,0,14.134982999166823,PARK,FUSED_MEDIAN,11,0.7995104533963562,0.8082177975571286,1.0015469899423841,0.07588747635961264,True,True
gaussian,0,14.134982999166823,PARK,upper_arm_camera,12,1.5555360409117627,1.5863087490832102,2.0386140372544936,0.15560522236001204,True,True
gaussian,0,14.134982999166823,PARK,forearm_camera,12,0.43369309000557227,0.43643526369096586,0.47492986094476003,0.02106639936811284,True,True
gaussian,0,14.134982999166823,PARK,wrist_camera,12,0.6694217071726524,0.6829026827441823,0.8451095956466259,0.05913205923831523,True,True
gaussian,0,14.134982999166823,PARK,FUSED_MEDIAN,12,0.7132991514463155,0.7123927354825399,0.8517054218300834,0.06575735531724816,True,True
gaussian,0,14.134982999166823,PARK,upper_arm_camera,13,0.8270010603824115,0.8386464198245595,0.9809026695419217,0.05606510175464605,True,True
gaussian,0,14.134982999166823,PARK,forearm_camera,13,2.050300669258074,2.060137037302098,2.3757158032212344,0.10622233721118815,False,True
gaussian,0,14.134982999166823,PARK,wrist_camera,13,1.0291845820152568,1.0446907470839064,1.3002668248251177,0.09752111118325411,True,True
gaussian,0,14.134982999166823,PARK,FUSED_MEDIAN,13,0.7774870125723082,0.7781480916886279,0.8902672079988245,0.056758246029758284,True,True
gaussian,0,14.134982999166823,PARK,upper_arm_camera,14,1.4990815156316615,1.5162086858569879,1.7340705546328634,0.058836327405460964,True,True
gaussian,0,14.134982999166823,PARK,forearm_camera,14,0.5286832440786999,0.5314091630787033,0.6113752692074165,0.02710733570596425,True,True
gaussian,0,14.134982999166823,PARK,wrist_camera,14,1.9258250506297883,1.9372488311515406,2.188082226450615,0.034225269551674445,True,True
gaussian,0,14.134982999166823,PARK,FUSED_MEDIAN,14,1.5105792876068183,1.5256197060739909,1.7287544754820434,0.023208365107471877,True,True
gaussian,0,14.134982999166823,PARK,upper_arm_camera,15,1.0823613686623872,1.0922833763597566,1.2898963329691124,0.08094725365350507,True,True
gaussian,0,14.134982999166823,PARK,forearm_camera,15,1.3310632344876363,1.3475055858715494,1.5568650581469898,0.030171530619908012,True,True
gaussian,0,14.134982999166823,PARK,wrist_camera,15,1.4883397485996746,1.5019849761400397,1.6753182564001747,0.0937983297808381,True,True
gaussian,0,14.134982999166823,PARK,FUSED_MEDIAN,15,1.0456372537953171,1.0493867399418557,1.1650178200968357,0.024804788497850026,True,True
gaussian,0,14.134982999166823,PARK,upper_arm_camera,16,2.285591623443624,2.315229426497587,2.7680523469818086,0.13774794890874265,False,True
gaussian,0,14.134982999166823,PARK,forearm_camera,16,0.7055407401339151,0.7074633947227349,0.7371931348836592,0.03601493798483794,True,True
gaussian,0,14.134982999166823,PARK,wrist_camera,16,1.7441670523117732,1.7720183691803006,2.1217011684726614,0.19278248082728439,True,True
gaussian,0,14.134982999166823,PARK,FUSED_MEDIAN,16,1.059463790359149,1.0786525752394627,1.1991143482615294,0.0303376506662746,True,True
gaussian,0,14.134982999166823,PARK,upper_arm_camera,17,0.3973549622718521,0.4147379097368798,0.5724134821223349,0.05151386976835162,True,True
gaussian,0,14.134982999166823,PARK,forearm_camera,17,0.5239751899917038,0.5279014100607878,0.6014290042159327,0.004797409275064093,True,True
gaussian,0,14.134982999166823,PARK,wrist_camera,17,1.5180423824867684,1.5336637817559784,1.667427926074816,0.0935353698594241,True,True
gaussian,0,14.134982999166823,PARK,FUSED_MEDIAN,17,0.6417196354598893,0.6404088967140502,0.7303405060592741,0.049769816951133534,True,True
gaussian,0,14.134982999166823,PARK,upper_arm_camera,18,1.8715577900811464,1.8931251465834318,2.2019100907491262,0.11052266388851248,True,True
gaussian,0,14.134982999166823,PARK,forearm_camera,18,1.7394419488846342,1.7464551556259928,1.9856515261921062,0.0802402532934904,True,True
gaussian,0,14.134982999166823,PARK,wrist_camera,18,0.44037706686703876,0.4863833601855052,0.7089966710700363,0.0926414490051621,True,True
gaussian,0,14.134982999166823,PARK,FUSED_MEDIAN,18,0.8745969693524384,0.8950690938710256,1.0631633852692663,0.07533954684044139,True,True
gaussian,0,14.134982999166823,PARK,upper_arm_camera,19,0.5650309377631948,0.5655540959133052,0.5892296798083545,0.012789538679944023,True,True
gaussian,0,14.134982999166823,PARK,forearm_camera,19,0.8772258148424608,0.8883755522924329,1.029830012749135,0.05514824213471642,True,True
gaussian,0,14.134982999166823,PARK,wrist_camera,19,2.187214720298354,2.1952324381853754,2.4691759565438565,0.08220126556331564,False,True
gaussian,0,14.134982999166823,PARK,FUSED_MEDIAN,19,0.8694319154082687,0.8776423092736092,1.005045319436872,0.0483732750011484,True,True
gaussian,0,14.134982999166823,PARK,upper_arm_camera,20,1.170993166261412,1.1805829574568936,1.3681015717377036,0.0677902676162378,True,True
gaussian,0,14.134982999166823,PARK,forearm_camera,20,0.6650302631040368,0.6836247159693569,0.7727723749926767,0.09663352256913477,True,True
gaussian,0,14.134982999166823,PARK,wrist_camera,20,1.830097868413913,1.8684671908294344,2.241425391173911,0.17805859419817605,True,True
gaussian,0,14.134982999166823,PARK,FUSED_MEDIAN,20,0.6259839657946731,0.633703094221376,0.6814684381334185,0.04323641416375369,True,True
gaussian,0,14.134982999166823,PARK,upper_arm_camera,21,1.705753118661426,1.7750128385259305,2.244403515508394,0.244033760851556,True,True
gaussian,0,14.134982999166823,PARK,forearm_camera,21,1.6784762271123195,1.7348145983428442,2.2223539951227202,0.08812351336381084,True,True
gaussian,0,14.134982999166823,PARK,wrist_camera,21,1.2076813150487489,1.2359636408121537,1.563901084327031,0.0788745973785574,True,True
gaussian,0,14.134982999166823,PARK,FUSED_MEDIAN,21,1.3943962175186555,1.393937680813421,1.828841260022014,0.0802882128745569,True,True
gaussian,0,14.134982999166823,PARK,upper_arm_camera,22,0.5219952253514474,0.524472738092785,0.5469402901954673,0.006000669709579867,True,True
gaussian,0,14.134982999166823,PARK,forearm_camera,22,3.8429287118128452,3.8697870991344185,4.450377136543373,0.24092998402160468,False,True
gaussian,0,14.134982999166823,PARK,wrist_camera,22,1.2133337951415466,1.2415943802683451,1.485703732963505,0.08225377274721365,True,True
gaussian,0,14.134982999166823,PARK,FUSED_MEDIAN,22,1.2133337951415466,1.242612401759922,1.485703732963505,0.08891408574897491,True,True
gaussian,0,14.134982999166823,PARK,upper_arm_camera,23,2.3245243854951467,2.3457569633451962,2.7035580526994734,0.05849499317570646,False,True
gaussian,0,14.134982999166823,PARK,forearm_camera,23,1.2258143570545788,1.2341280052739643,1.383621135702739,0.051576377429859016,True,True
gaussian,0,14.134982999166823,PARK,wrist_camera,23,2.621182798350886,2.6382375312844197,2.969670782460762,0.09283455799698445,False,True
gaussian,0,14.134982999166823,PARK,FUSED_MEDIAN,23,1.9756739360123698,1.9962889822118577,2.3222439792822342,0.005752935708910422,True,True
gaussian,0,14.134982999166823,PARK,upper_arm_camera,24,0.7590158543687449,0.7604281839138477,0.7764353461314429,0.01836293690729451,True,True
gaussian,0,14.134982999166823,PARK,forearm_camera,24,1.0727988232189516,1.0766158094822948,1.2049184052267357,0.060132819080758765,True,True
gaussian,0,14.134982999166823,PARK,wrist_camera,24,3.2439103009478614,3.261376462778438,3.637090777937895,0.22231591653180083,False,True
gaussian,0,14.134982999166823,PARK,FUSED_MEDIAN,24,0.7471238021554765,0.7485761411877306,0.7717250657697455,0.062106101149485275,True,True
gaussian,0,14.134982999166823,PARK,upper_arm_camera,25,0.2320445585780919,0.2824138708679328,0.3994107900249676,0.10631068711946771,True,True
gaussian,0,14.134982999166823,PARK,forearm_camera,25,1.0564392781855765,1.065714330477825,1.2097173147932134,0.039524723233248286,True,True
gaussian,0,14.134982999166823,PARK,wrist_camera,25,0.7950439007873203,0.8371167455152265,1.0954529274314548,0.02744339481568581,True,True
gaussian,0,14.134982999166823,PARK,FUSED_MEDIAN,25,0.11270586192052474,0.20646597294465083,0.2871295220087188,0.02314966262519994,True,True
gaussian,0,14.134982999166823,PARK,upper_arm_camera,26,0.4309076810420584,0.43121555289206875,0.4416802523771182,0.0060054282940641655,True,True
gaussian,0,14.134982999166823,PARK,forearm_camera,26,0.5541453619923786,0.5758197160306489,0.7888906889818379,0.09173023833105746,True,True
gaussian,0,14.134982999166823,PARK,wrist_camera,26,0.876987607792226,0.8811142403138815,0.9815850479660239,0.05219223924786401,True,True
gaussian,0,14.134982999166823,PARK,FUSED_MEDIAN,26,0.5388061765581176,0.5597186677319391,0.7459948596343005,0.01821083892774206,True,True
gaussian,0,14.134982999166823,PARK,upper_arm_camera,27,3.1722062338562464,3.2239303733150892,3.848924028298798,0.14553448251763676,False,True
gaussian,0,14.134982999166823,PARK,forearm_camera,27,0.934603107747755,0.9369246716787591,1.0148817296312724,0.035629276337504144,True,True
gaussian,0,14.134982999166823,PARK,wrist_camera,27,0.5395094201472554,0.5515220731943371,0.6748082876817763,0.016459361939117838,True,True
gaussian,0,14.134982999166823,PARK,FUSED_MEDIAN,27,0.8625043512078499,0.8156415630942262,0.9083261288810759,0.04631247673755532,True,True
gaussian,0,14.134982999166823,PARK,upper_arm_camera,28,1.384036263175157,1.4155710167489872,1.7612863009293709,0.1360022972165614,True,True
gaussian,0,14.134982999166823,PARK,forearm_camera,28,0.9112584348371604,0.929171170361716,1.115476447437706,0.08414295321830101,True,True
gaussian,0,14.134982999166823,PARK,wrist_camera,28,0.8644559476600093,0.8949546428466466,1.0755153880531123,0.09201398716642512,True,True
gaussian,0,14.134982999166823,PARK,FUSED_MEDIAN,28,0.8735912191143278,0.8949583453211837,1.0940379232204314,0.10404129478732502,True,True
gaussian,0,14.134982999166823,PARK,upper_arm_camera,29,1.4702698032365498,1.4834179168982462,1.7479309961270872,0.10994050656252044,True,True
gaussian,0,14.134982999166823,PARK,forearm_camera,29,0.6773276444374303,0.6902356473330752,0.8028591414282755,0.03556800342932751,True,True
gaussian,0,14.134982999166823,PARK,wrist_camera,29,0.3402136480051764,0.46569241312283166,0.7693439362477158,0.11421016582603154,True,True
gaussian,0,14.134982999166823,PARK,FUSED_MEDIAN,29,0.3424342621665721,0.48925747299057365,0.6642662035565441,0.05541939182517671,True,True
gaussian,0,14.134982999166823,PARK,upper_arm_camera,30,0.8827536289211737,0.8967819436848291,1.0708464568259652,0.08207354280908966,True,True
gaussian,0,14.134982999166823,PARK,forearm_camera,30,2.305652153740932,2.3541007231440942,2.917012830565557,0.11929513396864828,False,True
gaussian,0,14.134982999166823,PARK,wrist_camera,30,0.7717321570600604,0.7879427971588226,0.9714968741869813,0.023585526365672904,True,True
gaussian,0,14.134982999166823,PARK,FUSED_MEDIAN,30,0.8449311016165729,0.8588655677449549,1.009206886226953,0.05227690076742459,True,True
gaussian,0,14.134982999166823,PARK,upper_arm_camera,31,0.7676007616547441,0.7712829317145474,0.8837146079265364,0.04136898597012981,True,True
gaussian,0,14.134982999166823,PARK,forearm_camera,31,0.35653880084212924,0.3612850681662678,0.42253870483653455,0.028461041337349235,True,True
gaussian,0,14.134982999166823,PARK,wrist_camera,31,1.1931161863878839,1.2027481108450293,1.3632311047951935,0.02552416122877035,True,True
gaussian,0,14.134982999166823,PARK,FUSED_MEDIAN,31,0.2996702442711691,0.305706010073289,0.36648934826066987,0.010545639325840683,True,True
gaussian,0,14.134982999166823,PARK,upper_arm_camera,32,1.0911800503943954,1.105183688327092,1.3885304333879867,0.09917330872659973,True,True
gaussian,0,14.134982999166823,PARK,forearm_camera,32,0.10924227580934828,0.1233411688221263,0.1697240440287597,0.01756451248744715,True,True
gaussian,0,14.134982999166823,PARK,wrist_camera,32,0.33431390602196875,0.3586090000197484,0.469355505208434,0.033983462122526883,True,True
gaussian,0,14.134982999166823,PARK,FUSED_MEDIAN,32,0.059788564361249553,0.08448451676113625,0.11810237188691687,0.036966258313864304,True,True
gaussian,0,14.134982999166823,PARK,upper_arm_camera,33,0.9738878127265911,1.009199126639054,1.2968631717072865,0.05168598384485433,True,True
gaussian,0,14.134982999166823,PARK,forearm_camera,33,0.8397238978250939,0.8471585372194503,0.9454091071358848,0.05139549705976017,True,True
gaussian,0,14.134982999166823,PARK,wrist_camera,33,2.826010547019617,2.8995969253773963,3.594990333213362,0.1339390246342188,False,True
gaussian,0,14.134982999166823,PARK,FUSED_MEDIAN,33,0.9392648677669427,0.9660946634663004,1.2163092679184666,0.045329119892638776,True,True
gaussian,0,14.134982999166823,PARK,upper_arm_camera,34,1.779396242631144,1.8183673902803281,2.290182114767026,0.10678685530411698,True,True
gaussian,0,14.134982999166823,PARK,forearm_camera,34,0.7472290201187288,0.7770886959600344,1.0196477881385009,0.1171574396469963,True,True
gaussian,0,14.134982999166823,PARK,wrist_camera,34,0.627829711060629,0.6505716302006328,0.7939251908586286,0.03608335797500279,True,True
gaussian,0,14.134982999166823,PARK,FUSED_MEDIAN,34,0.8473270759261085,0.8704366124661235,1.0663374847433034,0.060476018742949965,True,True
gaussian,0,14.134982999166823,PARK,upper_arm_camera,35,0.37393785570804233,0.37901671458462005,0.43266988948752555,0.011297361057945304,True,True
gaussian,0,14.134982999166823,PARK,forearm_camera,35,1.2633429488368557,1.265390615042326,1.3350765998442673,0.016403617133245216,True,True
gaussian,0,14.134982999166823,PARK,wrist_camera,35,0.4563219937625116,0.46876477045148507,0.5428060810016322,0.06447180802063562,True,True
gaussian,0,14.134982999166823,PARK,FUSED_MEDIAN,35,0.281164170961613,0.29682292895423806,0.4009430307308003,0.021097073204949864,True,True
gaussian,0,516.9702379989758,JOINT_HUBER,upper_arm_camera,0,1.3352712042296606,1.3482028811691351,1.5138251247318175,0.08022421560643167,True,True
gaussian,0,516.9702379989758,JOINT_HUBER,forearm_camera,0,0.9343198953262103,0.9359493074523917,0.9915199964452919,0.02710525712605694,True,True
gaussian,0,516.9702379989758,JOINT_HUBER,wrist_camera,0,0.8963303589962618,0.9256620289004098,1.1758665569947435,0.0763914499516396,True,True
gaussian,0,516.9702379989758,JOINT_HUBER,FUSED_MEDIAN,0,0.7936672449908377,0.7825390039393709,0.8644228580152373,0.028675357963390564,True,True
gaussian,0,516.9702379989758,JOINT_HUBER,upper_arm_camera,1,0.9966256862988553,1.0081859318677124,1.2420032834940662,0.09473171379031911,True,True
gaussian,0,516.9702379989758,JOINT_HUBER,forearm_camera,1,0.6511003422022681,0.665300690608775,0.7567045441785248,0.058339058631259266,True,True
gaussian,0,516.9702379989758,JOINT_HUBER,wrist_camera,1,3.7070401259032075,3.7249149398514243,4.185597623562575,0.110935714536394,False,True
gaussian,0,516.9702379989758,JOINT_HUBER,FUSED_MEDIAN,1,0.9801858757732653,0.9923178162741173,1.224167008871437,0.05642567112182622,True,True
gaussian,0,516.9702379989758,JOINT_HUBER,upper_arm_camera,2,1.7318401835181558,1.7412061306852655,1.9609214492223963,0.07142289541768655,True,True
gaussian,0,516.9702379989758,JOINT_HUBER,forearm_camera,2,0.6223064068967189,0.6354142276347873,0.7507840923381129,0.05753091505130919,True,True
gaussian,0,516.9702379989758,JOINT_HUBER,wrist_camera,2,1.0881332932570318,1.1064269527621995,1.3470559444086292,0.04331502761110163,True,True
gaussian,0,516.9702379989758,JOINT_HUBER,FUSED_MEDIAN,2,0.6281710058351093,0.6484182610347593,0.8191667526040577,0.05709963000142976,True,True
gaussian,0,516.9702379989758,JOINT_HUBER,upper_arm_camera,3,0.7574559692377694,0.7969663983947469,1.0623742649732952,0.10115163023816422,True,True
gaussian,0,516.9702379989758,JOINT_HUBER,forearm_camera,3,1.3253539307757825,1.3283196179715342,1.4510794676116021,0.04070643078471733,True,True
gaussian,0,516.9702379989758,JOINT_HUBER,wrist_camera,3,0.9884443220504291,0.9952189343229335,1.0163878814741245,0.08004993513101101,True,True
gaussian,0,516.9702379989758,JOINT_HUBER,FUSED_MEDIAN,3,0.21169159099406765,0.24647417993593032,0.3771054442993091,0.03734877418335684,True,True
gaussian,0,516.9702379989758,JOINT_HUBER,upper_arm_camera,4,0.8837720098493484,0.8941729311192688,1.0327409294477754,0.03527319184426661,True,True
gaussian,0,516.9702379989758,JOINT_HUBER,forearm_camera,4,1.5210927454406211,1.5483747596893276,1.9250820857182567,0.10194264868368211,True,True
gaussian,0,516.9702379989758,JOINT_HUBER,wrist_camera,4,1.0006246841176205,1.0334542120245875,1.2965125005912261,0.12053771083004511,True,True
gaussian,0,516.9702379989758,JOINT_HUBER,FUSED_MEDIAN,4,0.705549851341308,0.7642765101976058,0.8595958903265295,0.06259410654556025,True,True
gaussian,0,516.9702379989758,JOINT_HUBER,upper_arm_camera,5,1.4302359646062306,1.442339706350824,1.671671253784406,0.07774611496349383,True,True
gaussian,0,516.9702379989758,JOINT_HUBER,forearm_camera,5,1.1774327680979702,1.193864819159713,1.382449712117702,0.041900802460482195,True,True
gaussian,0,516.9702379989758,JOINT_HUBER,wrist_camera,5,0.956278207977678,0.9878261376236916,1.219980806625147,0.10943157006954671,True,True
gaussian,0,516.9702379989758,JOINT_HUBER,FUSED_MEDIAN,5,0.9215865685499164,0.9517193068172807,1.284167543832222,0.04630818819628301,True,True
gaussian,0,516.9702379989758,JOINT_HUBER,upper_arm_camera,6,2.999326974850954,3.052019429478914,3.6594374500090137,0.14432678426551168,False,True
gaussian,0,516.9702379989758,JOINT_HUBER,forearm_camera,6,1.1849840657322248,1.1888524647183227,1.297288091487304,0.020316222057158176,True,True
gaussian,0,516.9702379989758,JOINT_HUBER,wrist_camera,6,1.35664478291359,1.3930316571527854,1.7108196389445791,0.04039705771378717,True,True
gaussian,0,516.9702379989758,JOINT_HUBER,FUSED_MEDIAN,6,0.7578483721430884,0.801552356535842,1.0211747998513583,0.04875873743605569,True,True
gaussian,0,516.9702379989758,JOINT_HUBER,upper_arm_camera,7,0.7227760174083897,0.7337198840811683,0.7880066934934897,0.07973382951985125,True,True
gaussian,0,516.9702379989758,JOINT_HUBER,forearm_camera,7,2.9204919012444828,2.934300885998308,3.334363501090388,0.14407617281946206,False,True
gaussian,0,516.9702379989758,JOINT_HUBER,wrist_camera,7,0.8715656058272897,0.8791138834483624,0.965635571152262,0.06975642616765226,True,True
gaussian,0,516.9702379989758,JOINT_HUBER,FUSED_MEDIAN,7,0.8715656058272897,0.8690955398833468,0.965635571152262,0.05586905134799683,True,True
gaussian,0,516.9702379989758,JOINT_HUBER,upper_arm_camera,8,0.9133515915585926,0.926415180770458,1.1274697374817009,0.08917728920844852,True,True
gaussian,0,516.9702379989758,JOINT_HUBER,forearm_camera,8,0.8286577957161609,0.831108351695605,0.9063395724263558,0.023224878233134027,True,True
gaussian,0,516.9702379989758,JOINT_HUBER,wrist_camera,8,4.057719395852444,4.0885717236323975,4.740177129255047,0.18271674111838374,False,True
gaussian,0,516.9702379989758,JOINT_HUBER,FUSED_MEDIAN,8,0.9250296301099233,0.9026005600492386,1.1699690257607909,0.06439418480934389,True,True
gaussian,0,516.9702379989758,JOINT_HUBER,upper_arm_camera,9,0.6852086060909537,0.7010802861308254,0.7546084761074632,0.07987733409772425,True,True
gaussian,0,516.9702379989758,JOINT_HUBER,forearm_camera,9,1.1291462242129526,1.147739443999497,1.36765297521903,0.023245139970080105,True,True
gaussian,0,516.9702379989758,JOINT_HUBER,wrist_camera,9,1.5592348106215639,1.5668805101759309,1.7045763809226204,0.05667438500521292,True,True
gaussian,0,516.9702379989758,JOINT_HUBER,FUSED_MEDIAN,9,0.6852086060909537,0.7010119438533836,0.726088623580433,0.037216295093667556,True,True
gaussian,0,516.9702379989758,JOINT_HUBER,upper_arm_camera,10,1.4681490635444978,1.489886807094277,1.7829411019915489,0.0547079883012762,True,True
gaussian,0,516.9702379989758,JOINT_HUBER,forearm_camera,10,0.3135465421770096,0.31982010502891367,0.3349194273606241,0.039713486725203404,True,True
gaussian,0,516.9702379989758,JOINT_HUBER,wrist_camera,10,0.13521033352809328,0.20225003684172366,0.33657976951227525,0.07077102984379134,True,True
gaussian,0,516.9702379989758,JOINT_HUBER,FUSED_MEDIAN,10,0.33755747208889764,0.357064295828662,0.42458437668960675,0.03213945020833147,True,True
gaussian,0,516.9702379989758,JOINT_HUBER,upper_arm_camera,11,1.2028165855778843,1.2139612244082738,1.4610522608110619,0.08433412358019181,True,True
gaussian,0,516.9702379989758,JOINT_HUBER,forearm_camera,11,1.2517147950257852,1.2618803114701935,1.4649295388974901,0.07309808643193329,True,True
gaussian,0,516.9702379989758,JOINT_HUBER,wrist_camera,11,1.744774455505183,1.774863308315594,2.121456394987172,0.09005447264147631,True,True
gaussian,0,516.9702379989758,JOINT_HUBER,FUSED_MEDIAN,11,1.1536316738320334,1.1667710898543409,1.429274026496689,0.06107827712980796,True,True
gaussian,0,516.9702379989758,JOINT_HUBER,upper_arm_camera,12,1.5914848399273105,1.6263714778478826,2.0129219155079796,0.12684968802054516,True,True
gaussian,0,516.9702379989758,JOINT_HUBER,forearm_camera,12,0.4818552514402366,0.4893728763578233,0.6108304143159625,0.038346435932701727,True,True
gaussian,0,516.9702379989758,JOINT_HUBER,wrist_camera,12,0.46580152414094883,0.4883525073978983,0.6030707505323515,0.06668775545554297,True,True
gaussian,0,516.9702379989758,JOINT_HUBER,FUSED_MEDIAN,12,0.5716154799249824,0.5811026977467971,0.7098908124009082,0.04742152352706548,True,True
gaussian,0,516.9702379989758,JOINT_HUBER,upper_arm_camera,13,1.0894559085657711,1.1118036575731691,1.3279600366099331,0.07277630274327353,True,True
gaussian,0,516.9702379989758,JOINT_HUBER,forearm_camera,13,2.4616798473784067,2.4695017979357385,2.767769879760783,0.09934023047365144,False,True
gaussian,0,516.9702379989758,JOINT_HUBER,wrist_camera,13,1.1818038385954976,1.19753395511304,1.4335233868900215,0.11545884736731085,True,True
gaussian,0,516.9702379989758,JOINT_HUBER,FUSED_MEDIAN,13,0.749252329630589,0.7642485419746313,0.8565275668241126,0.07843967048236422,True,True
gaussian,0,516.9702379989758,JOINT_HUBER,upper_arm_camera,14,0.9327300995645263,0.9379467804931994,1.025169599632684,0.017966788180502,True,True
gaussian,0,516.9702379989758,JOINT_HUBER,forearm_camera,14,0.9597876602282996,0.9621708048974058,1.039923520119848,0.019100938139831405,True,True
gaussian,0,516.9702379989758,JOINT_HUBER,wrist_camera,14,2.0469204517697865,2.0598861561389494,2.3194248403122266,0.021335729081198636,False,True
gaussian,0,516.9702379989758,JOINT_HUBER,FUSED_MEDIAN,14,0.9327300995645263,0.9379467804931994,1.025169599632684,0.007862479947435427,True,True
gaussian,0,516.9702379989758,JOINT_HUBER,upper_arm_camera,15,0.9075051742834828,0.9200735089397104,1.0704141608571993,0.061959710491627594,True,True
gaussian,0,516.9702379989758,JOINT_HUBER,forearm_camera,15,0.9985902285466286,1.0156680113425145,1.199990032321219,0.03370753749628045,True,True
gaussian,0,516.9702379989758,JOINT_HUBER,wrist_camera,15,1.4550729825663593,1.472972725938093,1.6851998010667588,0.10186610890110982,True,True
gaussian,0,516.9702379989758,JOINT_HUBER,FUSED_MEDIAN,15,0.8207243208958458,0.8226606214036188,0.9179950080196118,0.02768560815186102,True,True
gaussian,0,516.9702379989758,JOINT_HUBER,upper_arm_camera,16,1.4709574416358675,1.4915142905874943,1.7208748262095361,0.12683439846226707,True,True
gaussian,0,516.9702379989758,JOINT_HUBER,forearm_camera,16,1.0291556493081484,1.0310515700713458,1.1064153014427145,0.03962619867959224,True,True
gaussian,0,516.9702379989758,JOINT_HUBER,wrist_camera,16,1.8651976393193785,1.9072529562830978,2.46800385561068,0.23651241195404138,True,True
gaussian,0,516.9702379989758,JOINT_HUBER,FUSED_MEDIAN,16,1.0274910464564198,1.061851277052697,1.1138967373530448,0.050942140150182315,True,True
gaussian,0,516.9702379989758,JOINT_HUBER,upper_arm_camera,17,1.1833590111918462,1.207511596754339,1.5442997575373836,0.11722241795684785,True,True
gaussian,0,516.9702379989758,JOINT_HUBER,forearm_camera,17,0.9380354361352842,0.943264114685539,1.0514197377089656,0.009765030557619894,True,True
gaussian,0,516.9702379989758,JOINT_HUBER,wrist_camera,17,1.913884098054932,1.9271049826906177,2.0779246039448993,0.1061893535401441,True,True
gaussian,0,516.9702379989758,JOINT_HUBER,FUSED_MEDIAN,17,1.3364455874310108,1.3576056889420687,1.6030986188671166,0.07154745271465188,True,True
gaussian,0,516.9702379989758,JOINT_HUBER,upper_arm_camera,18,1.073425736204343,1.0987044909015045,1.343911954928927,0.1552601344578389,True,True
gaussian,0,516.9702379989758,JOINT_HUBER,forearm_camera,18,1.8540198406940411,1.8595909855885464,2.071502962056988,0.06876996662982449,True,True
gaussian,0,516.9702379989758,JOINT_HUBER,wrist_camera,18,0.44623321385263526,0.47163977837401927,0.5893789853300553,0.07708261570413734,True,True
gaussian,0,516.9702379989758,JOINT_HUBER,FUSED_MEDIAN,18,0.8906667820130922,0.9178767655051866,1.1714430843164023,0.06230217759412278,True,True
gaussian,0,516.9702379989758,JOINT_HUBER,upper_arm_camera,19,0.889782972766072,0.9047361885365803,1.1144056520629178,0.06888524950959382,True,True
gaussian,0,516.9702379989758,JOINT_HUBER,forearm_camera,19,1.0658984753924334,1.0750741313626229,1.1680540780355644,0.036859120812642664,True,True
gaussian,0,516.9702379989758,JOINT_HUBER,wrist_camera,19,2.0717130372707704,2.0781827912635995,2.2807008179383286,0.04218895653098561,False,True
gaussian,0,516.9702379989758,JOINT_HUBER,FUSED_MEDIAN,19,1.1287090183594306,1.1355081891659946,1.2296756680931429,0.0444727633736232,True,True
gaussian,0,516.9702379989758,JOINT_HUBER,upper_arm_camera,20,1.8732078341621665,1.891990071333979,2.191706729062945,0.11967324945719575,True,True
gaussian,0,516.9702379989758,JOINT_HUBER,forearm_camera,20,1.04827862559575,1.0634894415264755,1.1143186723922132,0.10124543620391208,True,True
gaussian,0,516.9702379989758,JOINT_HUBER,wrist_camera,20,1.7281517424061636,1.7765390685782159,2.210885844549417,0.20331309630579295,True,True
gaussian,0,516.9702379989758,JOINT_HUBER,FUSED_MEDIAN,20,0.5289539135521028,0.5380427749224482,0.7372408325724954,0.02717078704742861,True,True
gaussian,0,516.9702379989758,JOINT_HUBER,upper_arm_camera,21,2.131851685452114,2.1948353414182145,2.9151605678976287,0.26532081198948804,False,True
gaussian,0,516.9702379989758,JOINT_HUBER,forearm_camera,21,1.986401517731145,2.0356230311481402,2.545308806977786,0.07385128986658239,True,True
gaussian,0,516.9702379989758,JOINT_HUBER,wrist_camera,21,1.226619857637584,1.2619535249834313,1.647348685147324,0.1209020857948683,True,True
gaussian,0,516.9702379989758,JOINT_HUBER,FUSED_MEDIAN,21,1.143877836636316,1.1644416349486841,1.3881224723607772,0.07342040181215347,True,True
gaussian,0,516.9702379989758,JOINT_HUBER,upper_arm_camera,22,0.5710732344870119,0.582162945140502,0.6702088036571574,0.07757395782382163,True,True
gaussian,0,516.9702379989758,JOINT_HUBER,forearm_camera,22,4.14956389419574,4.177617049638788,4.833770438393448,0.25614466210475817,False,True
gaussian,0,516.9702379989758,JOINT_HUBER,wrist_camera,22,1.2533478998826608,1.2861427284939222,1.553727633458037,0.12475612720090468,True,True
gaussian,0,516.9702379989758,JOINT_HUBER,FUSED_MEDIAN,22,1.2533478998826608,1.2822620800104225,1.553727633458037,0.09607994273963964,True,True
gaussian,0,516.9702379989758,JOINT_HUBER,upper_arm_camera,23,2.624461094915882,2.6437605357805642,2.9805890431923614,0.12318139646567093,False,True
gaussian,0,516.9702379989758,JOINT_HUBER,forearm_camera,23,1.4141254917856059,1.4185571711366864,1.5403559903755117,0.04449429789329944,True,True
gaussian,0,516.9702379989758,JOINT_HUBER,wrist_camera,23,2.8383702556388264,2.8563793126689814,3.2472991520070726,0.0724333303286535,False,True
gaussian,0,516.9702379989758,JOINT_HUBER,FUSED_MEDIAN,23,1.3885594206202618,1.4038202045724357,1.61983723131873,0.03695169944826662,True,True
gaussian,0,516.9702379989758,JOINT_HUBER,upper_arm_camera,24,1.6565698614245299,1.6664121756621673,1.8516364984690825,0.040664082953497195,True,True
gaussian,0,516.9702379989758,JOINT_HUBER,forearm_camera,24,1.1607902472025171,1.1632387446779626,1.2496425343664193,0.04587086759263011,True,True
gaussian,0,516.9702379989758,JOINT_HUBER,wrist_camera,24,3.647824411642915,3.6711058134972467,3.996604474125037,0.24620425654658454,False,True
gaussian,0,516.9702379989758,JOINT_HUBER,FUSED_MEDIAN,24,0.9558886756465047,0.9591134899587996,1.0421068083702825,0.054001547588684286,True,True
gaussian,0,516.9702379989758,JOINT_HUBER,upper_arm_camera,25,0.4302256569545402,0.442741320999871,0.5897286209762821,0.06080503461512179,True,True
gaussian,0,516.9702379989758,JOINT_HUBER,forearm_camera,25,1.0533713110313885,1.0683664207567916,1.2289554080918674,0.047508243079601956,True,True
gaussian,0,516.9702379989758,JOINT_HUBER,wrist_camera,25,0.5699950202743386,0.6359461244796881,0.9124749121614382,0.03790051710625895,True,True
gaussian,0,516.9702379989758,JOINT_HUBER,FUSED_MEDIAN,25,0.2589055868570156,0.27782048414282146,0.3685120299697926,0.019170175223847858,True,True
gaussian,0,516.9702379989758,JOINT_HUBER,upper_arm_camera,26,1.2623612291601316,1.2751593340938752,1.4969741532076117,0.07164760540590824,True,True
gaussian,0,516.9702379989758,JOINT_HUBER,forearm_camera,26,0.9410392498829298,0.9595807553201321,1.2448941174098913,0.11111031260980883,True,True
gaussian,0,516.9702379989758,JOINT_HUBER,wrist_camera,26,0.4980116295205798,0.5122349671000678,0.5470302895212582,0.07177066631666751,True,True
gaussian,0,516.9702379989758,JOINT_HUBER,FUSED_MEDIAN,26,0.4980116295205798,0.48121850270603406,0.5254084779017056,0.019776017893762515,True,True
gaussian,0,516.9702379989758,JOINT_HUBER,upper_arm_camera,27,3.05313960397669,3.1026371541607944,3.7673360015985846,0.19921866704264582,False,True
gaussian,0,516.9702379989758,JOINT_HUBER,forearm_camera,27,0.9998515988164374,1.0049668430407097,1.1163989382788937,0.05223432334853437,True,True
gaussian,0,516.9702379989758,JOINT_HUBER,wrist_camera,27,0.918460570656984,0.9282268766117504,1.0807828857462414,0.06267340386541527,True,True
gaussian,0,516.9702379989758,JOINT_HUBER,FUSED_MEDIAN,27,1.2290114061830733,1.2356955800347205,1.4016090485849777,0.07202174723877952,True,True
gaussian,0,516.9702379989758,JOINT_HUBER,upper_arm_camera,28,2.3121903932611705,2.3500001306069,2.8820770110486507,0.18084181922709627,False,True
gaussian,0,516.9702379989758,JOINT_HUBER,forearm_camera,28,1.2428244234211125,1.2535099119812791,1.4088664716828316,0.0715843665242158,True,True
gaussian,0,516.9702379989758,JOINT_HUBER,wrist_camera,28,0.9413778080463205,0.9859662620601614,1.2396569749168864,0.13466030917901708,True,True
gaussian,0,516.9702379989758,JOINT_HUBER,FUSED_MEDIAN,28,1.0246642323651913,1.0748669298236961,1.3334004655468765,0.127196117678,True,True
gaussian,0,516.9702379989758,JOINT_HUBER,upper_arm_camera,29,0.6687950008568584,0.6835662077816786,0.7483434940528171,0.09383725064059156,True,True
gaussian,0,516.9702379989758,JOINT_HUBER,forearm_camera,29,0.9017415027240671,0.907523240441726,0.967749741491287,0.018097039908193408,True,True
gaussian,0,516.9702379989758,JOINT_HUBER,wrist_camera,29,0.47705075180769096,0.5553704061258358,0.67506644231624,0.09122805073959937,True,True
gaussian,0,516.9702379989758,JOINT_HUBER,FUSED_MEDIAN,29,0.4680139165486857,0.48704592938968955,0.6563539691517537,0.022106001197879668,True,True
gaussian,0,516.9702379989758,JOINT_HUBER,upper_arm_camera,30,1.6192159644136235,1.6338268091415455,1.9720913871782644,0.11361017458731423,True,True
gaussian,0,516.9702379989758,JOINT_HUBER,forearm_camera,30,2.296751188319053,2.337807761456996,2.8587135245901054,0.10800398377048197,False,True
gaussian,0,516.9702379989758,JOINT_HUBER,wrist_camera,30,0.7366883462263023,0.7587189797579379,0.9277626947495274,0.054827860038689474,True,True
gaussian,0,516.9702379989758,JOINT_HUBER,FUSED_MEDIAN,30,1.0540536849636126,1.0790461478999755,1.3501072594449943,0.08105857718265058,True,True
gaussian,0,516.9702379989758,JOINT_HUBER,upper_arm_camera,31,1.5843473468874414,1.6010954442290672,1.9437453546383083,0.10467251421423192,True,True
gaussian,0,516.9702379989758,JOINT_HUBER,forearm_camera,31,0.46720512378163903,0.4751964585036534,0.51425694406263,0.045417222555479336,True,True
gaussian,0,516.9702379989758,JOINT_HUBER,wrist_camera,31,1.124522705855618,1.1320760118238529,1.2362679209456147,0.05479068603371443,True,True
gaussian,0,516.9702379989758,JOINT_HUBER,FUSED_MEDIAN,31,0.6305310635632426,0.6499173050231581,0.8048866796373217,0.02890097749973331,True,True
gaussian,0,516.9702379989758,JOINT_HUBER,upper_arm_camera,32,1.8713366059362146,1.8972072430077753,2.3295247293761068,0.1432162964316854,True,True
gaussian,0,516.9702379989758,JOINT_HUBER,forearm_camera,32,0.6011298592690117,0.60662108849604,0.7107035021165325,0.027899696167487286,True,True
gaussian,0,516.9702379989758,JOINT_HUBER,wrist_camera,32,0.6101022700722495,0.6233455215575553,0.7229482574028421,0.0571805690939991,True,True
gaussian,0,516.9702379989758,JOINT_HUBER,FUSED_MEDIAN,32,0.5597471378062939,0.5817217753043539,0.714449628886195,0.05777708077101495,True,True
gaussian,0,516.9702379989758,JOINT_HUBER,upper_arm_camera,33,1.941016837932206,1.9742079947309716,2.3634064835906505,0.10061257899384757,True,True
gaussian,0,516.9702379989758,JOINT_HUBER,forearm_camera,33,1.523890334845512,1.5310992043742226,1.6915687138741853,0.06947846817028695,True,True
gaussian,0,516.9702379989758,JOINT_HUBER,wrist_camera,33,2.803854097555785,2.8711610396886638,3.5091184145781047,0.1718257558076173,False,True
gaussian,0,516.9702379989758,JOINT_HUBER,FUSED_MEDIAN,33,1.898851374903684,1.8928573948247496,2.3451286746530364,0.06391186012588022,True,True
gaussian,0,516.9702379989758,JOINT_HUBER,upper_arm_camera,34,2.126039032766365,2.154724871394067,2.6352247809823495,0.14883029039798185,False,True
gaussian,0,516.9702379989758,JOINT_HUBER,forearm_camera,34,0.9801929903843268,1.003066199990922,1.200531985753351,0.1256335290590379,True,True
gaussian,0,516.9702379989758,JOINT_HUBER,wrist_camera,34,0.6673958096954158,0.7053243049906367,0.9326415760742921,0.06698048165275704,True,True
gaussian,0,516.9702379989758,JOINT_HUBER,FUSED_MEDIAN,34,0.6867690912021095,0.7837996094779259,1.0060944666881437,0.08238149244179163,True,True
gaussian,0,516.9702379989758,JOINT_HUBER,upper_arm_camera,35,0.730649939263741,0.7398843235413582,0.9263245237087441,0.06430592022432337,True,True
gaussian,0,516.9702379989758,JOINT_HUBER,forearm_camera,35,1.712010366538707,1.714795254204988,1.8256893117457078,0.019455105120901553,True,True
gaussian,0,516.9702379989758,JOINT_HUBER,wrist_camera,35,0.28855657554608044,0.3338941126966143,0.4679864177275823,0.09487295987842997,True,True
gaussian,0,516.9702379989758,JOINT_HUBER,FUSED_MEDIAN,35,0.2267615255271804,0.27854290177132884,0.4488343944864039,0.04827825881451438,True,True
outliers,0,13.898196000809548,PARK,upper_arm_camera,0,2.198780513125376,2.2011242816827634,2.289839375712572,0.028885971292556784,False,True
outliers,0,13.898196000809548,PARK,forearm_camera,0,2.161772658567965,2.1936137579497337,2.7348176693605084,0.22841752633975643,False,True
outliers,0,13.898196000809548,PARK,wrist_camera,0,4.618233248677602,4.620426641009006,4.749158161646211,0.04721831824752581,False,True
outliers,0,13.898196000809548,PARK,FUSED_MEDIAN,0,2.3724478032017577,2.3742366606127336,2.4556214732621413,0.08234172277080831,False,True
outliers,0,13.898196000809548,PARK,upper_arm_camera,1,1.0845940736817348,1.1033914724647342,1.307402579262232,0.07028832297079898,True,True
outliers,0,13.898196000809548,PARK,forearm_camera,1,1.648964057308661,1.7244307214650987,2.32974848721219,0.2351149102966319,True,True
outliers,0,13.898196000809548,PARK,wrist_camera,1,4.715899790311119,4.727135173348058,5.017257806733715,0.17879471194311683,False,True
outliers,0,13.898196000809548,PARK,FUSED_MEDIAN,1,1.656235105678275,1.656294274016518,2.055005203596263,0.1288204839718035,True,True
outliers,0,13.898196000809548,PARK,upper_arm_camera,2,2.1261027680116165,2.1300106248066473,2.2442678280594253,0.015457659835844836,False,True
outliers,0,13.898196000809548,PARK,forearm_camera,2,1.802245894906421,1.8515078816330037,2.2592176551363994,0.25107405835186575,True,True
outliers,0,13.898196000809548,PARK,wrist_camera,2,4.414627878607778,4.420018931360395,4.630611864161914,0.0801344114650283,False,True
outliers,0,13.898196000809548,PARK,FUSED_MEDIAN,2,2.171844151407343,2.173029468365436,2.4032690999722948,0.08549910216767109,False,True
outliers,0,13.898196000809548,PARK,upper_arm_camera,3,0.9857738632743365,1.0005304723905872,1.0202088114794485,0.02255447126516901,True,True
outliers,0,13.898196000809548,PARK,forearm_camera,3,2.954511291724502,2.993701788898248,3.503710129173072,0.10950777416387691,False,True
outliers,0,13.898196000809548,PARK,wrist_camera,3,3.421418696495742,3.4283596987808065,3.63237174351043,0.05487019985308913,False,True
outliers,0,13.898196000809548,PARK,FUSED_MEDIAN,3,0.9857738632743365,1.0008094256735287,1.0202088114794485,0.055757185857186586,True,True
outliers,0,13.898196000809548,PARK,upper_arm_camera,4,1.1116644407334841,1.1254433401714559,1.1827216296038128,0.09054495840434786,True,True
outliers,0,13.898196000809548,PARK,forearm_camera,4,2.5053881595007472,2.5952406182054815,3.261357465727102,0.10611188277683324,False,True
outliers,0,13.898196000809548,PARK,wrist_camera,4,5.446066327364959,5.47196315740145,5.592215738081381,0.265582269222759,False,False
outliers,0,13.898196000809548,PARK,FUSED_MEDIAN,4,2.490809299633329,2.5516611508140126,3.158284013115301,0.13958047168149412,False,True
outliers,0,13.898196000809548,PARK,upper_arm_camera,5,1.8585417831023825,1.8614739078770188,1.9516057428486961,0.024005799196189066,True,True
outliers,0,13.898196000809548,PARK,forearm_camera,5,3.0322782258605816,3.1019295249251924,3.806751256639757,0.14875004629755248,False,True
outliers,0,13.898196000809548,PARK,wrist_camera,5,4.1302769553436045,4.1425208235863575,4.504367913024388,0.11032778325798259,False,True
outliers,0,13.898196000809548,PARK,FUSED_MEDIAN,5,2.4010040737026794,2.40173045240015,2.7600185235233208,0.07340662942017151,False,True
outliers,0,13.898196000809548,PARK,upper_arm_camera,6,1.465020298818588,1.490318514268844,1.6456588980317224,0.05728539549650408,True,True
outliers,0,13.898196000809548,PARK,forearm_camera,6,2.482035759190112,2.5225118310130545,2.947518737740833,0.17586203878222745,False,True
outliers,0,13.898196000809548,PARK,wrist_camera,6,6.304686614874914,6.331862570704563,6.935822071499963,0.12454782197470757,False,False
outliers,0,13.898196000809548,PARK,FUSED_MEDIAN,6,2.8102276599417864,2.8356955726382114,3.3306409029020436,0.08506042965910829,False,True
outliers,0,13.898196000809548,PARK,upper_arm_camera,7,1.4897990365752487,1.493454458668897,1.545321016072228,0.04100940678248009,True,True
outliers,0,13.898196000809548,PARK,forearm_camera,7,3.9938063797997168,4.029382429707599,4.741847126535433,0.25823332838766544,False,True
outliers,0,13.898196000809548,PARK,wrist_camera,7,3.301446283487434,3.3086490893347404,3.5148354818835745,0.09315631053448976,False,True
outliers,0,13.898196000809548,PARK,FUSED_MEDIAN,7,1.473730196214833,1.5202666270472966,1.6525498673300656,0.10185808368202359,True,True
outliers,0,13.898196000809548,PARK,upper_arm_camera,8,1.3070209526870915,1.3109844568889926,1.3575856841301783,0.026932555793238777,True,True
outliers,0,13.898196000809548,PARK,forearm_camera,8,4.194695284489665,4.2282111776031135,4.735527039699255,0.08824177966273619,False,True
outliers,0,13.898196000809548,PARK,wrist_camera,8,2.610001446594921,2.6276758505943003,2.9765595598023014,0.18040229863477875,False,True
outliers,0,13.898196000809548,PARK,FUSED_MEDIAN,8,1.7971656745158784,1.7723717494465188,1.9075347200963888,0.03764192648257914,True,True
outliers,0,13.898196000809548,PARK,upper_arm_camera,9,1.8724086773860666,1.8755833744105586,1.94493016781,0.04707992976727046,True,True
outliers,0,13.898196000809548,PARK,forearm_camera,9,2.930993886945619,3.010288521285196,3.7640373446731727,0.1065621329865883,False,True
outliers,0,13.898196000809548,PARK,wrist_camera,9,4.53834667925881,4.545314249717698,4.763089400612614,0.022215952235411715,False,True
outliers,0,13.898196000809548,PARK,FUSED_MEDIAN,9,1.1550539232964192,1.1889581737024875,1.3330707379400508,0.012494828050339043,True,True
outliers,0,13.898196000809548,PARK,upper_arm_camera,10,1.232301157275927,1.2391312544085369,1.288760113791631,0.06913806132204386,True,True
outliers,0,13.898196000809548,PARK,forearm_camera,10,2.651983405480791,2.7001308313059376,3.316061028238297,0.20448124224468558,False,True
outliers,0,13.898196000809548,PARK,wrist_camera,10,5.2941960623326665,5.297992482131539,5.559555597904633,0.09530186140275711,False,False
outliers,0,13.898196000809548,PARK,FUSED_MEDIAN,10,2.026097804506719,2.0713598212253497,2.5717626237320856,0.09160646038764478,False,True
outliers,0,13.898196000809548,PARK,upper_arm_camera,11,1.1635614382967783,1.1723441415730889,1.326779108677945,0.012896329152612936,True,True
outliers,0,13.898196000809548,PARK,forearm_camera,11,3.730398944614326,3.778024409122902,4.4309178550313835,0.14632230790672196,False,True
outliers,0,13.898196000809548,PARK,wrist_camera,11,3.8336831403273948,3.8366293341817093,3.881054423636675,0.07242092140689116,False,True
outliers,0,13.898196000809548,PARK,FUSED_MEDIAN,11,1.2466725642252996,1.2816744160064517,1.5365688687134582,0.06508106562908832,True,True
outliers,0,13.898196000809548,PARK,upper_arm_camera,12,1.6297907276419323,1.653383219050797,1.893287038754475,0.13676860943365798,True,True
outliers,0,13.898196000809548,PARK,forearm_camera,12,1.3314468806506803,1.441603539785356,1.9254719384863046,0.0697015873673528,True,True
outliers,0,13.898196000809548,PARK,wrist_camera,12,4.236156618023369,4.237845951060589,4.374191734508062,0.07692779679817133,False,True
outliers,0,13.898196000809548,PARK,FUSED_MEDIAN,12,1.5812836163877786,1.694098697465426,2.352011181861277,0.028040339058480985,True,True
outliers,0,13.898196000809548,PARK,upper_arm_camera,13,1.432964663779668,1.4345424661724426,1.4731038315798224,0.030565781865071494,True,True
outliers,0,13.898196000809548,PARK,forearm_camera,13,5.299311957576733,5.327741545599475,6.120434922475279,0.22238559407451858,False,False
outliers,0,13.898196000809548,PARK,wrist_camera,13,5.123065517020069,5.1251424892388195,5.284102459209641,0.02865835563100251,False,False
outliers,0,13.898196000809548,PARK,FUSED_MEDIAN,13,1.8303521891714796,1.8309960707988624,1.8913452641172552,0.06220878965410871,True,True
outliers,0,13.898196000809548,PARK,upper_arm_camera,14,2.0535761999586546,2.075265130101093,2.403946285835126,0.11462250295180668,False,True
outliers,0,13.898196000809548,PARK,forearm_camera,14,4.4381213170199025,4.467943371311315,4.952083031328061,0.1510591139701282,False,True
outliers,0,13.898196000809548,PARK,wrist_camera,14,5.611602048975889,5.618222301920128,5.814693193991591,0.14929460517341425,False,False
outliers,0,13.898196000809548,PARK,FUSED_MEDIAN,14,1.8427625782880857,1.8630937043919078,2.0828283222898487,0.03809094316407401,True,True
outliers,0,13.898196000809548,PARK,upper_arm_camera,15,1.6586490219778225,1.6768504351597906,2.014138039657491,0.14174532187843855,True,True
outliers,0,13.898196000809548,PARK,forearm_camera,15,3.4642633207679814,3.479210695828387,3.752100116162183,0.15906496632742445,False,True
outliers,0,13.898196000809548,PARK,wrist_camera,15,4.963454563857342,4.965513084164525,5.150169287499454,0.04577698855650471,False,True
outliers,0,13.898196000809548,PARK,FUSED_MEDIAN,15,2.1934833767116726,2.208728428079687,2.5371175195954025,0.019692416175115468,False,True
outliers,0,13.898196000809548,PARK,upper_arm_camera,16,3.11754862777912,3.1429108565001305,3.559377667915699,0.11967938641349647,False,True
outliers,0,13.898196000809548,PARK,forearm_camera,16,0.9021701005491123,0.9752786166351326,1.0854135343773257,0.23898484699824837,True,True
outliers,0,13.898196000809548,PARK,wrist_camera,16,5.161925202680794,5.175713500989597,5.4876395427658995,0.13811814302125763,False,False
outliers,0,13.898196000809548,PARK,FUSED_MEDIAN,16,1.3756324676138643,1.4701303704037054,1.7474208440596815,0.08833587021724959,True,True
outliers,0,13.898196000809548,PARK,upper_arm_camera,17,0.9127093013131736,0.918671102937712,1.0013192616814905,0.06792815430601619,True,True
outliers,0,13.898196000809548,PARK,forearm_camera,17,3.1628986363805063,3.204913789259745,3.756940505473098,0.17864496619426823,False,True
outliers,0,13.898196000809548,PARK,wrist_camera,17,4.8382680391560084,4.849090705363361,5.0928435231465325,0.2026908873294889,False,True
outliers,0,13.898196000809548,PARK,FUSED_MEDIAN,17,2.6482925159624693,2.6574251113301712,2.9260970403307303,0.10415512886329906,False,True
outliers,0,13.898196000809548,PARK,upper_arm_camera,18,2.0099157030188652,2.039951812207584,2.4343212498126334,0.08855391468936892,False,True
outliers,0,13.898196000809548,PARK,forearm_camera,18,0.7223404657918433,0.7898730483592488,1.0688453488613936,0.16027021318323634,True,True
outliers,0,13.898196000809548,PARK,wrist_camera,18,3.472564708446304,3.4768351456619935,3.6434667166240366,0.06820379886638264,False,True
outliers,0,13.898196000809548,PARK,FUSED_MEDIAN,18,1.2783015458977574,1.312571365228397,1.6986367851344224,0.09225619136829472,True,True
outliers,0,13.898196000809548,PARK,upper_arm_camera,19,1.2779962326066094,1.2820682441590676,1.3877914620825929,0.050170879383009584,True,True
outliers,0,13.898196000809548,PARK,forearm_camera,19,1.716119512014448,1.7632504730030691,2.0304154483160897,0.1772058815324154,True,True
outliers,0,13.898196000809548,PARK,wrist_camera,19,3.7298170063913143,3.736558394751278,3.851029277678538,0.1260528741447806,False,True
outliers,0,13.898196000809548,PARK,FUSED_MEDIAN,19,1.4044489186141933,1.4065518851222705,1.5369566961275019,0.10573370364670096,True,True
outliers,0,13.898196000809548,PARK,upper_arm_camera,20,2.3141390295120754,2.3204139746580665,2.5093871977811593,0.03491290244323846,False,True
outliers,0,13.898196000809548,PARK,forearm_camera,20,2.168216455966244,2.2056962187787845,2.6156950900735425,0.07670818742508977,False,True
outliers,0,13.898196000809548,PARK,wrist_camera,20,4.640555577780668,4.648758365550298,4.809512436752447,0.0864122226044734,False,True
outliers,0,13.898196000809548,PARK,FUSED_MEDIAN,20,2.354215066944267,2.3612637940508976,2.5311241737279153,0.0317551948881805,False,True
outliers,0,13.898196000809548,PARK,upper_arm_camera,21,3.118799556574703,3.1646171631376085,3.6797214573072488,0.21310790278939298,False,True
outliers,0,13.898196000809548,PARK,forearm_camera,21,4.64168296133467,4.737709803777092,5.707053003504376,0.15222743697174454,False,True
outliers,0,13.898196000809548,PARK,wrist_camera,21,4.5481631238420075,4.549277979705324,4.674355050307929,0.021820748118551666,False,True
outliers,0,13.898196000809548,PARK,FUSED_MEDIAN,21,3.5227991396516676,3.6260418429082364,4.468451596489833,0.09993470112817403,False,True
outliers,0,13.898196000809548,PARK,upper_arm_camera,22,1.618386915610466,1.6219378258747719,1.747966842679508,0.05571130797273316,True,True
outliers,0,13.898196000809548,PARK,forearm_camera,22,6.20362089135556,6.2431276582478725,6.967153680336247,0.3238189392298612,False,False
outliers,0,13.898196000809548,PARK,wrist_camera,22,5.519321032757029,5.520436676191269,5.630525190452647,0.059595269994246455,False,False
outliers,0,13.898196000809548,PARK,FUSED_MEDIAN,22,2.0118244888315258,2.021130728927404,2.2509762878717408,0.08587654533940976,False,True
outliers,0,13.898196000809548,PARK,upper_arm_camera,23,3.4953717049876882,3.5256322832288114,4.010906078774021,0.0576328537170813,False,True
outliers,0,13.898196000809548,PARK,forearm_camera,23,2.860948669572688,2.9043007631639717,3.524358188834022,0.1937956095861825,False,True
outliers,0,13.898196000809548,PARK,wrist_camera,23,1.2317856392428088,1.348793750348728,1.7451851656820518,0.21855514116031788,True,True
outliers,0,13.898196000809548,PARK,FUSED_MEDIAN,23,2.1354312826464668,2.1759850405996177,2.447427421176193,0.03694173445183728,False,True
outliers,0,13.898196000809548,PARK,upper_arm_camera,24,1.676119368363131,1.680248039437879,1.7233184549904736,0.02220075813294134,True,True
outliers,0,13.898196000809548,PARK,forearm_camera,24,2.4707634647251586,2.5122932918574614,2.8125908599693092,0.20067551135688524,False,True
outliers,0,13.898196000809548,PARK,wrist_camera,24,9.18881541153257,9.198313167676778,9.841200590162355,0.25958564395868355,False,False
outliers,0,13.898196000809548,PARK,FUSED_MEDIAN,24,1.676119368363131,1.6738296631183653,1.7233184549904736,0.08839583028281328,True,True
outliers,0,13.898196000809548,PARK,upper_arm_camera,25,0.8949841445843901,0.9243769087533916,1.015146472207732,0.15431975208643228,True,True
outliers,0,13.898196000809548,PARK,forearm_camera,25,1.0747240941280383,1.2115475549906696,1.5411321516509233,0.17229402312798583,True,True
outliers,0,13.898196000809548,PARK,wrist_camera,25,4.494595417662893,4.495490140517606,4.5781305722436665,0.018311832977552525,False,True
outliers,0,13.898196000809548,PARK,FUSED_MEDIAN,25,0.8949841445843901,0.9074671961764464,0.9282861307526148,0.006476442023825449,True,True
outliers,0,13.898196000809548,PARK,upper_arm_camera,26,1.899799790395156,1.9063066028957638,2.0636345563257468,0.023216667894654784,True,True
outliers,0,13.898196000809548,PARK,forearm_camera,26,1.4456529528043245,1.5331955774636927,2.0617847555534983,0.1777954655606888,True,True
outliers,0,13.898196000809548,PARK,wrist_camera,26,3.2313510073213783,3.2385671364389332,3.4182531508584217,0.06588912227778884,False,True
outliers,0,13.898196000809548,PARK,FUSED_MEDIAN,26,1.4456529528043245,1.509549868789856,2.0617847555534983,0.07926059688539482,True,True
outliers,0,13.898196000809548,PARK,upper_arm_camera,27,3.339792810473088,3.4103509674432564,4.164785832689595,0.16441596154690055,False,True
outliers,0,13.898196000809548,PARK,forearm_camera,27,3.608883194868542,3.6357964294597718,4.220252200492189,0.17921024859306667,False,True
outliers,0,13.898196000809548,PARK,wrist_camera,27,5.583425884630629,5.587875228966433,5.874407509736363,0.09558534941647406,False,False
outliers,0,13.898196000809548,PARK,FUSED_MEDIAN,27,3.339792810473088,3.4186205937097967,4.164785832689595,0.08280813058918943,False,True
outliers,0,13.898196000809548,PARK,upper_arm_camera,28,1.8753090922546156,1.8870818105524354,2.106448560941563,0.0956417574617878,True,True
outliers,0,13.898196000809548,PARK,forearm_camera,28,2.8422074523362504,2.911099074970583,3.650966985682134,0.2369214303407557,False,True
outliers,0,13.898196000809548,PARK,wrist_camera,28,4.38739486018877,4.393487067666881,4.6859339615542,0.1425859730149021,False,True
outliers,0,13.898196000809548,PARK,FUSED_MEDIAN,28,2.2631962354197936,2.2675179012849975,2.6192960011611515,0.13227097785501926,False,True
outliers,0,13.898196000809548,PARK,upper_arm_camera,29,2.3669654920221426,2.3818650290263808,2.6263623369098426,0.0877379754788732,False,True
outliers,0,13.898196000809548,PARK,forearm_camera,29,2.1160258323536967,2.1644779407173576,2.7149064926564854,0.21008568810043063,False,True
outliers,0,13.898196000809548,PARK,wrist_camera,29,3.3068420117681914,3.311355180285944,3.41216525877594,0.06290951138876719,False,True
outliers,0,13.898196000809548,PARK,FUSED_MEDIAN,29,1.6103683728776077,1.6271497780672683,1.8244098045915513,0.023223956023990504,True,True
outliers,0,13.898196000809548,PARK,upper_arm_camera,30,2.518466213600469,2.5326386161147956,2.82465054215623,0.0654657242395919,False,True
outliers,0,13.898196000809548,PARK,forearm_camera,30,3.85221284261005,3.8912525696273605,4.626313238564192,0.27125775711706,False,True
outliers,0,13.898196000809548,PARK,wrist_camera,30,3.427686440980596,3.433366989079149,3.5408420707869785,0.10104516733559141,False,True
outliers,0,13.898196000809548,PARK,FUSED_MEDIAN,30,1.445291834157252,1.5035881774983038,1.698355603359411,0.05573314196196136,True,True
outliers,0,13.898196000809548,PARK,upper_arm_camera,31,1.951165033766521,1.9580716061184444,2.152002313161161,0.041893371307791555,True,True
outliers,0,13.898196000809548,PARK,forearm_camera,31,3.033631990080419,3.0777718662892664,3.616605242539626,0.16596453141144243,False,True
outliers,0,13.898196000809548,PARK,wrist_camera,31,6.305147204644831,6.313685313027315,6.680219338063265,0.10876517219718532,False,False
outliers,0,13.898196000809548,PARK,FUSED_MEDIAN,31,3.095883519865465,3.1111121457252526,3.4525873110297454,0.10437242494011216,False,True
outliers,0,13.898196000809548,PARK,upper_arm_camera,32,0.7800548317651037,0.7863189551628144,0.8525924640981889,0.06798713179803793,True,True
outliers,0,13.898196000809548,PARK,forearm_camera,32,3.726824377369627,3.765039572842559,4.366853057644323,0.17735170551322244,False,True
outliers,0,13.898196000809548,PARK,wrist_camera,32,2.614086420781898,2.621353759649756,2.8243510809232832,0.08260951375997913,False,True
outliers,0,13.898196000809548,PARK,FUSED_MEDIAN,32,2.290865272130485,2.2386164169365372,2.474412407386851,0.053023213231539634,False,True
outliers,0,13.898196000809548,PARK,upper_arm_camera,33,1.145346964195879,1.1515232375194016,1.2525496098810553,0.039215732232904525,True,True
outliers,0,13.898196000809548,PARK,forearm_camera,33,1.2023822154710055,1.248078720947099,1.4757319375237263,0.19529334200493395,True,True
outliers,0,13.898196000809548,PARK,wrist_camera,33,5.181573974683631,5.191954722098043,5.5732594079789815,0.04419535499658561,False,False
outliers,0,13.898196000809548,PARK,FUSED_MEDIAN,33,1.1187904704929503,1.1178288547178294,1.3021252910250767,0.05253076259012602,True,True
outliers,0,13.898196000809548,PARK,upper_arm_camera,34,2.672010952653633,2.710498914806581,3.2582100732700114,0.14111340944085793,False,True
outliers,0,13.898196000809548,PARK,forearm_camera,34,1.0020306883994108,1.0418460869817847,1.2987060208631152,0.04341284378757624,True,True
outliers,0,13.898196000809548,PARK,wrist_camera,34,4.432658697951397,4.43487149537372,4.528283727724004,0.09158878021471727,False,True
outliers,0,13.898196000809548,PARK,FUSED_MEDIAN,34,1.0020306883994108,1.0418460869817847,1.2987060208631152,0.07202862095931703,True,True
outliers,0,13.898196000809548,PARK,upper_arm_camera,35,1.1832250399533348,1.1907154533085815,1.313505748566664,0.06358599200310225,True,True
outliers,0,13.898196000809548,PARK,forearm_camera,35,4.79790715330853,4.83098337201558,5.425863360470206,0.1125865252619157,False,True
outliers,0,13.898196000809548,PARK,wrist_camera,35,5.193223091766568,5.197134917415168,5.352243907969462,0.09060194224168445,False,False
outliers,0,13.898196000809548,PARK,FUSED_MEDIAN,35,2.0237419449635907,2.0289381803026583,2.241341750577497,0.06031395579478504,False,True
outliers,0,406.26987799987546,JOINT_HUBER,upper_arm_camera,0,1.3928555936399774,1.3999051318277353,1.5916679908396307,0.05012943915850438,True,True
outliers,0,406.26987799987546,JOINT_HUBER,forearm_camera,0,0.6287299605474417,0.6353173912641015,0.6923060570372345,0.05245319820630172,True,True
outliers,0,406.26987799987546,JOINT_HUBER,wrist_camera,0,0.8174417163567772,0.8313284511912367,0.9919813989567937,0.05330656373215715,True,True
outliers,0,406.26987799987546,JOINT_HUBER,FUSED_MEDIAN,0,0.8184863102967341,0.8323554917941639,0.9930885491026566,0.012498155322502277,True,True
outliers,0,406.26987799987546,JOINT_HUBER,upper_arm_camera,1,1.5321101900796061,1.5467898818079564,1.7215262735080543,0.11116123791347286,True,True
outliers,0,406.26987799987546,JOINT_HUBER,forearm_camera,1,0.9137768849236999,0.9230536238318611,1.0852367245551995,0.07056958082182622,True,True
outliers,0,406.26987799987546,JOINT_HUBER,wrist_camera,1,4.004000855000821,4.0281264623977995,4.676205840613824,0.21279327319455582,False,True
outliers,0,406.26987799987546,JOINT_HUBER,FUSED_MEDIAN,1,0.9137768849236999,0.9094584473552834,1.0586430227121564,0.0956059722334053,True,True
outliers,0,406.26987799987546,JOINT_HUBER,upper_arm_camera,2,1.6992920697122138,1.7072361877013045,1.87284938755945,0.05951575931799289,True,True
outliers,0,406.26987799987546,JOINT_HUBER,forearm_camera,2,0.921882892902719,0.942055306067977,1.187124853269011,0.09359989877313854,True,True
outliers,0,406.26987799987546,JOINT_HUBER,wrist_camera,2,0.6032043194840176,0.6177347857682379,0.7250166105525154,0.07702531665117024,True,True
outliers,0,406.26987799987546,JOINT_HUBER,FUSED_MEDIAN,2,0.7951866263911604,0.8263829682974411,1.079984039355233,0.043185218722372035,True,True
outliers,0,406.26987799987546,JOINT_HUBER,upper_arm_camera,3,1.0992999906921603,1.108636502468257,1.3086587746870202,0.05867958051177736,True,True
outliers,0,406.26987799987546,JOINT_HUBER,forearm_camera,3,0.3058791915915792,0.3163339478368568,0.3907360028433053,0.0023526654203053486,True,True
outliers,0,406.26987799987546,JOINT_HUBER,wrist_camera,3,1.4277445697681288,1.4341026969670212,1.613858268318352,0.06404261025827349,True,True
outliers,0,406.26987799987546,JOINT_HUBER,FUSED_MEDIAN,3,0.8030363029722225,0.8097703383808836,0.9774823195080483,0.038150966805064725,True,True
outliers,0,406.26987799987546,JOINT_HUBER,upper_arm_camera,4,1.6224615931770394,1.6269016403895125,1.8018663863095106,0.07014921124954442,True,True
outliers,0,406.26987799987546,JOINT_HUBER,forearm_camera,4,1.186263528106347,1.222349085027146,1.5091544086723259,0.06441700312834898,True,True
outliers,0,406.26987799987546,JOINT_HUBER,wrist_camera,4,2.6826431608422685,2.7197098897149052,2.9155270494740977,0.20564556621139754,False,True
outliers,0,406.26987799987546,JOINT_HUBER,FUSED_MEDIAN,4,1.1517557558157518,1.2176357943322513,1.4741603441854905,0.09349883565567078,True,True
outliers,0,406.26987799987546,JOINT_HUBER,upper_arm_camera,5,1.428811294137525,1.4360983637076956,1.614857747975019,0.06269833226661435,True,True
outliers,0,406.26987799987546,JOINT_HUBER,forearm_camera,5,0.8831346970779436,0.9094223653475918,1.1115567248175897,0.05993114023249017,True,True
outliers,0,406.26987799987546,JOINT_HUBER,wrist_camera,5,1.967259598572657,1.969947407809756,2.0119221153249702,0.04365805209661337,True,True
outliers,0,406.26987799987546,JOINT_HUBER,FUSED_MEDIAN,5,0.44678816130974575,0.4760644092026226,0.5377068543377254,0.04150087364177727,True,True
outliers,0,406.26987799987546,JOINT_HUBER,upper_arm_camera,6,2.6338937071117745,2.6595689363153188,3.04779653964485,0.131092948060786,False,True
outliers,0,406.26987799987546,JOINT_HUBER,forearm_camera,6,0.16257717981999414,0.18402965398713944,0.24430784482844828,0.038313987167857604,True,True
outliers,0,406.26987799987546,JOINT_HUBER,wrist_camera,6,1.8112321080030722,1.837245361560523,2.1858603652175708,0.09904644913260083,True,True
outliers,0,406.26987799987546,JOINT_HUBER,FUSED_MEDIAN,6,1.3524402088145535,1.3653410469515153,1.6540780009156237,0.06793932433621487,True,True
outliers,0,406.26987799987546,JOINT_HUBER,upper_arm_camera,7,0.6568921356472398,0.6751121689690587,0.7640124081851674,0.07343910933293547,True,True
outliers,0,406.26987799987546,JOINT_HUBER,forearm_camera,7,1.5510698964573888,1.5683889980600179,1.9227187283249425,0.1365511381236721,True,True
outliers,0,406.26987799987546,JOINT_HUBER,wrist_camera,7,1.2750442002416686,1.2797870235603883,1.4186965186631824,0.05789024237859655,True,True
outliers,0,406.26987799987546,JOINT_HUBER,FUSED_MEDIAN,7,0.6618294819329996,0.6770194343623492,0.7566883387146383,0.05785247018302247,True,True
outliers,0,406.26987799987546,JOINT_HUBER,upper_arm_camera,8,0.5431982704476646,0.5552415254930844,0.6959089581756726,0.06657740751248245,True,True
outliers,0,406.26987799987546,JOINT_HUBER,forearm_camera,8,0.8729600040183849,0.8785365867449136,0.9891145407884773,0.019162009720668685,True,True
outliers,0,406.26987799987546,JOINT_HUBER,wrist_camera,8,4.1927754088999025,4.224779310217864,4.795961497722506,0.27522978617387917,False,True
outliers,0,406.26987799987546,JOINT_HUBER,FUSED_MEDIAN,8,0.6193920987536492,0.6293402864358326,0.6959089581756726,0.06734235411679833,True,True
outliers,0,406.26987799987546,JOINT_HUBER,upper_arm_camera,9,0.9115860803314468,0.913855360537734,0.9842662173942709,0.03739877883285243,True,True
outliers,0,406.26987799987546,JOINT_HUBER,forearm_camera,9,1.281905129694305,1.3037240017386897,1.5321512441999758,0.04434959082123172,True,True
outliers,0,406.26987799987546,JOINT_HUBER,wrist_camera,9,1.2533868268756339,1.262377506714008,1.3655932765334582,0.07087405040840487,True,True
outliers,0,406.26987799987546,JOINT_HUBER,FUSED_MEDIAN,9,0.9492771855102757,0.9597427465865259,1.085186100363546,0.04059791939477788,True,True
outliers,0,406.26987799987546,JOINT_HUBER,upper_arm_camera,10,0.6844880060834754,0.6865489666014467,0.7265917482996119,0.029085856212676234,True,True
outliers,0,406.26987799987546,JOINT_HUBER,forearm_camera,10,0.949115954525386,0.956201126583164,1.1001535392824482,0.0387580177394697,True,True
outliers,0,406.26987799987546,JOINT_HUBER,wrist_camera,10,0.8265125887138738,0.8329322740798207,0.9755671912850465,0.06636540300604939,True,True
outliers,0,406.26987799987546,JOINT_HUBER,FUSED_MEDIAN,10,0.8265125887138738,0.8192823420241034,0.9755671912850465,0.025684770869240148,True,True
outliers,0,406.26987799987546,JOINT_HUBER,upper_arm_camera,11,0.9402006997170648,0.958671979460353,1.0423994661035065,0.06070686510126808,True,True
outliers,0,406.26987799987546,JOINT_HUBER,forearm_camera,11,1.283186763404102,1.298838782297147,1.5724732210810204,0.08450135699872956,True,True
outliers,0,406.26987799987546,JOINT_HUBER,wrist_camera,11,1.4468087424008091,1.4890193461877275,1.8663581289586977,0.1647004513375614,True,True
outliers,0,406.26987799987546,JOINT_HUBER,FUSED_MEDIAN,11,1.272180354615868,1.2527296255743696,1.5635531975697494,0.08874617037251879,True,True
outliers,0,406.26987799987546,JOINT_HUBER,upper_arm_camera,12,0.2869744179080362,0.33596646544390857,0.5235839447519174,0.1027514876774408,True,True
outliers,0,406.26987799987546,JOINT_HUBER,forearm_camera,12,0.9058924713293145,0.9110445706335089,1.0198742724374312,0.0033093916328258135,True,True
outliers,0,406.26987799987546,JOINT_HUBER,wrist_camera,12,1.892389231346824,1.9079816171855013,2.2101361592494992,0.08083415382162422,True,True
outliers,0,406.26987799987546,JOINT_HUBER,FUSED_MEDIAN,12,0.897391745527107,0.9030906334086378,1.0986834020206313,0.057092924835735026,True,True
outliers,0,406.26987799987546,JOINT_HUBER,upper_arm_camera,13,0.6901211120227474,0.6970032206582375,0.7696489786642473,0.05808038880212164,True,True
outliers,0,406.26987799987546,JOINT_HUBER,forearm_camera,13,1.6290222079348344,1.641363866069599,1.9710117991888605,0.1200846604169623,True,True
outliers,0,406.26987799987546,JOINT_HUBER,wrist_camera,13,0.9201417252329956,0.9377330537138939,0.997013024557215,0.056324729412382826,True,True
outliers,0,406.26987799987546,JOINT_HUBER,FUSED_MEDIAN,13,0.5863526633268088,0.5646703311940073,0.6435300014992986,0.053505722150667574,True,True
outliers,0,406.26987799987546,JOINT_HUBER,upper_arm_camera,14,1.474695892079278,1.505700164597251,1.7986647494547015,0.07757035610744774,True,True
outliers,0,406.26987799987546,JOINT_HUBER,forearm_camera,14,0.7612122638436397,0.7698416413351113,0.9442401473539743,0.05777274644400531,True,True
outliers,0,406.26987799987546,JOINT_HUBER,wrist_camera,14,1.7412467046963886,1.749787582702271,1.9259087794945062,0.09606917154328834,True,True
outliers,0,406.26987799987546,JOINT_HUBER,FUSED_MEDIAN,14,1.5206378724650498,1.5232721815906722,1.7987527289057625,0.02175137600342417,True,True
outliers,0,406.26987799987546,JOINT_HUBER,upper_arm_camera,15,1.4166128307812131,1.4425234230968813,1.737281060732614,0.13086070355795373,True,True
outliers,0,406.26987799987546,JOINT_HUBER,forearm_camera,15,1.4953395048891946,1.5092358661273557,1.751856764499262,0.057746235114023214,True,True
outliers,0,406.26987799987546,JOINT_HUBER,wrist_camera,15,1.6335923479421508,1.6462115092950818,1.7394563321416685,0.1070554340062289,True,True
outliers,0,406.26987799987546,JOINT_HUBER,FUSED_MEDIAN,15,1.2848013647463812,1.2669470182746239,1.524670545624238,0.02328966120111933,True,True
outliers,0,406.26987799987546,JOINT_HUBER,upper_arm_camera,16,1.8465520814026193,1.8815938924365117,2.268071084812296,0.07347969205263949,True,True
outliers,0,406.26987799987546,JOINT_HUBER,forearm_camera,16,0.8873961441719092,0.8934296518404503,0.9459695644164603,0.06730385477129465,True,True
outliers,0,406.26987799987546,JOINT_HUBER,wrist_camera,16,2.3112531108227943,2.3200857966198987,2.5091392671778676,0.13694670435068668,False,True
outliers,0,406.26987799987546,JOINT_HUBER,FUSED_MEDIAN,16,1.345787906494863,1.343554337603554,1.3803698927949286,0.04418473536717076,True,True
outliers,0,406.26987799987546,JOINT_HUBER,upper_arm_camera,17,1.4287961158893083,1.4422589675094806,1.7185127267292128,0.1142986371977106,True,True
outliers,0,406.26987799987546,JOINT_HUBER,forearm_camera,17,0.34003220630832853,0.3546840564949386,0.4758693496912863,0.03701861237062239,True,True
outliers,0,406.26987799987546,JOINT_HUBER,wrist_camera,17,1.216164222826066,1.2364577319027013,1.4139154751642329,0.1164442817567353,True,True
outliers,0,406.26987799987546,JOINT_HUBER,FUSED_MEDIAN,17,0.5313657846744085,0.5312998862740468,0.5620592614958944,0.0756526689109651,True,True
outliers,0,406.26987799987546,JOINT_HUBER,upper_arm_camera,18,2.7407476506096304,2.7658229208529965,3.0897988978931754,0.15949778797296602,False,True
outliers,0,406.26987799987546,JOINT_HUBER,forearm_camera,18,1.2342563330898226,1.2404182192180004,1.3999563424442847,0.06719175496786729,True,True
outliers,0,406.26987799987546,JOINT_HUBER,wrist_camera,18,0.7287642552299334,0.7861071661576703,1.1269691289611088,0.14019241033704544,True,True
outliers,0,406.26987799987546,JOINT_HUBER,FUSED_MEDIAN,18,0.7649093795234089,0.8258856431354114,1.1269691289611088,0.09782326745980341,True,True
outliers,0,406.26987799987546,JOINT_HUBER,upper_arm_camera,19,1.4407569020459177,1.4466041685548068,1.6102499090284577,0.07087694002466102,True,True
outliers,0,406.26987799987546,JOINT_HUBER,forearm_camera,19,0.4325498183722687,0.4435745785197329,0.5573644397893108,0.0625246550879759,True,True
outliers,0,406.26987799987546,JOINT_HUBER,wrist_camera,19,1.8628802559068822,1.8745362696783325,2.1925010849875632,0.13441012863880317,True,True
outliers,0,406.26987799987546,JOINT_HUBER,FUSED_MEDIAN,19,0.36599420183896164,0.3780302971213192,0.48847293653523477,0.07859745059122336,True,True
outliers,0,406.26987799987546,JOINT_HUBER,upper_arm_camera,20,2.191561909773756,2.2090252240953876,2.546928274652859,0.10732772738589128,False,True
outliers,0,406.26987799987546,JOINT_HUBER,forearm_camera,20,0.5124375510118383,0.5275013787270065,0.6479912769739506,0.06517911201567538,True,True
outliers,0,406.26987799987546,JOINT_HUBER,wrist_camera,20,1.789744259209845,1.8241672820851094,1.94918139252562,0.16466790232040382,True,True
outliers,0,406.26987799987546,JOINT_HUBER,FUSED_MEDIAN,20,0.9410540280670683,0.9226439376552616,0.9962053178824549,0.03125198586615126,True,True
outliers,0,406.26987799987546,JOINT_HUBER,upper_arm_camera,21,2.859903631138198,2.927638719398831,3.440704209868788,0.27289714088641603,False,True
outliers,0,406.26987799987546,JOINT_HUBER,forearm_camera,21,1.7114422359726407,1.7820985856411828,2.272818992068964,0.1010576986192156,True,True
outliers,0,406.26987799987546,JOINT_HUBER,wrist_camera,21,1.4130617488855575,1.433687147177786,1.7032772899592097,0.0013385695101265508,True,True
outliers,0,406.26987799987546,JOINT_HUBER,FUSED_MEDIAN,21,2.001131689426804,1.9539105413734872,2.445073223429647,0.11782652702578014,False,True
outliers,0,406.26987799987546,JOINT_HUBER,upper_arm_camera,22,0.5902654636876603,0.6094886714552487,0.8083493897682187,0.0743709819826139,True,True
outliers,0,406.26987799987546,JOINT_HUBER,forearm_camera,22,4.107144285195127,4.134693999961677,4.6916308319416595,0.24156049566340748,False,True
outliers,0,406.26987799987546,JOINT_HUBER,wrist_camera,22,1.0996186427480235,1.1135382706954688,1.2609704343938581,0.057325330197540214,True,True
outliers,0,406.26987799987546,JOINT_HUBER,FUSED_MEDIAN,22,1.0996186427480235,1.1105906428329981,1.2373533437212856,0.07467771787609212,True,True
outliers,0,406.26987799987546,JOINT_HUBER,upper_arm_camera,23,3.469853617984271,3.4957415160457472,3.946993391569232,0.09280355459974808,False,True
outliers,0,406.26987799987546,JOINT_HUBER,forearm_camera,23,1.132583113274045,1.1483997751856176,1.380762138706273,0.08346236868099846,True,True
outliers,0,406.26987799987546,JOINT_HUBER,wrist_camera,23,3.096721213482136,3.123786171860721,3.5252364824096416,0.16448678595998256,False,True
outliers,0,406.26987799987546,JOINT_HUBER,FUSED_MEDIAN,23,2.9825444722320156,2.9966485539198415,3.3383040241755233,0.004683061222471944,False,True
outliers,0,406.26987799987546,JOINT_HUBER,upper_arm_camera,24,0.9226024270425837,0.9273120187735965,0.9844366231605514,0.04968425674324061,True,True
outliers,0,406.26987799987546,JOINT_HUBER,forearm_camera,24,0.5444157058999078,0.5565058091377616,0.6484804943384271,0.07168622212862572,True,True
outliers,0,406.26987799987546,JOINT_HUBER,wrist_camera,24,3.636761952506499,3.6445253775213966,3.9249524427377795,0.1665164528591034,False,True
outliers,0,406.26987799987546,JOINT_HUBER,FUSED_MEDIAN,24,0.5705504802709604,0.5773592692241176,0.6790863555303089,0.01639808646829749,True,True
outliers,0,406.26987799987546,JOINT_HUBER,upper_arm_camera,25,1.8658647224280673,1.8784298648273754,2.184223445414758,0.145556450687291,True,True
outliers,0,406.26987799987546,JOINT_HUBER,forearm_camera,25,1.1915962206236084,1.2032003714408988,1.3594987492325314,0.0624893686790584,True,True
outliers,0,406.26987799987546,JOINT_HUBER,wrist_camera,25,0.4177531589296145,0.47220268824457384,0.5638117160384263,0.08811200879931357,True,True
outliers,0,406.26987799987546,JOINT_HUBER,FUSED_MEDIAN,25,0.19935986325927085,0.2907321046272423,0.4775338683917125,0.03801114351150064,True,True
outliers,0,406.26987799987546,JOINT_HUBER,upper_arm_camera,26,1.2495291063716132,1.2619658510280647,1.4418350538907165,0.05877679128028015,True,True
outliers,0,406.26987799987546,JOINT_HUBER,forearm_camera,26,0.6930518063472793,0.7138437674493223,0.8058607332125509,0.08124963299881478,True,True
outliers,0,406.26987799987546,JOINT_HUBER,wrist_camera,26,1.7385941453880682,1.7464532261449774,1.914903573330873,0.043765736067446805,True,True
outliers,0,406.26987799987546,JOINT_HUBER,FUSED_MEDIAN,26,0.6930518063472793,0.6990220821068118,0.8035968646632865,0.02352215410095802,True,True
outliers,0,406.26987799987546,JOINT_HUBER,upper_arm_camera,27,3.722812663549839,3.7926883429445226,4.632958504561559,0.1977119461099301,False,True
outliers,0,406.26987799987546,JOINT_HUBER,forearm_camera,27,0.9416850265889961,0.9433063973473077,0.9585336847852748,0.035393024540761646,True,True
outliers,0,406.26987799987546,JOINT_HUBER,wrist_camera,27,1.703701059852983,1.7083118523810334,1.8939056257668265,0.061808031920005724,True,True
outliers,0,406.26987799987546,JOINT_HUBER,FUSED_MEDIAN,27,0.9416850265889961,0.9433063973473077,0.9585336847852748,0.05801931335759313,True,True
outliers,0,406.26987799987546,JOINT_HUBER,upper_arm_camera,28,2.1210095552528245,2.1509360776060427,2.5910925167401064,0.16724613883328165,False,True
outliers,0,406.26987799987546,JOINT_HUBER,forearm_camera,28,1.0626771394789272,1.0908939410775467,1.3961508387974149,0.11491675897788588,True,True
outliers,0,406.26987799987546,JOINT_HUBER,wrist_camera,28,1.399190972029808,1.4049907063981824,1.431246254380708,0.019434498624483158,True,True
outliers,0,406.26987799987546,JOINT_HUBER,FUSED_MEDIAN,28,1.0832057573447318,1.1112273713557304,1.3592918715107096,0.09725892061068449,True,True
outliers,0,406.26987799987546,JOINT_HUBER,upper_arm_camera,29,1.6801851468880056,1.6972372674142664,1.9513628822595832,0.1054984762734794,True,True
outliers,0,406.26987799987546,JOINT_HUBER,forearm_camera,29,0.8521500935808435,0.8748331169755815,1.0723627632473356,0.04931801680164084,True,True
outliers,0,406.26987799987546,JOINT_HUBER,wrist_camera,29,0.3577922422024818,0.5147458003136297,0.7301316294349556,0.16889961464295503,True,True
outliers,0,406.26987799987546,JOINT_HUBER,FUSED_MEDIAN,29,0.3651607373466243,0.37466743948667286,0.48102344586025936,0.05415089942704741,True,True
outliers,0,406.26987799987546,JOINT_HUBER,upper_arm_camera,30,1.8577460044268663,1.881868509403512,2.1298336962397357,0.1262444299281881,True,True
outliers,0,406.26987799987546,JOINT_HUBER,forearm_camera,30,2.2755248806395127,2.3296496929690753,2.9329194193214403,0.15121431828810117,False,True
outliers,0,406.26987799987546,JOINT_HUBER,wrist_camera,30,0.7598011330717891,0.7698309888150769,0.9542389025109065,0.06965280108203992,True,True
outliers,0,406.26987799987546,JOINT_HUBER,FUSED_MEDIAN,30,0.8098739988245948,0.9207259596559327,1.1567646502501452,0.05922224986834904,True,True
outliers,0,406.26987799987546,JOINT_HUBER,upper_arm_camera,31,1.7381149125557451,1.7467902572626461,1.8711078515849335,0.09603679838724899,True,True
outliers,0,406.26987799987546,JOINT_HUBER,forearm_camera,31,0.7010917659450862,0.7074754249012771,0.808031263121792,0.0310577855669628,True,True
outliers,0,406.26987799987546,JOINT_HUBER,wrist_camera,31,1.967965883005148,1.9758116680936222,2.1211228095911645,0.06935773755157743,True,True
outliers,0,406.26987799987546,JOINT_HUBER,FUSED_MEDIAN,31,0.7010917659450862,0.6845570389013885,0.808031263121792,0.05760387356686534,True,True
outliers,0,406.26987799987546,JOINT_HUBER,upper_arm_camera,32,0.8936030756223503,0.9164045331119152,1.0420649726625701,0.14028228714281726,True,True
outliers,0,406.26987799987546,JOINT_HUBER,forearm_camera,32,0.7380196400755581,0.7468199762015716,0.8845105378329372,0.04717675127971228,True,True
outliers,0,406.26987799987546,JOINT_HUBER,wrist_camera,32,0.8826221121316374,0.9010347888138729,1.0782011852014493,0.08082358192062844,True,True
outliers,0,406.26987799987546,JOINT_HUBER,FUSED_MEDIAN,32,0.4588813615275458,0.47490168122041193,0.6297338385664087,0.026692744903331716,True,True
outliers,0,406.26987799987546,JOINT_HUBER,upper_arm_camera,33,1.345624611505522,1.3665254540733207,1.624054630243833,0.09853594189842509,True,True
outliers,0,406.26987799987546,JOINT_HUBER,forearm_camera,33,0.3370209773834823,0.3566578390569674,0.41806282359042396,0.042274757107944635,True,True
outliers,0,406.26987799987546,JOINT_HUBER,wrist_camera,33,3.0659632848533276,3.134350961416199,3.8534086455618737,0.07165699886040866,False,True
outliers,0,406.26987799987546,JOINT_HUBER,FUSED_MEDIAN,33,0.8067535114576669,0.8246125698839111,1.0338671427616253,0.04298150945848421,True,True
outliers,0,406.26987799987546,JOINT_HUBER,upper_arm_camera,34,3.1474289435768967,3.188342207224758,3.8467516646415416,0.1671459376979601,False,True
outliers,0,406.26987799987546,JOINT_HUBER,forearm_camera,34,0.6414000649360548,0.661611848929237,0.8583460702348717,0.08602558350308344,True,True
outliers,0,406.26987799987546,JOINT_HUBER,wrist_camera,34,1.4111449492895929,1.4146079476298028,1.569825649721396,0.0558287903550988,True,True
outliers,0,406.26987799987546,JOINT_HUBER,FUSED_MEDIAN,34,0.57469258044626,0.5925985519128629,0.7664192492724258,0.056501407325912474,True,True
outliers,0,406.26987799987546,JOINT_HUBER,upper_arm_camera,35,0.5652537408202103,0.5790185980857431,0.7300450401305574,0.06711079185489542,True,True
outliers,0,406.26987799987546,JOINT_HUBER,forearm_camera,35,1.1963871638534254,1.203743864914229,1.3421585151636024,0.03192484228473824,True,True
outliers,0,406.26987799987546,JOINT_HUBER,wrist_camera,35,0.597736972469198,0.6133134878729996,0.6945145636037673,0.018689684481014997,True,True
outliers,0,406.26987799987546,JOINT_HUBER,FUSED_MEDIAN,35,0.2650921796091381,0.28062417204381884,0.33279016084750934,0.030045815806304246,True,True
time_offset,0,9.99078700078826,PARK_ZERO_OFFSET,upper_arm_camera,0,6.101532822250697,6.196658670149683,7.352895240585173,0.08477925653563058,False,False
time_offset,0,9.99078700078826,PARK_ZERO_OFFSET,forearm_camera,0,92.56543674144221,95.23536952846568,118.82267179927211,8.17543099265166,False,False
time_offset,0,9.99078700078826,PARK_ZERO_OFFSET,wrist_camera,0,176.0842688669879,178.81486601778275,212.0888143048719,14.500572618576813,False,False
time_offset,0,9.99078700078826,PARK_ZERO_OFFSET,FUSED_MEDIAN,0,8.11125150796454,13.410765527141251,22.587566162080666,3.614008960598275,False,False
time_offset,0,9.99078700078826,PARK_ZERO_OFFSET,upper_arm_camera,1,5.185590128784868,5.261378012080765,6.207147557092528,0.37562604338103095,False,False
time_offset,0,9.99078700078826,PARK_ZERO_OFFSET,forearm_camera,1,109.18361937199343,111.99307189450438,138.6359054924101,8.396931466818453,False,False
time_offset,0,9.99078700078826,PARK_ZERO_OFFSET,wrist_camera,1,218.87101477804876,222.2852796182578,267.66151697621854,18.241205181962204,False,False
time_offset,0,9.99078700078826,PARK_ZERO_OFFSET,FUSED_MEDIAN,1,5.185590128784868,5.261378012080765,6.207147557092528,5.027184147359771,False,False
time_offset,0,9.99078700078826,PARK_ZERO_OFFSET,upper_arm_camera,2,4.785519919865562,4.855722564438807,5.786914072285394,0.342109380871655,False,True
time_offset,0,9.99078700078826,PARK_ZERO_OFFSET,forearm_camera,2,121.57578165084699,124.37454771354533,151.57463094826986,7.87527460844611,False,False
time_offset,0,9.99078700078826,PARK_ZERO_OFFSET,wrist_camera,2,250.04132924927774,254.0531758116797,311.56821069637516,20.892708572447734,False,False
time_offset,0,9.99078700078826,PARK_ZERO_OFFSET,FUSED_MEDIAN,2,4.785519919865562,4.855722564438807,5.786914072285394,5.9640414116877105,False,False
time_offset,0,9.99078700078826,PARK_ZERO_OFFSET,upper_arm_camera,3,5.088903888103589,5.17348567071751,6.278353098833386,0.43737408229953995,False,False
time_offset,0,9.99078700078826,PARK_ZERO_OFFSET,forearm_camera,3,126.06657226130096,128.81281412414455,154.90646427360906,7.229109046684083,False,False
time_offset,0,9.99078700078826,PARK_ZERO_OFFSET,wrist_camera,3,257.81930576032363,262.426956664805,326.57315991788124,21.61117414240857,False,False
time_offset,0,9.99078700078826,PARK_ZERO_OFFSET,FUSED_MEDIAN,3,5.088903888103589,5.17348567071751,6.278353098833386,6.222936428968332,False,False
time_offset,0,9.99078700078826,PARK_ZERO_OFFSET,upper_arm_camera,4,8.556868271694292,8.696557067849545,10.7600505204711,0.7582910312629378,False,False
time_offset,0,9.99078700078826,PARK_ZERO_OFFSET,forearm_camera,4,122.25874901378148,124.88021311398248,150.0734910049425,6.4067129418165765,False,False
time_offset,0,9.99078700078826,PARK_ZERO_OFFSET,wrist_camera,4,251.3989391455337,256.51915812725383,322.15768618126407,20.89870171661913,False,False
time_offset,0,9.99078700078826,PARK_ZERO_OFFSET,FUSED_MEDIAN,4,8.556868271694292,8.696557067849545,10.7600505204711,5.984418436714781,False,False
time_offset,0,9.99078700078826,PARK_ZERO_OFFSET,upper_arm_camera,5,9.744198192254139,9.919161429022436,12.467943580052454,0.9409670740545424,False,False
time_offset,0,9.99078700078826,PARK_ZERO_OFFSET,forearm_camera,5,112.27168834986122,114.71824641755231,138.96794238688847,5.39152475788576,False,False
time_offset,0,9.99078700078826,PARK_ZERO_OFFSET,wrist_camera,5,232.33887485737853,237.78406379060505,300.134152776857,18.889591787215764,False,False
time_offset,0,9.99078700078826,PARK_ZERO_OFFSET,FUSED_MEDIAN,5,9.744198192254139,9.919161429022436,12.467943580052454,5.303160924049894,False,False
time_offset,0,9.99078700078826,PARK_ZERO_OFFSET,upper_arm_camera,6,9.529991786943258,9.736271330260028,12.501435001543141,1.088453491827606,False,False
time_offset,0,9.99078700078826,PARK_ZERO_OFFSET,forearm_camera,6,99.62466114757996,101.85216842002542,123.57711141691898,4.582622549177237,False,False
time_offset,0,9.99078700078826,PARK_ZERO_OFFSET,wrist_camera,6,205.03761274107734,210.51251144098802,266.34577762915006,16.518189691668955,False,False
time_offset,0,9.99078700078826,PARK_ZERO_OFFSET,FUSED_MEDIAN,6,9.529991786943258,9.736271330260028,12.501435001543141,4.472362083745012,False,False
time_offset,0,9.99078700078826,PARK_ZERO_OFFSET,upper_arm_camera,7,9.926747700731623,10.1985003752636,13.12808306688988,1.3609229576929722,False,False
time_offset,0,9.99078700078826,PARK_ZERO_OFFSET,forearm_camera,7,86.1903995260464,88.20806950631979,105.9135761575104,4.189905868084935,False,False
time_offset,0,9.99078700078826,PARK_ZERO_OFFSET,wrist_camera,7,174.20377122196646,179.3454128561533,226.62078881706796,13.925320473165963,False,False
time_offset,0,9.99078700078826,PARK_ZERO_OFFSET,FUSED_MEDIAN,7,10.79131905283574,13.504049163297493,19.875500893172816,3.685509186614005,False,False
time_offset,0,9.99078700078826,PARK_ZERO_OFFSET,upper_arm_camera,8,7.166514992854082,7.500600918535262,9.815582313975924,1.4090266053006937,False,False
time_offset,0,9.99078700078826,PARK_ZERO_OFFSET,forearm_camera,8,77.04297342618187,78.8771490944291,93.88300468322696,4.437848890935682,False,False
time_offset,0,9.99078700078826,PARK_ZERO_OFFSET,wrist_camera,8,141.6684223562812,146.155666793727,183.69471445115957,11.348821458683183,False,False
time_offset,0,9.99078700078826,PARK_ZERO_OFFSET,FUSED_MEDIAN,8,29.916826898589566,26.58607232373997,36.47119036154204,2.915944055332548,False,False
time_offset,0,9.99078700078826,PARK_ZERO_OFFSET,upper_arm_camera,9,8.309420190905174,8.662031209977235,9.35329173002103,1.6412742576434154,False,False
time_offset,0,9.99078700078826,PARK_ZERO_OFFSET,forearm_camera,9,74.58171069067605,76.25856945026494,93.87115031255031,5.212248967102193,False,False
time_offset,0,9.99078700078826,PARK_ZERO_OFFSET,wrist_camera,9,112.23570474372185,115.8870087054938,143.69918765342504,8.876463768472162,False,False
time_offset,0,9.99078700078826,PARK_ZERO_OFFSET,FUSED_MEDIAN,9,16.095802722697304,20.08621678474241,35.7579805468699,2.277565747057793,False,False
time_offset,0,9.99078700078826,PARK_ZERO_OFFSET,upper_arm_camera,10,10.051853863023329,10.363489928268335,12.565962759133063,1.7322871452354827,False,False
time_offset,0,9.99078700078826,PARK_ZERO_OFFSET,forearm_camera,10,78.7465472243136,80.29158837051703,100.63946842919434,6.034256986367406,False,False
time_offset,0,9.99078700078826,PARK_ZERO_OFFSET,wrist_camera,10,89.26489114993127,92.05733292116393,111.86765498252787,6.648759340324449,False,False
time_offset,0,9.99078700078826,PARK_ZERO_OFFSET,FUSED_MEDIAN,10,10.051853863023329,11.771896481282687,14.88166344617033,1.7727864733776149,False,False
time_offset,0,9.99078700078826,PARK_ZERO_OFFSET,upper_arm_camera,11,14.306784370110666,14.573950204633139,18.221836313487795,1.8417862998876193,False,False
time_offset,0,9.99078700078826,PARK_ZERO_OFFSET,forearm_camera,11,85.88612614874907,87.38575897325927,110.00415053283044,6.885567768652993,False,False
time_offset,0,9.99078700078826,PARK_ZERO_OFFSET,wrist_camera,11,74.60006722018976,76.64130616372883,92.85667759629945,4.587490305013597,False,False
time_offset,0,9.99078700078826,PARK_ZERO_OFFSET,FUSED_MEDIAN,11,19.061616434898653,19.647905920931198,27.424750929508154,1.2527033377030323,False,False
time_offset,0,9.99078700078826,PARK_ZERO_OFFSET,upper_arm_camera,12,20.330590013101386,20.594051126708383,25.642584681168692,2.0127203388786157,False,False
time_offset,0,9.99078700078826,PARK_ZERO_OFFSET,forearm_camera,12,91.55932160729117,93.05494433035378,116.66382553228517,7.483881892935068,False,False
time_offset,0,9.99078700078826,PARK_ZERO_OFFSET,wrist_camera,12,67.76039139130052,69.39550347548008,84.65639931675254,3.2825722269542914,False,False
time_offset,0,9.99078700078826,PARK_ZERO_OFFSET,FUSED_MEDIAN,12,28.895207572870884,26.818399287649775,33.23398875158632,1.004577843357803,False,False
time_offset,0,9.99078700078826,PARK_ZERO_OFFSET,upper_arm_camera,13,28.523296925719396,28.838449419986475,35.363913604383406,2.323772077218113,False,False
time_offset,0,9.99078700078826,PARK_ZERO_OFFSET,forearm_camera,13,94.47954140307961,95.9755013307541,119.55319737306716,7.7801510377041945,False,False
time_offset,0,9.99078700078826,PARK_ZERO_OFFSET,wrist_camera,13,67.84189478076748,69.3016381210324,83.92075292612877,3.073634494175934,False,False
time_offset,0,9.99078700078826,PARK_ZERO_OFFSET,FUSED_MEDIAN,13,28.795574573561485,29.8000325365707,37.93296207921809,0.8981539114956505,False,False
time_offset,0,9.99078700078826,PARK_ZERO_OFFSET,upper_arm_camera,14,33.63954276108175,33.986324800520464,41.19329125945429,2.4697198377195333,False,False
time_offset,0,9.99078700078826,PARK_ZERO_OFFSET,forearm_camera,14,91.13706907534751,92.66539021094947,115.15581128504685,7.791718107203617,False,False
time_offset,0,9.99078700078826,PARK_ZERO_OFFSET,wrist_camera,14,75.36196862607079,76.96679722251443,92.66091178564574,3.6422144312885085,False,False
time_offset,0,9.99078700078826,PARK_ZERO_OFFSET,FUSED_MEDIAN,14,23.276482504863747,25.566683139853186,37.3390649819617,0.9763246064441158,False,False
time_offset,0,9.99078700078826,PARK_ZERO_OFFSET,upper_arm_camera,15,39.10879603690693,39.51195161293482,47.38029007421668,2.7260258683430587,False,False
time_offset,0,9.99078700078826,PARK_ZERO_OFFSET,forearm_camera,15,82.62335583482101,84.17015491307258,104.67810014802765,7.4920541682505535,False,False
time_offset,0,9.99078700078826,PARK_ZERO_OFFSET,wrist_camera,15,86.69609527862164,88.48362508499186,105.918086792705,4.371955091598607,False,False
time_offset,0,9.99078700078826,PARK_ZERO_OFFSET,FUSED_MEDIAN,15,17.94201436902656,20.55208184791815,32.84358454879088,1.0579540230181605,False,False
time_offset,0,9.99078700078826,PARK_ZERO_OFFSET,upper_arm_camera,16,44.270866952289666,44.73481282121678,52.77209717980141,2.976494721941057,False,False
time_offset,0,9.99078700078826,PARK_ZERO_OFFSET,forearm_camera,16,70.62423025196982,72.20288072342592,90.16913169643398,6.973280873045771,False,False
time_offset,0,9.99078700078826,PARK_ZERO_OFFSET,wrist_camera,16,99.62761251313903,101.51998419709045,120.77196888125194,4.79543919323326,False,False
time_offset,0,9.99078700078826,PARK_ZERO_OFFSET,FUSED_MEDIAN,16,14.330802145409741,17.403463572110894,27.165445967326377,1.241297893201783,False,False
time_offset,0,9.99078700078826,PARK_ZERO_OFFSET,upper_arm_camera,17,47.79816165916392,48.32721483582563,56.50267485629146,3.2408662841526072,False,False
time_offset,0,9.99078700078826,PARK_ZERO_OFFSET,forearm_camera,17,54.9061457367069,56.5320750301838,70.7554849821141,6.222605169753957,False,False
time_offset,0,9.99078700078826,PARK_ZERO_OFFSET,wrist_camera,17,109.59137314849747,111.57729414496829,132.25411061443575,4.947280522989418,False,False
time_offset,0,9.99078700078826,PARK_ZERO_OFFSET,FUSED_MEDIAN,17,14.323635055131806,17.132893234483774,20.849446728184095,1.3585866995921134,False,False
time_offset,0,9.99078700078826,PARK_ZERO_OFFSET,upper_arm_camera,18,48.4651434078276,49.048258307471336,58.35068801707561,3.4134670758904195,False,False
time_offset,0,9.99078700078826,PARK_ZERO_OFFSET,forearm_camera,18,41.09230501806885,42.688428658297084,52.48381217915469,5.3052007092424205,False,False
time_offset,0,9.99078700078826,PARK_ZERO_OFFSET,wrist_camera,18,115.09913046622711,117.19861672197179,138.785792908954,5.010500419408696,False,False
time_offset,0,9.99078700078826,PARK_ZERO_OFFSET,FUSED_MEDIAN,18,18.11685386674261,15.78001236413716,18.776214381940388,1.6462647292864367,False,False
time_offset,0,9.99078700078826,PARK_ZERO_OFFSET,upper_arm_camera,19,46.178687088373465,46.843567256449376,57.44082263876303,3.567777834949557,False,False
time_offset,0,9.99078700078826,PARK_ZERO_OFFSET,forearm_camera,19,33.59946111738074,35.03253509955329,40.3600952905095,4.478206536976134,False,False
time_offset,0,9.99078700078826,PARK_ZERO_OFFSET,wrist_camera,19,117.32643852964014,119.45883291201012,140.9526886723456,4.912101510656327,False,False
time_offset,0,9.99078700078826,PARK_ZERO_OFFSET,FUSED_MEDIAN,19,13.871345579709356,16.841338254863462,19.039272921109486,2.0302040866474345,False,False
time_offset,0,9.99078700078826,PARK_ZERO_OFFSET,upper_arm_camera,20,41.435381472029135,42.16430886484908,53.378739644522085,3.636596971674236,False,False
time_offset,0,9.99078700078826,PARK_ZERO_OFFSET,forearm_camera,20,31.36531689472414,32.3406372908005,35.22393110935714,3.562382659452748,False,False
time_offset,0,9.99078700078826,PARK_ZERO_OFFSET,wrist_camera,20,113.60626166403583,115.71615785541609,136.13778354764557,4.573505619969828,False,False
time_offset,0,9.99078700078826,PARK_ZERO_OFFSET,FUSED_MEDIAN,20,20.273344400499308,22.092849370561233,28.651358518006003,2.2889982532119113,False,False
time_offset,0,9.99078700078826,PARK_ZERO_OFFSET,upper_arm_camera,21,34.456070857465974,35.25425037475861,46.41985585671751,3.6407874002777816,False,False
time_offset,0,9.99078700078826,PARK_ZERO_OFFSET,forearm_camera,21,33.56035562251048,34.180068704364075,38.6375715007827,2.895682332669308,False,False
time_offset,0,9.99078700078826,PARK_ZERO_OFFSET,wrist_camera,21,107.51357793238034,109.55747966755214,128.4079339963192,4.156985217950019,False,False
time_offset,0,9.99078700078826,PARK_ZERO_OFFSET,FUSED_MEDIAN,21,26.079017557533614,25.59739258231762,31.119417279861818,2.577498496768835,False,False
time_offset,0,9.99078700078826,PARK_ZERO_OFFSET,upper_arm_camera,22,25.499748179321816,26.447090361026387,36.947973057176114,3.6127317526098945,False,False
time_offset,0,9.99078700078826,PARK_ZERO_OFFSET,forearm_camera,22,30.944470341033735,31.53474869352433,36.644838444263954,2.953539330569971,False,False
time_offset,0,9.99078700078826,PARK_ZERO_OFFSET,wrist_camera,22,96.88363641777165,98.74514791242304,114.9544913952014,3.653134639634051,False,False
time_offset,0,9.99078700078826,PARK_ZERO_OFFSET,FUSED_MEDIAN,22,22.266062727914388,20.836882908094637,25.520951159132313,2.8153871650806184,False,False
time_offset,0,9.99078700078826,PARK_ZERO_OFFSET,upper_arm_camera,23,16.172823080037546,17.382716944345425,26.27409671926663,3.4831305594238327,False,False
time_offset,0,9.99078700078826,PARK_ZERO_OFFSET,forearm_camera,23,26.333671206238154,26.990275715955153,31.823983674425577,3.2859926202987984,False,False
time_offset,0,9.99078700078826,PARK_ZERO_OFFSET,wrist_camera,23,80.6565082589927,82.16184461718056,93.74436680652958,3.091848252266114,False,False
time_offset,0,9.99078700078826,PARK_ZERO_OFFSET,FUSED_MEDIAN,23,16.172823080037546,15.105820805595727,20.59054628595697,3.015083833241886,False,False
time_offset,0,9.99078700078826,PARK_ZERO_OFFSET,upper_arm_camera,24,7.918071246464756,9.824209679010167,15.456076488919063,3.3537924279299527,False,False
time_offset,0,9.99078700078826,PARK_ZERO_OFFSET,forearm_camera,24,21.42875265486978,22.161877182329388,26.212550388045774,3.536338685187435,False,False
time_offset,0,9.99078700078826,PARK_ZERO_OFFSET,wrist_camera,24,65.45266550787602,66.61216249651142,74.3230416019763,2.2723149654706107,False,False
time_offset,0,9.99078700078826,PARK_ZERO_OFFSET,FUSED_MEDIAN,24,7.918071246464756,9.610971787803376,14.520100809909456,2.9451324953974574,False,False
time_offset,0,9.99078700078826,PARK_ZERO_OFFSET,upper_arm_camera,25,9.382218216144253,10.888952750590244,15.325206257428718,3.176947804483471,False,False
time_offset,0,9.99078700078826,PARK_ZERO_OFFSET,forearm_camera,25,19.572970166776635,20.584391633534167,24.237380851613036,4.2283840716420755,False,False
time_offset,0,9.99078700078826,PARK_ZERO_OFFSET,wrist_camera,25,45.92486460309774,46.542144677024694,47.607175690866136,1.4341692286701253,False,False
time_offset,0,9.99078700078826,PARK_ZERO_OFFSET,FUSED_MEDIAN,25,8.453249553481886,11.908888720727298,20.408408160958686,2.85295942968732,False,False
time_offset,0,9.99078700078826,PARK_ZERO_OFFSET,upper_arm_camera,26,13.794162034980413,14.724284786124823,20.614188888696855,3.000043855277818,False,False
time_offset,0,9.99078700078826,PARK_ZERO_OFFSET,forearm_camera,26,26.131794468040766,27.066536896704903,34.923980792584686,4.778165178588841,False,False
time_offset,0,9.99078700078826,PARK_ZERO_OFFSET,wrist_camera,26,38.1612087937554,38.31476911944371,41.34150806123517,1.3563280760618208,False,False
time_offset,0,9.99078700078826,PARK_ZERO_OFFSET,FUSED_MEDIAN,26,14.393806535930658,15.153088605780656,18.488201262964793,2.633389680827117,False,False
time_offset,0,9.99078700078826,PARK_ZERO_OFFSET,upper_arm_camera,27,20.81547261964441,21.417407286338406,28.367470620541457,2.7447504119407453,False,False
time_offset,0,9.99078700078826,PARK_ZERO_OFFSET,forearm_camera,27,36.5409233802482,37.42513234878726,48.0371091970848,5.276877596778,False,False
time_offset,0,9.99078700078826,PARK_ZERO_OFFSET,wrist_camera,27,63.96051689326027,64.36032996049163,70.42989159914138,2.910581792466705,False,False
time_offset,0,9.99078700078826,PARK_ZERO_OFFSET,FUSED_MEDIAN,27,19.037003605783994,19.629905397131836,26.091800343035935,2.2912520075902845,False,False
time_offset,0,9.99078700078826,PARK_ZERO_OFFSET,upper_arm_camera,28,24.27527286021249,24.818828383399687,32.072424543451824,2.4871926140795324,False,False
time_offset,0,9.99078700078826,PARK_ZERO_OFFSET,forearm_camera,28,46.92069820523291,47.83570447935963,60.52852363504192,5.793954845905404,False,False
time_offset,0,9.99078700078826,PARK_ZERO_OFFSET,wrist_camera,28,111.69706189387138,112.6886673738685,130.09425967454203,5.7140639815087555,False,False
time_offset,0,9.99078700078826,PARK_ZERO_OFFSET,FUSED_MEDIAN,28,21.24166675117231,21.88315468275106,28.54471157237006,2.120575465578163,False,False
time_offset,0,9.99078700078826,PARK_ZERO_OFFSET,upper_arm_camera,29,28.55538398701488,29.074479367416057,36.678499477435864,2.253456784964347,False,False
time_offset,0,9.99078700078826,PARK_ZERO_OFFSET,forearm_camera,29,54.105941280489596,55.17625787574814,69.12419184267613,6.172107772593042,False,False
time_offset,0,9.99078700078826,PARK_ZERO_OFFSET,wrist_camera,29,157.99403754042353,159.48166497623993,186.07227751753592,8.65177639062171,False,False
time_offset,0,9.99078700078826,PARK_ZERO_OFFSET,FUSED_MEDIAN,29,24.59767778941366,25.4497576872221,33.04314674516038,2.306152963685411,False,False
time_offset,0,9.99078700078826,PARK_ZERO_OFFSET,upper_arm_camera,30,32.76388896093206,33.2932516294056,41.53003328900953,2.331793943252388,False,False
time_offset,0,9.99078700078826,PARK_ZERO_OFFSET,forearm_camera,30,58.96974902573029,60.26144846069677,75.36064281958232,6.492544575457838,False,False
time_offset,0,9.99078700078826,PARK_ZERO_OFFSET,wrist_camera,30,213.6043402590352,215.56794817924637,252.13389467587334,12.195695439740135,False,False
time_offset,0,9.99078700078826,PARK_ZERO_OFFSET,FUSED_MEDIAN,30,29.63577510509284,30.728638246784826,40.088397265289444,2.918757700242759,False,False
time_offset,0,9.99078700078826,PARK_ZERO_OFFSET,upper_arm_camera,31,35.167818274272065,35.749416831041394,43.981884992468984,1.9690397870407874,False,False
time_offset,0,9.99078700078826,PARK_ZERO_OFFSET,forearm_camera,31,59.30224020046078,60.79868296706731,75.94200485260464,6.633062265580275,False,False
time_offset,0,9.99078700078826,PARK_ZERO_OFFSET,wrist_camera,31,259.5952898216107,261.9412482406021,307.0722603004198,15.719722211908927,False,False
time_offset,0,9.99078700078826,PARK_ZERO_OFFSET,FUSED_MEDIAN,31,28.232704705022726,29.650965979657258,39.3992635504004,3.9020302397554243,False,False
time_offset,0,9.99078700078826,PARK_ZERO_OFFSET,upper_arm_camera,32,38.96097444007006,39.61310301565749,48.43482322547579,1.8980168441043355,False,False
time_offset,0,9.99078700078826,PARK_ZERO_OFFSET,forearm_camera,32,61.74122116127488,63.74001743849783,79.96468845040093,7.032230248558635,False,False
time_offset,0,9.99078700078826,PARK_ZERO_OFFSET,wrist_camera,32,290.6816419271833,293.22800138859384,345.01418505680533,18.597302083582974,False,False
time_offset,0,9.99078700078826,PARK_ZERO_OFFSET,FUSED_MEDIAN,32,33.34314578327804,35.401271605215236,47.7690578399986,4.72441402766699,False,False
time_offset,0,9.99078700078826,PARK_ZERO_OFFSET,upper_arm_camera,33,44.39502578185993,45.13689025127188,54.742958163969014,1.7275710768181798,False,False
time_offset,0,9.99078700078826,PARK_ZERO_OFFSET,forearm_camera,33,58.187128161816,60.70571393370049,76.14621481942521,7.046031470342596,False,False
time_offset,0,9.99078700078826,PARK_ZERO_OFFSET,wrist_camera,33,306.2687444970244,308.90904917676505,365.58123757521486,20.69863506513631,False,False
time_offset,0,9.99078700078826,PARK_ZERO_OFFSET,FUSED_MEDIAN,33,45.51189818382449,46.64037287962765,55.82812350023706,5.463123205678476,False,False
time_offset,0,9.99078700078826,PARK_ZERO_OFFSET,upper_arm_camera,34,46.65561920312873,47.457973921762836,57.3400910882302,1.4972692677689454,False,False
time_offset,0,9.99078700078826,PARK_ZERO_OFFSET,forearm_camera,34,57.18174161696882,60.21371500401586,74.8626957039856,7.309493228481059,False,False
time_offset,0,9.99078700078826,PARK_ZERO_OFFSET,wrist_camera,34,301.8090671367143,304.3809979196972,362.48305835824925,21.53553087941456,False,False
time_offset,0,9.99078700078826,PARK_ZERO_OFFSET,FUSED_MEDIAN,34,49.726297723361675,51.98595160101756,62.910461478582825,5.764225185469625,False,False
time_offset,0,9.99078700078826,PARK_ZERO_OFFSET,upper_arm_camera,35,52.00971041720864,52.92604764000308,63.91326182322517,1.4620285178503554,False,False
time_offset,0,9.99078700078826,PARK_ZERO_OFFSET,forearm_camera,35,58.38496125608806,61.72458385880189,74.73585173346072,7.443457865392205,False,False
time_offset,0,9.99078700078826,PARK_ZERO_OFFSET,wrist_camera,35,272.9806481559416,275.36041869688444,329.5785319053861,20.9441203134055,False,False
time_offset,0,9.99078700078826,PARK_ZERO_OFFSET,FUSED_MEDIAN,35,58.07546114038355,60.15294234178615,72.39390637428647,5.522233506054715,False,False
time_offset,0,2642.839254998762,TIME_AWARE_PARK,upper_arm_camera,0,2.426247072791324,2.4627144499230784,2.8883249608393933,0.070180581355877,False,True
time_offset,0,2642.839254998762,TIME_AWARE_PARK,forearm_camera,0,10.886891526695232,11.174358679762388,14.1121105093417,0.9198298531598319,False,False
time_offset,0,2642.839254998762,TIME_AWARE_PARK,wrist_camera,0,20.75120891315783,21.0632017947319,24.746122304716522,1.6354825545853588,False,False
time_offset,0,2642.839254998762,TIME_AWARE_PARK,FUSED_MEDIAN,0,2.2169525536461094,2.695709662892187,4.206774384306789,0.2987618537210022,False,True
time_offset,0,2642.839254998762,TIME_AWARE_PARK,upper_arm_camera,1,2.6202559314713936,2.669813665881296,3.3346370100056237,0.24820876287630014,False,True
time_offset,0,2642.839254998762,TIME_AWARE_PARK,forearm_camera,1,11.566322863203283,11.903614115015065,15.088731361433027,1.0336194111900827,False,False
time_offset,0,2642.839254998762,TIME_AWARE_PARK,wrist_camera,1,25.044245902644434,25.440056245256304,30.493436355611273,2.087550838400191,False,False
time_offset,0,2642.839254998762,TIME_AWARE_PARK,FUSED_MEDIAN,1,3.134226802435661,3.04267641318431,3.582138579014336,0.5735909824167303,False,True
time_offset,0,2642.839254998762,TIME_AWARE_PARK,upper_arm_camera,2,0.937798363679413,0.95873050167876,1.188164888307431,0.06558151337851459,True,True
time_offset,0,2642.839254998762,TIME_AWARE_PARK,forearm_camera,2,13.087592806091982,13.387931196681823,16.173688838285372,0.7753888762472845,False,False
time_offset,0,2642.839254998762,TIME_AWARE_PARK,wrist_camera,2,32.29192915486265,32.76122779969097,39.90450660515322,2.6260854268832303,False,False
time_offset,0,2642.839254998762,TIME_AWARE_PARK,FUSED_MEDIAN,2,0.9182461863066943,1.2176596488263838,1.8687586244086114,0.7519415207745711,True,True
time_offset,0,2642.839254998762,TIME_AWARE_PARK,upper_arm_camera,3,2.177927781267922,2.2037620682476162,2.650642575459164,0.14518794651748432,False,True
time_offset,0,2642.839254998762,TIME_AWARE_PARK,forearm_camera,3,13.627808943080884,13.919841426748727,16.612963645905925,0.6950862931234196,False,False
time_offset,0,2642.839254998762,TIME_AWARE_PARK,wrist_camera,3,32.59222066858845,33.14659794276017,41.08904225416206,2.7127427514146825,False,False
time_offset,0,2642.839254998762,TIME_AWARE_PARK,FUSED_MEDIAN,3,2.177927781267922,2.2037620682476162,2.650642575459164,0.7476434005510799,False,True
time_offset,0,2642.839254998762,TIME_AWARE_PARK,upper_arm_camera,4,1.461897422774211,1.492501797131009,1.8537877124040516,0.14251600284648344,True,True
time_offset,0,2642.839254998762,TIME_AWARE_PARK,forearm_camera,4,12.666051587554005,12.942164050968577,15.626918267186465,0.6624975704052217,False,False
time_offset,0,2642.839254998762,TIME_AWARE_PARK,wrist_camera,4,32.88960727083498,33.51677109870204,41.89948098804477,2.7411710023587523,False,False
time_offset,0,2642.839254998762,TIME_AWARE_PARK,FUSED_MEDIAN,4,1.461897422774211,1.492501797131009,1.8537877124040516,0.7709226474845801,True,True
time_offset,0,2642.839254998762,TIME_AWARE_PARK,upper_arm_camera,5,1.6342058864083686,1.6699870475229481,2.0812141555884285,0.15252207878274793,True,True
time_offset,0,2642.839254998762,TIME_AWARE_PARK,forearm_camera,5,11.215460863094503,11.476666529212764,13.909274122122103,0.525837887283138,False,False
time_offset,0,2642.839254998762,TIME_AWARE_PARK,wrist_camera,5,30.547406935109947,31.210762453151514,39.19564864926878,2.4195485827164926,False,False
time_offset,0,2642.839254998762,TIME_AWARE_PARK,FUSED_MEDIAN,5,1.6342058864083686,1.6699870475229481,2.0812141555884285,0.6911127394769555,True,True
time_offset,0,2642.839254998762,TIME_AWARE_PARK,upper_arm_camera,6,1.1539088519755312,1.180677299248288,1.4586735100637547,0.1366707362220952,True,True
time_offset,0,2642.839254998762,TIME_AWARE_PARK,forearm_camera,6,10.294249374063018,10.524850037290793,12.712042437628007,0.48127612185883867,False,False
time_offset,0,2642.839254998762,TIME_AWARE_PARK,wrist_camera,6,26.623085459728106,27.322469768454113,34.57022810035868,2.1698167646565993,False,False
time_offset,0,2642.839254998762,TIME_AWARE_PARK,FUSED_MEDIAN,6,1.1539088519755312,1.2064681035411768,1.4586735100637547,0.6083146259611601,True,True
time_offset,0,2642.839254998762,TIME_AWARE_PARK,upper_arm_camera,7,2.2167019103285814,2.272849280549336,2.727952757242815,0.2618036363833256,False,True
time_offset,0,2642.839254998762,TIME_AWARE_PARK,forearm_camera,7,8.909471026205658,9.118535578526497,10.816155963914115,0.46735727057220633,False,False
time_offset,0,2642.839254998762,TIME_AWARE_PARK,wrist_camera,7,23.177042275126055,23.848575751029184,30.139957871705086,1.8280018418502353,False,False
time_offset,0,2642.839254998762,TIME_AWARE_PARK,FUSED_MEDIAN,7,2.7821303405312166,2.8794423658884862,3.3399844720436005,0.5576214595203695,False,True
time_offset,0,2642.839254998762,TIME_AWARE_PARK,upper_arm_camera,8,0.7427205429508971,0.7873260545924063,0.9426102271213175,0.17163167757347922,True,True
time_offset,0,2642.839254998762,TIME_AWARE_PARK,forearm_camera,8,8.421435208444082,8.615925716614337,10.40323335621503,0.5133683552717042,False,False
time_offset,0,2642.839254998762,TIME_AWARE_PARK,wrist_camera,8,18.94820355792782,19.540760901363086,24.66274993109436,1.4669216480001257,False,False
time_offset,0,2642.839254998762,TIME_AWARE_PARK,FUSED_MEDIAN,8,4.19912331444515,3.8801370236388553,5.169049441759086,0.44294768526079076,False,True
time_offset,0,2642.839254998762,TIME_AWARE_PARK,upper_arm_camera,9,2.152095769324049,2.2053787347238476,2.6065678659571985,0.29318847840832224,False,True
time_offset,0,2642.839254998762,TIME_AWARE_PARK,forearm_camera,9,8.516640828982714,8.699438651440333,10.898751885940063,0.6475969545356874,False,False
time_offset,0,2642.839254998762,TIME_AWARE_PARK,wrist_camera,9,15.124219427067274,15.61074673615836,19.462674837076083,1.146668634285923,False,False
time_offset,0,2642.839254998762,TIME_AWARE_PARK,FUSED_MEDIAN,9,2.91395621971839,3.3395107952626137,5.26954103663244,0.36149044340951725,False,True
time_offset,0,2642.839254998762,TIME_AWARE_PARK,upper_arm_camera,10,2.132004840545772,2.1768940121503277,2.66000984549316,0.275286642452634,False,True
time_offset,0,2642.839254998762,TIME_AWARE_PARK,forearm_camera,10,9.168631043954605,9.328366816636667,11.643317551574917,0.6813153297482499,False,False
time_offset,0,2642.839254998762,TIME_AWARE_PARK,wrist_camera,10,12.15924218933908,12.55629483843983,15.504052106096191,0.9527586491632878,False,False
time_offset,0,2642.839254998762,TIME_AWARE_PARK,FUSED_MEDIAN,10,1.9966607290039882,2.4030959098049336,3.235947436225695,0.33378058349335105,True,True
time_offset,0,2642.839254998762,TIME_AWARE_PARK,upper_arm_camera,11,2.3081925132259933,2.3453733945340938,2.865446614188096,0.2594754196509521,False,True
time_offset,0,2642.839254998762,TIME_AWARE_PARK,forearm_camera,11,10.020140264485281,10.182867258520131,12.789611226916668,0.7986873596139973,False,False
time_offset,0,2642.839254998762,TIME_AWARE_PARK,wrist_camera,11,9.821984289242003,10.097279756063383,12.165631454482451,0.6265094373389168,False,False
time_offset,0,2642.839254998762,TIME_AWARE_PARK,FUSED_MEDIAN,11,2.7240853307948028,2.7826904449996093,3.5858207137677818,0.19135385331238397,False,True
time_offset,0,2642.839254998762,TIME_AWARE_PARK,upper_arm_camera,12,2.8745131881534784,2.91079618727276,3.6115445716412204,0.28221379100175553,False,True
time_offset,0,2642.839254998762,TIME_AWARE_PARK,forearm_camera,12,10.177989834494435,10.348000164764867,12.938471151985944,0.8563145488056556,False,False
time_offset,0,2642.839254998762,TIME_AWARE_PARK,wrist_camera,12,8.324183808677672,8.54826489455305,10.472043389440591,0.41647650579904605,False,False
time_offset,0,2642.839254998762,TIME_AWARE_PARK,FUSED_MEDIAN,12,3.561711252118427,3.2870375992272556,4.0376252523221146,0.15816984596908099,False,True
time_offset,0,2642.839254998762,TIME_AWARE_PARK,upper_arm_camera,13,5.452478266466747,5.51915140283268,6.673460018477961,0.4072568254739839,False,False
time_offset,0,2642.839254998762,TIME_AWARE_PARK,forearm_camera,13,10.838865863460098,10.993704236679497,13.532113548733854,0.8558773658030393,False,False
time_offset,0,2642.839254998762,TIME_AWARE_PARK,wrist_camera,13,7.54982206751514,7.674959480260845,9.130623542197238,0.30065184592008304,False,False
time_offset,0,2642.839254998762,TIME_AWARE_PARK,FUSED_MEDIAN,13,4.171024768053646,4.300534436115417,5.13364130958607,0.08336191056654225,False,True
time_offset,0,2642.839254998762,TIME_AWARE_PARK,upper_arm_camera,14,4.5934804080862905,4.6422628180254115,5.592665100426265,0.3310241026617417,False,True
time_offset,0,2642.839254998762,TIME_AWARE_PARK,forearm_camera,14,9.836802873159964,10.005043756082197,12.367310083900682,0.8515167164099924,False,False
time_offset,0,2642.839254998762,TIME_AWARE_PARK,wrist_camera,14,8.870878873341319,9.060275663255554,10.943240849121644,0.34572926991653763,False,False
time_offset,0,2642.839254998762,TIME_AWARE_PARK,FUSED_MEDIAN,14,3.0284918437679913,3.179270466224503,4.222396960530448,0.08046249243942935,False,True
time_offset,0,2642.839254998762,TIME_AWARE_PARK,upper_arm_camera,15,4.701424600262431,4.7528576870135995,5.748938233030776,0.34594031323441443,False,True
time_offset,0,2642.839254998762,TIME_AWARE_PARK,forearm_camera,15,8.530533711285177,8.697424515202801,10.823842915974291,0.8011851454149911,False,False
time_offset,0,2642.839254998762,TIME_AWARE_PARK,wrist_camera,15,10.480121631698188,10.729725995548517,12.988124503343423,0.540904924892544,False,False
time_offset,0,2642.839254998762,TIME_AWARE_PARK,FUSED_MEDIAN,15,1.7214021909827155,2.076139455151571,3.489704868490228,0.09331804982414044,True,True
time_offset,0,2642.839254998762,TIME_AWARE_PARK,upper_arm_camera,16,5.585787249711985,5.641153863835145,6.548554879583177,0.36520609251682,False,False
time_offset,0,2642.839254998762,TIME_AWARE_PARK,forearm_camera,16,7.830109089251441,8.003369612472595,10.050720987648306,0.7695225464457238,False,False
time_offset,0,2642.839254998762,TIME_AWARE_PARK,wrist_camera,16,12.92982032178687,13.165437894516348,15.640382859118091,0.6109773889903894,False,False
time_offset,0,2642.839254998762,TIME_AWARE_PARK,FUSED_MEDIAN,16,1.626400245629107,2.007733496308171,3.0332199950181793,0.18532370520144895,True,True
time_offset,0,2642.839254998762,TIME_AWARE_PARK,upper_arm_camera,17,6.42538321251857,6.486827396338848,7.573982134975244,0.4089024311895181,False,False
time_offset,0,2642.839254998762,TIME_AWARE_PARK,forearm_camera,17,5.520429935638539,5.715482733053125,7.115975125648578,0.6857998814557299,False,False
time_offset,0,2642.839254998762,TIME_AWARE_PARK,wrist_camera,17,14.268328626498661,14.499282340110822,17.07965684834618,0.5949060576602467,False,False
time_offset,0,2642.839254998762,TIME_AWARE_PARK,FUSED_MEDIAN,17,2.0443501407337767,2.0340938230421513,2.515270353998826,0.13859955791810363,False,True
time_offset,0,2642.839254998762,TIME_AWARE_PARK,upper_arm_camera,18,6.4842556883506095,6.544717962993604,7.560865609205123,0.40987544066017473,False,False
time_offset,0,2642.839254998762,TIME_AWARE_PARK,forearm_camera,18,3.84173502909019,4.0224539623848194,4.8492900466959545,0.5525114263528383,False,True
time_offset,0,2642.839254998762,TIME_AWARE_PARK,wrist_camera,18,14.59778658512077,14.86965085420167,17.681007281572917,0.6393714749078193,False,False
time_offset,0,2642.839254998762,TIME_AWARE_PARK,FUSED_MEDIAN,18,1.6386355475896839,1.5108326070487317,1.8437160184158214,0.18672546604554235,True,True
time_offset,0,2642.839254998762,TIME_AWARE_PARK,upper_arm_camera,19,5.8104587769941585,5.897959656286592,7.224952346792877,0.44461847753522926,False,False
time_offset,0,2642.839254998762,TIME_AWARE_PARK,forearm_camera,19,3.6188867858850946,3.8094291681276773,4.837153214392954,0.5392507817350004,False,True
time_offset,0,2642.839254998762,TIME_AWARE_PARK,wrist_camera,19,15.597650217819341,15.866965665949401,18.67720448701954,0.6610674494673747,False,False
time_offset,0,2642.839254998762,TIME_AWARE_PARK,FUSED_MEDIAN,19,1.9687202665911752,2.242163309212087,3.2884542351893122,0.27312116468682324,True,True
time_offset,0,2642.839254998762,TIME_AWARE_PARK,upper_arm_camera,20,5.217733017491488,5.313978569243998,6.727093307786398,0.4528107013909497,False,False
time_offset,0,2642.839254998762,TIME_AWARE_PARK,forearm_camera,20,2.980454433587314,3.0783511021234773,3.880441242754265,0.35660657259232403,False,True
time_offset,0,2642.839254998762,TIME_AWARE_PARK,wrist_camera,20,14.620730715704283,14.877933617456486,17.492952859462786,0.5770577844271964,False,False
time_offset,0,2642.839254998762,TIME_AWARE_PARK,FUSED_MEDIAN,20,3.157792462212947,3.3060999194361615,3.842998085027508,0.260124900694032,False,True
time_offset,0,2642.839254998762,TIME_AWARE_PARK,upper_arm_camera,21,4.572490752798052,4.667779183859648,6.064202994021913,0.449772583618248,False,True
time_offset,0,2642.839254998762,TIME_AWARE_PARK,forearm_camera,21,4.477679055490231,4.495794812525223,4.9910171514360275,0.18534643141863844,False,True
time_offset,0,2642.839254998762,TIME_AWARE_PARK,wrist_camera,21,14.61646507828342,14.883146629902148,17.492659414246383,0.5379177588694888,False,False
time_offset,0,2642.839254998762,TIME_AWARE_PARK,FUSED_MEDIAN,21,4.30428018698763,4.163289350780376,4.482216530686506,0.30844266915863155,False,True
time_offset,0,2642.839254998762,TIME_AWARE_PARK,upper_arm_camera,22,3.499833615236125,3.6254711041978824,4.99585739337941,0.4617013516464079,False,True
time_offset,0,2642.839254998762,TIME_AWARE_PARK,forearm_camera,22,2.890131855457075,2.98495482113684,3.5438893773273734,0.382874130580393,False,True
time_offset,0,2642.839254998762,TIME_AWARE_PARK,wrist_camera,22,13.103436630827312,13.349482655709672,15.593403960188224,0.516976767351694,False,False
time_offset,0,2642.839254998762,TIME_AWARE_PARK,FUSED_MEDIAN,22,1.8930536678094938,2.1852680218956864,2.380590842814658,0.35064874438600147,True,True
time_offset,0,2642.839254998762,TIME_AWARE_PARK,upper_arm_camera,23,2.649495082878379,2.7761740238934216,3.8792278414126184,0.41464620919661627,False,True
time_offset,0,2642.839254998762,TIME_AWARE_PARK,forearm_camera,23,2.462900953460439,2.5833261941124452,2.8986156240445324,0.4931233539803993,False,True
time_offset,0,2642.839254998762,TIME_AWARE_PARK,wrist_camera,23,9.341273742032874,9.50117007165485,10.23919084359413,0.5295348233695476,False,False
time_offset,0,2642.839254998762,TIME_AWARE_PARK,FUSED_MEDIAN,23,1.7993883609956631,1.9897467285803865,2.553620230649673,0.4427738526026659,True,True
time_offset,0,2642.839254998762,TIME_AWARE_PARK,upper_arm_camera,24,1.499250868353374,1.6816965732071085,2.278920261193006,0.4069313326663269,True,True
time_offset,0,2642.839254998762,TIME_AWARE_PARK,forearm_camera,24,2.8858194486194817,2.9250187205928473,3.5218993513579075,0.3261464936969624,False,True
time_offset,0,2642.839254998762,TIME_AWARE_PARK,wrist_camera,24,9.220065956397198,9.392525409349492,10.593322661200476,0.35295912947173896,False,False
time_offset,0,2642.839254998762,TIME_AWARE_PARK,FUSED_MEDIAN,24,1.499250868353374,1.6816965732071085,2.278920261193006,0.3616146749743358,True,True
time_offset,0,2642.839254998762,TIME_AWARE_PARK,upper_arm_camera,25,2.52565950433241,2.678257479425698,3.5345156047960695,0.3866177387971805,False,True
time_offset,0,2642.839254998762,TIME_AWARE_PARK,forearm_camera,25,2.153703751456292,2.261232546243659,2.822521530464056,0.4637626798811436,False,True
time_offset,0,2642.839254998762,TIME_AWARE_PARK,wrist_camera,25,6.608716099342928,6.71119198619182,7.314571642938937,0.22540405895829935,False,False
time_offset,0,2642.839254998762,TIME_AWARE_PARK,FUSED_MEDIAN,25,2.0817926901522847,2.4051834551490434,3.739619902389129,0.3536457435229941,False,True
time_offset,0,2642.839254998762,TIME_AWARE_PARK,upper_arm_camera,26,1.6128888099417664,1.7580861037753561,2.4056042558432242,0.3947172204487271,True,True
time_offset,0,2642.839254998762,TIME_AWARE_PARK,forearm_camera,26,3.37316546332507,3.458440968801975,4.353264241552675,0.5096500352674413,False,True
time_offset,0,2642.839254998762,TIME_AWARE_PARK,wrist_camera,26,4.689655429784995,4.727643992250365,5.046515089031551,0.1572433149389315,False,True
time_offset,0,2642.839254998762,TIME_AWARE_PARK,FUSED_MEDIAN,26,2.777581939565178,2.7976522932295507,3.6123198666259144,0.33489383959677377,False,True
time_offset,0,2642.839254998762,TIME_AWARE_PARK,upper_arm_camera,27,3.5697689470683285,3.6306598698260024,4.5952143356799,0.34188914826230316,False,True
time_offset,0,2642.839254998762,TIME_AWARE_PARK,forearm_camera,27,5.284833270565945,5.376970984894969,6.713066881514601,0.5537798823343848,False,False
time_offset,0,2642.839254998762,TIME_AWARE_PARK,wrist_camera,27,6.755774971354825,6.775945989616306,6.989747345409124,0.22099576597282825,False,False
time_offset,0,2642.839254998762,TIME_AWARE_PARK,FUSED_MEDIAN,27,3.3011531813281927,3.374553509888621,4.355067346933634,0.269281400963237,False,True
time_offset,0,2642.839254998762,TIME_AWARE_PARK,upper_arm_camera,28,3.5180642308673407,3.593656937069541,4.494249398693868,0.28139819473168143,False,True
time_offset,0,2642.839254998762,TIME_AWARE_PARK,forearm_camera,28,6.904214018453724,6.993104899296662,8.69473582502411,0.6743451675184866,False,False
time_offset,0,2642.839254998762,TIME_AWARE_PARK,wrist_camera,28,14.191311695476044,14.323346380170323,16.490807921368123,0.7648835889869476,False,False
time_offset,0,2642.839254998762,TIME_AWARE_PARK,FUSED_MEDIAN,28,2.2837605008661246,2.362171942266525,3.0008181473489217,0.26881220956462815,False,True
time_offset,0,2642.839254998762,TIME_AWARE_PARK,upper_arm_camera,29,4.319324228889396,4.397845941158005,5.440914152775102,0.23962417459206,False,True
time_offset,0,2642.839254998762,TIME_AWARE_PARK,forearm_camera,29,6.844521385584691,6.96497686948302,8.609055765629256,0.6853184086770582,False,False
time_offset,0,2642.839254998762,TIME_AWARE_PARK,wrist_camera,29,14.820563323799155,14.979408426741369,17.412404516349174,0.9052801186205197,False,False
time_offset,0,2642.839254998762,TIME_AWARE_PARK,FUSED_MEDIAN,29,3.139436044701102,3.2594900631287924,4.143205457269987,0.2810561649218863,False,True
time_offset,0,2642.839254998762,TIME_AWARE_PARK,upper_arm_camera,30,6.086750239314822,6.16257359037656,7.626996033595737,0.4821437312857499,False,False
time_offset,0,2642.839254998762,TIME_AWARE_PARK,forearm_camera,30,6.680642077897171,6.834468141965025,8.582813664371496,0.7022043158199611,False,False
time_offset,0,2642.839254998762,TIME_AWARE_PARK,wrist_camera,30,25.12991742054601,25.351822345104846,29.52113572867566,1.3561850165172735,False,False
time_offset,0,2642.839254998762,TIME_AWARE_PARK,FUSED_MEDIAN,30,6.055665426233072,6.042786293193139,7.626996033595737,0.3148806114431024,False,False
time_offset,0,2642.839254998762,TIME_AWARE_PARK,upper_arm_camera,31,4.644606935385375,4.726436308169867,5.834824612445028,0.2589795076175827,False,True
time_offset,0,2642.839254998762,TIME_AWARE_PARK,forearm_camera,31,4.801007613117398,4.8954730482839945,5.971275904430047,0.5851795320259213,False,True
time_offset,0,2642.839254998762,TIME_AWARE_PARK,wrist_camera,31,32.226944531396114,32.516189669458214,37.94757610100586,1.8414325902056579,False,False
time_offset,0,2642.839254998762,TIME_AWARE_PARK,FUSED_MEDIAN,31,3.5411189609949436,3.603337348800801,4.347249591429301,0.48463234600683847,False,True
time_offset,0,2642.839254998762,TIME_AWARE_PARK,upper_arm_camera,32,5.044577847651252,5.138287010462895,6.389596260299883,0.3125482254240166,False,False
time_offset,0,2642.839254998762,TIME_AWARE_PARK,forearm_camera,32,6.865605026760371,7.108388878924026,9.015440914361703,0.7717158560763608,False,False
time_offset,0,2642.839254998762,TIME_AWARE_PARK,wrist_camera,32,35.357486578278326,35.653581472644035,41.74005168337785,2.15181875601491,False,False
time_offset,0,2642.839254998762,TIME_AWARE_PARK,FUSED_MEDIAN,32,4.471496592365431,4.690026224619394,6.266159185607066,0.5453116510466608,False,True
time_offset,0,2642.839254998762,TIME_AWARE_PARK,upper_arm_camera,33,6.837207948155811,6.948682082660959,8.398075108367793,0.2656771763337502,False,False
time_offset,0,2642.839254998762,TIME_AWARE_PARK,forearm_camera,33,6.1888934358376195,6.476226853500618,8.01861577762655,0.6228984605694317,False,False
time_offset,0,2642.839254998762,TIME_AWARE_PARK,wrist_camera,33,38.57588041485884,38.91399645468333,45.925640198576325,2.55292248378366,False,False
time_offset,0,2642.839254998762,TIME_AWARE_PARK,FUSED_MEDIAN,33,6.1888934358376195,6.374164191876996,8.01861577762655,0.7346594210951481,False,False
time_offset,0,2642.839254998762,TIME_AWARE_PARK,upper_arm_camera,34,5.640988365325932,5.7340585191644395,6.842117273516212,0.14504721688278732,False,False
time_offset,0,2642.839254998762,TIME_AWARE_PARK,forearm_camera,34,6.488077107941262,6.824753185895692,8.515541587460632,0.764108661389492,False,False
time_offset,0,2642.839254998762,TIME_AWARE_PARK,wrist_camera,34,40.39186121620618,40.74411326431107,48.42391174259135,2.814593926375883,False,False
time_offset,0,2642.839254998762,TIME_AWARE_PARK,FUSED_MEDIAN,34,5.889790509566425,6.175552626550058,7.493902657940261,0.8365077924274261,False,False
time_offset,0,2642.839254998762,TIME_AWARE_PARK,upper_arm_camera,35,7.584939918969765,7.71361974582525,9.3218069860196,0.2148357991509833,False,False
time_offset,0,2642.839254998762,TIME_AWARE_PARK,forearm_camera,35,6.148883117617359,6.511292411463135,7.88876076368966,0.8473725995422899,False,False
time_offset,0,2642.839254998762,TIME_AWARE_PARK,wrist_camera,35,37.61688171441944,37.94393073170184,45.31830164040298,2.7875867206647467,False,False
time_offset,0,2642.839254998762,TIME_AWARE_PARK,FUSED_MEDIAN,35,7.960462077280575,7.952577165748892,9.473024426880018,0.7681457877047009,False,False
gaussian,1,14.143757998681394,PARK,upper_arm_camera,0,0.8916516233886927,0.9155090838431563,1.1729780926286644,0.09889977471076605,True,True
gaussian,1,14.143757998681394,PARK,forearm_camera,0,1.2292526973531066,1.2396936328130541,1.4543958556008547,0.07920332801636339,True,True
gaussian,1,14.143757998681394,PARK,wrist_camera,0,0.26871996532965714,0.27555009688413395,0.34799431953599397,0.01599636626888801,True,True
gaussian,1,14.143757998681394,PARK,FUSED_MEDIAN,0,0.8867146356230647,0.9095791546398556,1.1615080517315655,0.05370772114544928,True,True
gaussian,1,14.143757998681394,PARK,upper_arm_camera,1,1.151849354481957,1.1590812909765316,1.298462324570669,0.04134448118242659,True,True
gaussian,1,14.143757998681394,PARK,forearm_camera,1,2.156034018774558,2.1715549942453123,2.531276873025336,0.11657676954068949,False,True
gaussian,1,14.143757998681394,PARK,wrist_camera,1,1.1462658695520285,1.159624285040463,1.3681826131085344,0.06432229625163678,True,True
gaussian,1,14.143757998681394,PARK,FUSED_MEDIAN,1,0.7694680798525328,0.7832050821399013,0.9710835494087682,0.05072395453459769,True,True
gaussian,1,14.143757998681394,PARK,upper_arm_camera,2,2.612165509638505,2.650860781629457,3.1971035082979915,0.1545220401909966,False,True
gaussian,1,14.143757998681394,PARK,forearm_camera,2,0.4516399147832499,0.45680489902374255,0.5012563759329073,0.03630962971663739,True,True
gaussian,1,14.143757998681394,PARK,wrist_camera,2,1.6645321975096572,1.698899103537977,2.0225397039287256,0.06222211786120472,True,True
gaussian,1,14.143757998681394,PARK,FUSED_MEDIAN,2,0.4516399147832499,0.45680489902374255,0.5012563759329073,0.019321450500718172,True,True
gaussian,1,14.143757998681394,PARK,upper_arm_camera,3,0.5009426431610987,0.5303534954221775,0.7536518002622957,0.08612451802391902,True,True
gaussian,1,14.143757998681394,PARK,forearm_camera,3,0.9613817227337366,0.977770423401102,1.1028347615196084,0.07134154282390166,True,True
gaussian,1,14.143757998681394,PARK,wrist_camera,3,1.2275425015210504,1.245125841905992,1.4607163429286525,0.06265790859461032,True,True
gaussian,1,14.143757998681394,PARK,FUSED_MEDIAN,3,0.28253177415651276,0.29468684694859293,0.4161619527506655,0.035323153079223894,True,True
gaussian,1,14.143757998681394,PARK,upper_arm_camera,4,0.45394783611206524,0.48257384900428185,0.6393218170610085,0.03139293495211134,True,True
gaussian,1,14.143757998681394,PARK,forearm_camera,4,1.0148494341237901,1.0365560645476293,1.2739508620092077,0.05421205615213311,True,True
gaussian,1,14.143757998681394,PARK,wrist_camera,4,1.5704639455867409,1.6030721740545983,1.9006311962490081,0.13267728984051858,True,True
gaussian,1,14.143757998681394,PARK,FUSED_MEDIAN,4,0.6439749903752601,0.6750469863220375,0.8302241491000568,0.05074137093401474,True,True
gaussian,1,14.143757998681394,PARK,upper_arm_camera,5,1.1038993025900319,1.1262111869698228,1.4044582935122043,0.08242668574624111,True,True
gaussian,1,14.143757998681394,PARK,forearm_camera,5,0.5815797002932289,0.5882603969430632,0.6684532302361391,0.019560917140744618,True,True
gaussian,1,14.143757998681394,PARK,wrist_camera,5,1.0286066290083653,1.0853848981085343,1.2258893001870983,0.16421553170031186,True,True
gaussian,1,14.143757998681394,PARK,FUSED_MEDIAN,5,0.661771075673806,0.7303649605248477,0.8499817505319311,0.031690955657509776,True,True
gaussian,1,14.143757998681394,PARK,upper_arm_camera,6,0.660160279774441,0.670761723449898,0.8237535892738493,0.043791664891395396,True,True
gaussian,1,14.143757998681394,PARK,forearm_camera,6,1.4722655915822191,1.5070251418344283,1.8288007787489946,0.0798075197117638,True,True
gaussian,1,14.143757998681394,PARK,wrist_camera,6,1.5231795173023326,1.5771200453301486,1.9398545675864562,0.03473513217443542,True,True
gaussian,1,14.143757998681394,PARK,FUSED_MEDIAN,6,1.3156828694954568,1.3674886905328123,1.7322681049466886,0.05065434786769583,True,True
gaussian,1,14.143757998681394,PARK,upper_arm_camera,7,1.8720908037753206,1.8973915216529926,2.2230532345801923,0.055578047206429844,True,True
gaussian,1,14.143757998681394,PARK,forearm_camera,7,0.7136252559702653,0.716674767720423,0.7737017587651545,0.020104021475858366,True,True
gaussian,1,14.143757998681394,PARK,wrist_camera,7,0.44833123290013244,0.4780093569826606,0.6497124636154931,0.07197315730763566,True,True
gaussian,1,14.143757998681394,PARK,FUSED_MEDIAN,7,0.44833123290013244,0.4816045013978359,0.697784668105835,0.03759441887897841,True,True
gaussian,1,14.143757998681394,PARK,upper_arm_camera,8,0.8820437933956334,0.905301710412064,1.1108024668441403,0.03135375125658276,True,True
gaussian,1,14.143757998681394,PARK,forearm_camera,8,2.361915455386663,2.375156912821839,2.6703817769918246,0.14167155561258188,False,True
gaussian,1,14.143757998681394,PARK,wrist_camera,8,0.7499663136822979,0.7669301775491343,0.9158760770290649,0.06665595766446714,True,True
gaussian,1,14.143757998681394,PARK,FUSED_MEDIAN,8,1.0505509084242821,1.074555038679778,1.3271495080352818,0.06235670980812599,True,True
gaussian,1,14.143757998681394,PARK,upper_arm_camera,9,1.2414229329915052,1.2487843559522591,1.4159891795277477,0.05539798076486711,True,True
gaussian,1,14.143757998681394,PARK,forearm_camera,9,1.6130179202185524,1.6348676586371118,1.9162299036164783,0.08457196748379844,True,True
gaussian,1,14.143757998681394,PARK,wrist_camera,9,1.0547282501955646,1.0621242602853807,1.1746075257622048,0.02784634827791644,True,True
gaussian,1,14.143757998681394,PARK,FUSED_MEDIAN,9,0.6082174296528255,0.6252619861475905,0.7322557234475049,0.01983505795647415,True,True
gaussian,1,14.143757998681394,PARK,upper_arm_camera,10,2.8347407107193385,2.8853041883058546,3.416759968042113,0.05034067945904298,False,True
gaussian,1,14.143757998681394,PARK,forearm_camera,10,0.5203450186757866,0.524867258563308,0.5816866648372415,0.024161869337007622,True,True
gaussian,1,14.143757998681394,PARK,wrist_camera,10,1.656612536108473,1.6725781447711725,1.9366770197621863,0.13387498180872695,True,True
gaussian,1,14.143757998681394,PARK,FUSED_MEDIAN,10,0.5203450186757866,0.5250284292309877,0.5816866648372415,0.0596655257818024,True,True
gaussian,1,14.143757998681394,PARK,upper_arm_camera,11,2.0761376983192106,2.089185719896196,2.4506732844916446,0.12537535778704048,False,True
gaussian,1,14.143757998681394,PARK,forearm_camera,11,1.1079882478993481,1.1405106924705821,1.4082291504264963,0.06507471263583446,True,True
gaussian,1,14.143757998681394,PARK,wrist_camera,11,1.2723300357541993,1.3214051834272376,1.697091935022047,0.019323895811244406,True,True
gaussian,1,14.143757998681394,PARK,FUSED_MEDIAN,11,1.135625599447693,1.1648538474965007,1.4082291504264963,0.05159873977574978,True,True
gaussian,1,14.143757998681394,PARK,upper_arm_camera,12,0.8081175890114011,0.8222644978490306,0.9720588761043237,0.04873092790527271,True,True
gaussian,1,14.143757998681394,PARK,forearm_camera,12,1.0931923421700873,1.0939175715001606,1.1027682941764319,0.018247335030416378,True,True
gaussian,1,14.143757998681394,PARK,wrist_camera,12,0.8863034825042184,0.9028772874881446,1.103872147702529,0.0806255858463055,True,True
gaussian,1,14.143757998681394,PARK,FUSED_MEDIAN,12,0.3379045839377706,0.3451139968000208,0.4159823909524999,0.020210031914256597,True,True
gaussian,1,14.143757998681394,PARK,upper_arm_camera,13,1.129123952703388,1.1483954842146196,1.3713462315856864,0.02064831087141194,True,True
gaussian,1,14.143757998681394,PARK,forearm_camera,13,0.5140265809257487,0.5208264320097292,0.5610879084008327,0.04290214062464592,True,True
gaussian,1,14.143757998681394,PARK,wrist_camera,13,0.8673081992907402,0.8730411559706223,1.0340772795335589,0.06268703127763897,True,True
gaussian,1,14.143757998681394,PARK,FUSED_MEDIAN,13,0.38759614265065245,0.4115529891431017,0.4599854768773535,0.019715752860228853,True,True
gaussian,1,14.143757998681394,PARK,upper_arm_camera,14,1.290736472632935,1.3007927008079136,1.5124472663785669,0.06867747100294269,True,True
gaussian,1,14.143757998681394,PARK,forearm_camera,14,1.4594145439381507,1.4736627892091636,1.7341814470353039,0.08559648520234699,True,True
gaussian,1,14.143757998681394,PARK,wrist_camera,14,1.2206574182274064,1.2383128350355301,1.4527349879617888,0.041981356864699365,True,True
gaussian,1,14.143757998681394,PARK,FUSED_MEDIAN,14,1.4285591593442386,1.4301839642010807,1.7319288471111127,0.054004656456597924,True,True
gaussian,1,14.143757998681394,PARK,upper_arm_camera,15,0.25365555241873305,0.3148713734948949,0.44943340233697976,0.11679794428234355,True,True
gaussian,1,14.143757998681394,PARK,forearm_camera,15,1.264886759486623,1.275215902595871,1.4448701233277284,0.07578030680797261,True,True
gaussian,1,14.143757998681394,PARK,wrist_camera,15,0.368505931520318,0.3945854183477413,0.5172494370192396,0.0203506325007973,True,True
gaussian,1,14.143757998681394,PARK,FUSED_MEDIAN,15,0.3268100648438624,0.3314049369510414,0.36856575460955476,0.05280333462548603,True,True
gaussian,1,14.143757998681394,PARK,upper_arm_camera,16,4.215675081863782,4.26823064798464,5.013581660064442,0.07913828014683058,False,True
gaussian,1,14.143757998681394,PARK,forearm_camera,16,2.9101307546756194,2.945530240993078,3.449180249057834,0.056385515609095424,False,True
gaussian,1,14.143757998681394,PARK,wrist_camera,16,0.8990269179967308,0.9129281946628283,1.0653924220520627,0.07405555354357082,True,True
gaussian,1,14.143757998681394,PARK,FUSED_MEDIAN,16,2.8796725428929153,2.9279508607192373,3.4212629962388346,0.020057999193028128,False,True
gaussian,1,14.143757998681394,PARK,upper_arm_camera,17,2.8944568196761806,2.9329157515328044,3.4661428992660546,0.033973177380014694,False,True
gaussian,1,14.143757998681394,PARK,forearm_camera,17,0.4406160475367125,0.4669105500348402,0.5593866760282921,0.1008664820499109,True,True
gaussian,1,14.143757998681394,PARK,wrist_camera,17,1.9494718349810487,1.9591809232794257,2.2256315786399656,0.0939875867513533,True,True
gaussian,1,14.143757998681394,PARK,FUSED_MEDIAN,17,0.7244769461193918,0.7617044047440702,0.949593412348483,0.0540446529381856,True,True
gaussian,1,14.143757998681394,PARK,upper_arm_camera,18,1.7260908046299663,1.7732382332176597,2.2395707004712495,0.15944230266936524,True,True
gaussian,1,14.143757998681394,PARK,forearm_camera,18,0.5360385427909017,0.5500364750038182,0.6909051540489124,0.06283116592098015,True,True
gaussian,1,14.143757998681394,PARK,wrist_camera,18,0.7885684962204158,0.7991729469249379,0.9540982188472934,0.07293443440560297,True,True
gaussian,1,14.143757998681394,PARK,FUSED_MEDIAN,18,0.5360385427909017,0.5749164514674463,0.6909051540489124,0.07069780320179417,True,True
gaussian,1,14.143757998681394,PARK,upper_arm_camera,19,0.8890487666482116,0.8997025324456556,1.0372906218468823,0.017857471836835656,True,True
gaussian,1,14.143757998681394,PARK,forearm_camera,19,0.5575093583774273,0.5627241704226368,0.6188973347155304,0.043794971365736374,True,True
gaussian,1,14.143757998681394,PARK,wrist_camera,19,0.12643355057706626,0.21135730489361046,0.2686091495361754,0.052264262759234896,True,True
gaussian,1,14.143757998681394,PARK,FUSED_MEDIAN,19,0.07580221789094639,0.16730697157978813,0.2604729103106903,0.010912154502631135,True,True
gaussian,1,14.143757998681394,PARK,upper_arm_camera,20,1.4494658551203459,1.466503463632193,1.7345116119127952,0.06802410601808097,True,True
gaussian,1,14.143757998681394,PARK,forearm_camera,20,1.1834397662014213,1.1963675449477114,1.3929710450716741,0.07011089653250309,True,True
gaussian,1,14.143757998681394,PARK,wrist_camera,20,2.301246043248049,2.3212701419761186,2.637261429367839,0.03626593639184374,False,True
gaussian,1,14.143757998681394,PARK,FUSED_MEDIAN,20,0.7377294197400392,0.7695732689229213,0.93870261079001,0.04558161772916163,True,True
gaussian,1,14.143757998681394,PARK,upper_arm_camera,21,0.7315082147117299,0.7350890397721954,0.791883736109307,0.028738169781680867,True,True
gaussian,1,14.143757998681394,PARK,forearm_camera,21,0.7447286417647577,0.7497803992014893,0.823600979934564,0.049769299123901316,True,True
gaussian,1,14.143757998681394,PARK,wrist_camera,21,1.1122848206064455,1.1293766382719663,1.39603838564977,0.10515039689206356,True,True
gaussian,1,14.143757998681394,PARK,FUSED_MEDIAN,21,0.4767035739381076,0.48548696529485386,0.5320895014328875,0.04544445741299472,True,True
gaussian,1,14.143757998681394,PARK,upper_arm_camera,22,0.4662603306948646,0.47563138682267353,0.5590585272643736,0.0058003617804369195,True,True
gaussian,1,14.143757998681394,PARK,forearm_camera,22,2.3855221840614522,2.4226470440889143,2.875305510269834,0.0636009584056725,False,True
gaussian,1,14.143757998681394,PARK,wrist_camera,22,1.9236534709779738,1.9398172210874212,2.329381789644716,0.15105598378962887,True,True
gaussian,1,14.143757998681394,PARK,FUSED_MEDIAN,22,0.45273860133129046,0.4663047484324297,0.5901208497018725,0.07118714183500324,True,True
gaussian,1,14.143757998681394,PARK,upper_arm_camera,23,0.6855319688336096,0.6966841727354706,0.8100152676654646,0.03816195918671825,True,True
gaussian,1,14.143757998681394,PARK,forearm_camera,23,0.7993014386969516,0.8128105205615966,0.8449180502873572,0.10138819582531958,True,True
gaussian,1,14.143757998681394,PARK,wrist_camera,23,0.9732381012849142,0.9811048896473485,1.1094096951549726,0.05179940819006637,True,True
gaussian,1,14.143757998681394,PARK,FUSED_MEDIAN,23,0.6921739178961264,0.7129652922421055,0.8248077605861469,0.024862941998095158,True,True
gaussian,1,14.143757998681394,PARK,upper_arm_camera,24,0.46614177114056277,0.47611194092531417,0.5714897526790309,0.05142799808787651,True,True
gaussian,1,14.143757998681394,PARK,forearm_camera,24,0.7075616863060199,0.7118177275101085,0.7410749467403684,0.040012841129553355,True,True
gaussian,1,14.143757998681394,PARK,wrist_camera,24,1.0799003218469405,1.087840005209656,1.237095343211334,0.03905174968990562,True,True
gaussian,1,14.143757998681394,PARK,FUSED_MEDIAN,24,0.4048907335656742,0.41374789271633633,0.47397314528310885,0.020406540921344623,True,True
gaussian,1,14.143757998681394,PARK,upper_arm_camera,25,2.0027717032163928,2.0205717579968496,2.426322065714069,0.14199331599726356,False,True
gaussian,1,14.143757998681394,PARK,forearm_camera,25,1.4105231868262988,1.4638155256710288,1.8909746512339496,0.18276079382467753,True,True
gaussian,1,14.143757998681394,PARK,wrist_camera,25,0.8104895992469171,0.863365944333992,1.1626794209692812,0.05822233415090098,True,True
gaussian,1,14.143757998681394,PARK,FUSED_MEDIAN,25,0.7708365722261451,0.8138723589128205,1.1120450902925973,0.052911166406001284,True,True
gaussian,1,14.143757998681394,PARK,upper_arm_camera,26,0.43068106749483054,0.4377333888924766,0.49855685701938757,0.045878767551614144,True,True
gaussian,1,14.143757998681394,PARK,forearm_camera,26,0.6912961509868037,0.6997893776021196,0.787369741889172,0.07431425639953891,True,True
gaussian,1,14.143757998681394,PARK,wrist_camera,26,1.829802531239301,1.8349511857072482,2.014830095388002,0.08862377460396083,True,True
gaussian,1,14.143757998681394,PARK,FUSED_MEDIAN,26,0.6143205075039208,0.6170653623754085,0.6272565361372139,0.04169894608482149,True,True
gaussian,1,14.143757998681394,PARK,upper_arm_camera,27,0.766655040976836,0.7757077900568832,0.8932527423022989,0.03726948381335813,True,True
gaussian,1,14.143757998681394,PARK,forearm_camera,27,0.7520075880435226,0.7565480541704355,0.8568935223108911,0.021894053392698152,True,True
gaussian,1,14.143757998681394,PARK,wrist_camera,27,0.5646092956554493,0.5672762739541238,0.6006001611861055,0.01712832326681415,True,True
gaussian,1,14.143757998681394,PARK,FUSED_MEDIAN,27,0.5334639950659058,0.5374886214774665,0.6445921937067055,0.010642599541054605,True,True
gaussian,1,14.143757998681394,PARK,upper_arm_camera,28,2.3411193457958213,2.3685485965257587,2.7585434476986044,0.04456519291409095,False,True
gaussian,1,14.143757998681394,PARK,forearm_camera,28,0.7534463964533344,0.7616431475525418,0.8710752958301642,0.07370009387762864,True,True
gaussian,1,14.143757998681394,PARK,wrist_camera,28,1.240869485627348,1.264606434877912,1.4899433263140487,0.06605715703896052,True,True
gaussian,1,14.143757998681394,PARK,FUSED_MEDIAN,28,0.5230257321857064,0.5740589662794459,0.6942767800994607,0.060671125016716336,True,True
gaussian,1,14.143757998681394,PARK,upper_arm_camera,29,0.7855255040519007,0.7923708644572771,0.8962057034918146,0.02604703142864402,True,True
gaussian,1,14.143757998681394,PARK,forearm_camera,29,0.6110909877730519,0.6346558891791293,0.7859434287895338,0.0858494129038156,True,True
gaussian,1,14.143757998681394,PARK,wrist_camera,29,2.041695859897856,2.058236162839315,2.356062351209019,0.046775023768452925,False,True
gaussian,1,14.143757998681394,PARK,FUSED_MEDIAN,29,0.4562496300842258,0.468538939704792,0.5395693051060976,0.05101680936263053,True,True
gaussian,1,14.143757998681394,PARK,upper_arm_camera,30,0.6216194641610652,0.6350562347798189,0.7429493003121368,0.0062417349972335254,True,True
gaussian,1,14.143757998681394,PARK,forearm_camera,30,0.8227605496071078,0.8280717949483776,0.9460628060049265,0.04209214433318904,True,True
gaussian,1,14.143757998681394,PARK,wrist_camera,30,4.284736208883173,4.305826304510506,4.802646681406306,0.16086293063677504,False,True
gaussian,1,14.143757998681394,PARK,FUSED_MEDIAN,30,0.8227605496071078,0.8280717949483776,0.9460628060049265,0.06583310745440529,True,True
gaussian,1,14.143757998681394,PARK,upper_arm_camera,31,2.0132462222667096,2.042138687051067,2.3058514721263674,0.1934931862883666,False,True
gaussian,1,14.143757998681394,PARK,forearm_camera,31,1.1736844603009515,1.1881878857183519,1.4101232060679054,0.03603140049757888,True,True
gaussian,1,14.143757998681394,PARK,wrist_camera,31,0.41202558043797527,0.5097841652783873,0.7473439415099443,0.0782168217083742,True,True
gaussian,1,14.143757998681394,PARK,FUSED_MEDIAN,31,1.1736844603009515,1.177983572625714,1.4101232060679054,0.059058531847088765,True,True
gaussian,1,14.143757998681394,PARK,upper_arm_camera,32,2.0089922497764694,2.044391615297073,2.474841110497494,0.14620153982779735,False,True
gaussian,1,14.143757998681394,PARK,forearm_camera,32,1.814722253108064,1.8362513862251002,2.151077870373352,0.03892638892138842,True,True
gaussian,1,14.143757998681394,PARK,wrist_camera,32,1.9175607869720073,1.9280864368873827,2.2374711309190296,0.10175285784848245,True,True
gaussian,1,14.143757998681394,PARK,FUSED_MEDIAN,32,0.8470798183104323,0.8406139487191125,1.0041284636278243,0.05763457479946516,True,True
gaussian,1,14.143757998681394,PARK,upper_arm_camera,33,1.5217900092484373,1.5732757983182497,1.9867363362451427,0.08519116648698455,True,True
gaussian,1,14.143757998681394,PARK,forearm_camera,33,0.562543810501064,0.571264928916243,0.6783220697994591,0.04559202020243859,True,True
gaussian,1,14.143757998681394,PARK,wrist_camera,33,1.6614638176653316,1.7243208196240813,2.230906213756429,0.10462374656769391,True,True
gaussian,1,14.143757998681394,PARK,FUSED_MEDIAN,33,0.908450185752675,0.9388070957022427,1.2247009231878532,0.044613668269330206,True,True
gaussian,1,14.143757998681394,PARK,upper_arm_camera,34,1.9108467131336972,1.9375331704989995,2.2851225642705333,0.001237903188891909,True,True
gaussian,1,14.143757998681394,PARK,forearm_camera,34,3.0748303493736913,3.0979001616419493,3.6027431362486646,0.17715618698495963,False,True
gaussian,1,14.143757998681394,PARK,wrist_camera,34,0.6947184910887153,0.6975992038026797,0.7622952141525514,0.012842686559771792,True,True
gaussian,1,14.143757998681394,PARK,FUSED_MEDIAN,34,0.8191396216242234,0.8428563371216459,0.9715710369405395,0.05729646328339625,True,True
gaussian,1,14.143757998681394,PARK,upper_arm_camera,35,1.3012320110172584,1.3140792917837711,1.5064510370405437,0.03283046629000244,True,True
gaussian,1,14.143757998681394,PARK,forearm_camera,35,1.2400330958593748,1.2503148480464772,1.3886683212977124,0.05943938928679381,True,True
gaussian,1,14.143757998681394,PARK,wrist_camera,35,0.9320786167578158,0.9407393312299484,1.04630055724201,0.051392044153043354,True,True
gaussian,1,14.143757998681394,PARK,FUSED_MEDIAN,35,0.3231538803438213,0.35367714752283397,0.386387425937058,0.024971433001463567,True,True
gaussian,1,388.84497999970336,JOINT_HUBER,upper_arm_camera,0,0.9729533951774189,0.9981631720791727,1.2264976225657473,0.10428718667556493,True,True
gaussian,1,388.84497999970336,JOINT_HUBER,forearm_camera,0,0.8002576241110994,0.8053883312455544,0.9303789974581888,0.05352857903381018,True,True
gaussian,1,388.84497999970336,JOINT_HUBER,wrist_camera,0,0.8213967955352779,0.824724703163541,0.9224429332163379,0.03534197473378009,True,True
gaussian,1,388.84497999970336,JOINT_HUBER,FUSED_MEDIAN,0,0.8213967955352779,0.8150225831945975,0.9224429332163379,0.05935135975637927,True,True
gaussian,1,388.84497999970336,JOINT_HUBER,upper_arm_camera,1,0.8444943278863876,0.847609122146604,0.9248645886408365,0.0318348963285959,True,True
gaussian,1,388.84497999970336,JOINT_HUBER,forearm_camera,1,2.240482824333385,2.2573941285772503,2.5836249254393246,0.10900298803917394,False,True
gaussian,1,388.84497999970336,JOINT_HUBER,wrist_camera,1,1.004648446338578,1.0163575646367782,1.2091426460100494,0.06093411474241798,True,True
gaussian,1,388.84497999970336,JOINT_HUBER,FUSED_MEDIAN,1,0.6647348431272725,0.6762233812552192,0.8232130187191871,0.03819013591582628,True,True
gaussian,1,388.84497999970336,JOINT_HUBER,upper_arm_camera,2,2.0921621945731803,2.1281115594812956,2.612471728565184,0.13589108530310692,False,True
gaussian,1,388.84497999970336,JOINT_HUBER,forearm_camera,2,0.4665632570959252,0.4700462533801514,0.5218644051768213,0.029865463135004388,True,True
gaussian,1,388.84497999970336,JOINT_HUBER,wrist_camera,2,1.2321144656126697,1.2611586380833555,1.5141982193229941,0.06969884288260193,True,True
gaussian,1,388.84497999970336,JOINT_HUBER,FUSED_MEDIAN,2,0.639341373798203,0.6346557928882136,0.7287602476292241,0.027188804090724838,True,True
gaussian,1,388.84497999970336,JOINT_HUBER,upper_arm_camera,3,0.2682050354720652,0.3015746796601039,0.46226086413566975,0.07041915705366192,True,True
gaussian,1,388.84497999970336,JOINT_HUBER,forearm_camera,3,1.2496712595295272,1.2723351994996934,1.4238576889067434,0.11158171390025974,True,True
gaussian,1,388.84497999970336,JOINT_HUBER,wrist_camera,3,0.9557973243443438,0.9650050616370592,1.098915682119518,0.027117052522670618,True,True
gaussian,1,388.84497999970336,JOINT_HUBER,FUSED_MEDIAN,3,0.18808617621398602,0.24928575091469746,0.3829568953105489,0.051199541968716115,True,True
gaussian,1,388.84497999970336,JOINT_HUBER,upper_arm_camera,4,0.5329455171806841,0.5431410430195661,0.6599329536197449,0.030016907611637597,True,True
gaussian,1,388.84497999970336,JOINT_HUBER,forearm_camera,4,0.7885835452496727,0.8026146758169593,0.9517060448987955,0.01373641907070519,True,True
gaussian,1,388.84497999970336,JOINT_HUBER,wrist_camera,4,1.7877161120232519,1.802848739467965,2.039088565955048,0.08739278305739287,True,True
gaussian,1,388.84497999970336,JOINT_HUBER,FUSED_MEDIAN,4,0.7541148086792996,0.7747264746842288,0.917798522764928,0.037958551291607856,True,True
gaussian,1,388.84497999970336,JOINT_HUBER,upper_arm_camera,5,0.862902816381549,0.8800611139757172,1.081769395676296,0.05960536788960747,True,True
gaussian,1,388.84497999970336,JOINT_HUBER,forearm_camera,5,0.9030260902913166,0.9138781759501684,1.057973154072094,0.01724447394954297,True,True
gaussian,1,388.84497999970336,JOINT_HUBER,wrist_camera,5,0.7208344983803497,0.7768293526754406,1.0556272220304714,0.150055248108874,True,True
gaussian,1,388.84497999970336,JOINT_HUBER,FUSED_MEDIAN,5,0.648330788674806,0.6669097700976209,0.6975199127446015,0.02995128747120772,True,True
gaussian,1,388.84497999970336,JOINT_HUBER,upper_arm_camera,6,0.5139043739644048,0.5190844934894397,0.5873454239137166,0.028125629331033967,True,True
gaussian,1,388.84497999970336,JOINT_HUBER,forearm_camera,6,1.7343014548867943,1.7737175312422666,2.1822950485625983,0.07143456735680405,True,True
gaussian,1,388.84497999970336,JOINT_HUBER,wrist_camera,6,1.7973291134510752,1.836346924657981,2.1420308587949437,0.08421955566537057,True,True
gaussian,1,388.84497999970336,JOINT_HUBER,FUSED_MEDIAN,6,1.371468010284944,1.4164837983365126,1.7524755389163325,0.05676414062920298,True,True
gaussian,1,388.84497999970336,JOINT_HUBER,upper_arm_camera,7,1.3788704317556804,1.400716650338258,1.664832054648242,0.03552034959322563,True,True
gaussian,1,388.84497999970336,JOINT_HUBER,forearm_camera,7,1.0017996529454554,1.0054258380241885,1.0878209915468002,0.03974337551015212,True,True
gaussian,1,388.84497999970336,JOINT_HUBER,wrist_camera,7,0.7476412926181486,0.7616799652444702,0.9016808853179223,0.06192088637579587,True,True
gaussian,1,388.84497999970336,JOINT_HUBER,FUSED_MEDIAN,7,0.7476412926181486,0.7539840810883749,0.893712473804249,0.04204948174718986,True,True
gaussian,1,388.84497999970336,JOINT_HUBER,upper_arm_camera,8,0.7509495672434721,0.7660764759533231,0.92717113982589,0.033150172877787126,True,True
gaussian,1,388.84497999970336,JOINT_HUBER,forearm_camera,8,2.3728875015860624,2.387779755600244,2.7043397489040957,0.11749008769225504,False,True
gaussian,1,388.84497999970336,JOINT_HUBER,wrist_camera,8,0.7552803675963825,0.7663098694139355,0.8778353575207656,0.058250669992017216,True,True
gaussian,1,388.84497999970336,JOINT_HUBER,FUSED_MEDIAN,8,0.917997197055534,0.9306971100885746,1.1308633512830217,0.06040078408124959,True,True
gaussian,1,388.84497999970336,JOINT_HUBER,upper_arm_camera,9,1.0879362851806091,1.0908083110757236,1.2016663416649922,0.03233453983439122,True,True
gaussian,1,388.84497999970336,JOINT_HUBER,forearm_camera,9,1.782872125989019,1.8068771011751406,2.1544211820784325,0.08585089663183788,True,True
gaussian,1,388.84497999970336,JOINT_HUBER,wrist_camera,9,1.2899139716755212,1.3022104991483707,1.4861633067597515,0.07639330006243382,True,True
gaussian,1,388.84497999970336,JOINT_HUBER,FUSED_MEDIAN,9,0.65369802861935,0.6776442115535865,0.8941871599190206,0.02219745102391092,True,True
gaussian,1,388.84497999970336,JOINT_HUBER,upper_arm_camera,10,2.6796050608984237,2.733012570031749,3.252843317375867,0.0763713396812752,False,True
gaussian,1,388.84497999970336,JOINT_HUBER,forearm_camera,10,0.9581026515682652,0.9669243217131743,1.0905475600813521,0.046885963298524035,True,True
gaussian,1,388.84497999970336,JOINT_HUBER,wrist_camera,10,0.8462758153311098,0.8794885477445512,1.1943899271483864,0.16420015581149763,True,True
gaussian,1,388.84497999970336,JOINT_HUBER,FUSED_MEDIAN,10,0.40515204715555264,0.43362003800390964,0.6233583284659452,0.06362064019692204,True,True
gaussian,1,388.84497999970336,JOINT_HUBER,upper_arm_camera,11,2.3617291376546365,2.375862412426743,2.776904701402859,0.1417672851622847,False,True
gaussian,1,388.84497999970336,JOINT_HUBER,forearm_camera,11,0.9910439625181657,1.0336662320485221,1.2851839318598657,0.10745518368480952,True,True
gaussian,1,388.84497999970336,JOINT_HUBER,wrist_camera,11,1.1322700022242622,1.1670928523828612,1.3912839051440746,0.05062404242134748,True,True
gaussian,1,388.84497999970336,JOINT_HUBER,FUSED_MEDIAN,11,1.039085438608045,1.1074669128652792,1.2401559156836655,0.06956074094883075,True,True
gaussian,1,388.84497999970336,JOINT_HUBER,upper_arm_camera,12,0.6848765580721897,0.690409877107629,0.7703473968707095,0.026556486142473634,True,True
gaussian,1,388.84497999970336,JOINT_HUBER,forearm_camera,12,1.059787555952414,1.0613476721936153,1.096698159776177,0.03323286352028305,True,True
gaussian,1,388.84497999970336,JOINT_HUBER,wrist_camera,12,0.6117267039808092,0.6279016633892409,0.7689629824682909,0.05262291345565253,True,True
gaussian,1,388.84497999970336,JOINT_HUBER,FUSED_MEDIAN,12,0.10132019725683414,0.13470406736631288,0.19716561026596188,0.025156172965000202,True,True
gaussian,1,388.84497999970336,JOINT_HUBER,upper_arm_camera,13,1.002503305936102,1.0154977035934614,1.1978140551874403,0.018409021705972275,True,True
gaussian,1,388.84497999970336,JOINT_HUBER,forearm_camera,13,0.3167004182449365,0.3180113628146429,0.3239323121934112,0.01363822077072058,True,True
gaussian,1,388.84497999970336,JOINT_HUBER,wrist_camera,13,1.3040119409589785,1.312080209464937,1.4943750565082365,0.0387732808894731,True,True
gaussian,1,388.84497999970336,JOINT_HUBER,FUSED_MEDIAN,13,0.22801092718243013,0.2443069901511234,0.32222399551397607,0.012436949067325233,True,True
gaussian,1,388.84497999970336,JOINT_HUBER,upper_arm_camera,14,1.082948727775212,1.0873752218043553,1.229323226243205,0.04419917177258895,True,True
gaussian,1,388.84497999970336,JOINT_HUBER,forearm_camera,14,1.6658802573410953,1.68255994572289,1.9930064821002962,0.07755014932391631,True,True
gaussian,1,388.84497999970336,JOINT_HUBER,wrist_camera,14,1.643614182629784,1.6573774504182959,1.930373284017958,0.06837935173906658,True,True
gaussian,1,388.84497999970336,JOINT_HUBER,FUSED_MEDIAN,14,1.3668227240566737,1.3988463904935433,1.6630843649797988,0.06275135672906218,True,True
gaussian,1,388.84497999970336,JOINT_HUBER,upper_arm_camera,15,0.5469226373022659,0.5800688591660155,0.7247368422743576,0.09976029788043522,True,True
gaussian,1,388.84497999970336,JOINT_HUBER,forearm_camera,15,1.054471833229473,1.0599521957732831,1.2044513367837402,0.05260866260127381,True,True
gaussian,1,388.84497999970336,JOINT_HUBER,wrist_camera,15,0.3052698236991423,0.3319475106375755,0.44242176921425536,0.056844257873165195,True,True
gaussian,1,388.84497999970336,JOINT_HUBER,FUSED_MEDIAN,15,0.5463338679252899,0.5696527168061932,0.7174156722260362,0.06714776725755006,True,True
gaussian,1,388.84497999970336,JOINT_HUBER,upper_arm_camera,16,4.068590841767901,4.113654686471487,4.784825628907516,0.07432815249415851,False,True
gaussian,1,388.84497999970336,JOINT_HUBER,forearm_camera,16,2.9814629779922104,3.0234804195207925,3.5872334529150267,0.021213519080473305,False,True
gaussian,1,388.84497999970336,JOINT_HUBER,wrist_camera,16,1.1862979493334618,1.1898500968674133,1.3120460627687036,0.044016205538094745,True,True
gaussian,1,388.84497999970336,JOINT_HUBER,FUSED_MEDIAN,16,2.9679089428494434,3.015135117558635,3.5734883107992363,0.027643972011849153,False,True
gaussian,1,388.84497999970336,JOINT_HUBER,upper_arm_camera,17,2.906916767032581,2.943433639236826,3.4683312414804197,0.004784491982810591,False,True
gaussian,1,388.84497999970336,JOINT_HUBER,forearm_camera,17,0.2115562543978735,0.23543879114988225,0.3026609519720829,0.06182548232712481,True,True
gaussian,1,388.84497999970336,JOINT_HUBER,wrist_camera,17,1.393705873725184,1.4060386771089879,1.6082426669297807,0.08788684595745527,True,True
gaussian,1,388.84497999970336,JOINT_HUBER,FUSED_MEDIAN,17,0.9777908906835172,0.956104151936973,1.071621275810219,0.027483662078822708,True,True
gaussian,1,388.84497999970336,JOINT_HUBER,upper_arm_camera,18,1.5425733358038833,1.5896272249904817,2.0420697498891767,0.155887531665244,True,True
gaussian,1,388.84497999970336,JOINT_HUBER,forearm_camera,18,0.446941113840615,0.45740756396115095,0.5004802754027468,0.06471168936063024,True,True
gaussian,1,388.84497999970336,JOINT_HUBER,wrist_camera,18,0.3793606682423527,0.3932727939275707,0.44545254021675346,0.05916639259071507,True,True
gaussian,1,388.84497999970336,JOINT_HUBER,FUSED_MEDIAN,18,0.10063466885993655,0.2044869624162362,0.4037463406553597,0.0588706885771779,True,True
gaussian,1,388.84497999970336,JOINT_HUBER,upper_arm_camera,19,0.46715528921045224,0.4729093408290061,0.5546864659158542,0.008596211347897082,True,True
gaussian,1,388.84497999970336,JOINT_HUBER,forearm_camera,19,0.399419141199992,0.4194761324186779,0.4637384395828285,0.05971591755509375,True,True
gaussian,1,388.84497999970336,JOINT_HUBER,wrist_camera,19,0.199024199973323,0.23703336488668564,0.33450719771001386,0.0556016422525463,True,True
gaussian,1,388.84497999970336,JOINT_HUBER,FUSED_MEDIAN,19,0.16457707441976926,0.13657614134066132,0.17817635395260478,0.005103079791765234,True,True
gaussian,1,388.84497999970336,JOINT_HUBER,upper_arm_camera,20,1.9268161267767594,1.9473436946816747,2.2734751167707326,0.08430999205745586,True,True
gaussian,1,388.84497999970336,JOINT_HUBER,forearm_camera,20,0.9533247067568202,0.9669339516815993,1.149531948712825,0.030782420444625452,True,True
gaussian,1,388.84497999970336,JOINT_HUBER,wrist_camera,20,2.1074954994367285,2.1413859663561734,2.570257814474064,0.06426414698472852,False,True
gaussian,1,388.84497999970336,JOINT_HUBER,FUSED_MEDIAN,20,1.062097668037659,1.1053022934779573,1.3309102267291166,0.05105765319021187,True,True
gaussian,1,388.84497999970336,JOINT_HUBER,upper_arm_camera,21,1.0650260781000112,1.0672732454370621,1.147220203316789,0.03485834079213352,True,True
gaussian,1,388.84497999970336,JOINT_HUBER,forearm_camera,21,0.8183403837240869,0.820514917300672,0.8536859617794554,0.02522572009005862,True,True
gaussian,1,388.84497999970336,JOINT_HUBER,wrist_camera,21,0.13935880835456918,0.20598454161150262,0.26475580634405416,0.10570978439295539,True,True
gaussian,1,388.84497999970336,JOINT_HUBER,FUSED_MEDIAN,21,0.07343940659475395,0.17068998655847586,0.25172934876950503,0.04890868882601627,True,True
gaussian,1,388.84497999970336,JOINT_HUBER,upper_arm_camera,22,0.6115247275547083,0.6128768674345733,0.6555244840304177,0.01340146793439141,True,True
gaussian,1,388.84497999970336,JOINT_HUBER,forearm_camera,22,2.5616612987409115,2.5962820157743995,3.022139967036617,0.10250495030372053,False,True
gaussian,1,388.84497999970336,JOINT_HUBER,wrist_camera,22,1.8242476458888601,1.834574005028535,2.1070660374571983,0.1309983287144722,True,True
gaussian,1,388.84497999970336,JOINT_HUBER,FUSED_MEDIAN,22,0.6137110920575344,0.6248153850571191,0.667771851831809,0.07143836187634217,True,True
gaussian,1,388.84497999970336,JOINT_HUBER,upper_arm_camera,23,0.3827900393837568,0.3886525342675121,0.41315551300438924,0.01819636501307203,True,True
gaussian,1,388.84497999970336,JOINT_HUBER,forearm_camera,23,0.9563114918667212,0.9656533640015156,1.0606553069403417,0.07737174552916407,True,True
gaussian,1,388.84497999970336,JOINT_HUBER,wrist_camera,23,0.9009837968799567,0.9025437983599475,0.9292247530896914,0.0369282068932268,True,True
gaussian,1,388.84497999970336,JOINT_HUBER,FUSED_MEDIAN,23,0.2228741738476449,0.25088041851068293,0.3671315741660246,0.00946197721233692,True,True
gaussian,1,388.84497999970336,JOINT_HUBER,upper_arm_camera,24,0.7125139218394697,0.7255793693342093,0.8611120249133869,0.06488709162892636,True,True
gaussian,1,388.84497999970336,JOINT_HUBER,forearm_camera,24,0.5398457710048837,0.5421508396280875,0.584782451909365,0.014780553348212499,True,True
gaussian,1,388.84497999970336,JOINT_HUBER,wrist_camera,24,0.8275444897947531,0.8347074047147187,0.9465570514070654,0.04645660225113774,True,True
gaussian,1,388.84497999970336,JOINT_HUBER,FUSED_MEDIAN,24,0.6020143886259798,0.5953192603124877,0.6903715458982549,0.02521109602398543,True,True
gaussian,1,388.84497999970336,JOINT_HUBER,upper_arm_camera,25,1.65322319003881,1.6711006501587857,2.0306301321305424,0.12698646606347783,True,True
gaussian,1,388.84497999970336,JOINT_HUBER,forearm_camera,25,1.136839938636494,1.1789000368475449,1.4999483624317298,0.14599665322193006,True,True
gaussian,1,388.84497999970336,JOINT_HUBER,wrist_camera,25,1.0248226672373821,1.0576957587922347,1.2918144574838355,0.04957059178382636,True,True
gaussian,1,388.84497999970336,JOINT_HUBER,FUSED_MEDIAN,25,0.8507701708353775,0.8522646192251623,0.9618467797442403,0.049368315480583555,True,True
gaussian,1,388.84497999970336,JOINT_HUBER,upper_arm_camera,26,0.3853150731004061,0.38666146047219063,0.4169410095718076,0.018138313227554742,True,True
gaussian,1,388.84497999970336,JOINT_HUBER,forearm_camera,26,1.0237033079645352,1.02933119985069,1.178950791458259,0.05850624881276793,True,True
gaussian,1,388.84497999970336,JOINT_HUBER,wrist_camera,26,2.1527119425394132,2.1625093741447956,2.3834859043779435,0.11883643638188546,False,True
gaussian,1,388.84497999970336,JOINT_HUBER,FUSED_MEDIAN,26,0.6298122029332589,0.6305721624888649,0.6386551478247771,0.04659006421171942,True,True
gaussian,1,388.84497999970336,JOINT_HUBER,upper_arm_camera,27,0.8525865489560817,0.8545716863125522,0.9027329733380496,0.014068566840367216,True,True
gaussian,1,388.84497999970336,JOINT_HUBER,forearm_camera,27,0.9462537991085709,0.9523215963431398,1.052142834622247,0.03811680805969196,True,True
gaussian,1,388.84497999970336,JOINT_HUBER,wrist_camera,27,0.8362695846083307,0.8414388978801683,0.930524451785981,0.05661192559844811,True,True
gaussian,1,388.84497999970336,JOINT_HUBER,FUSED_MEDIAN,27,0.5318485993609708,0.5191694757579611,0.5935911908827348,0.0314405319425852,True,True
gaussian,1,388.84497999970336,JOINT_HUBER,upper_arm_camera,28,2.2384372089453524,2.2593344509251767,2.5856882420465066,0.0581213675175901,False,True
gaussian,1,388.84497999970336,JOINT_HUBER,forearm_camera,28,0.7128238124978907,0.7143453735122913,0.7522013863125936,0.03234759091605039,True,True
gaussian,1,388.84497999970336,JOINT_HUBER,wrist_camera,28,1.2092411438197777,1.230283726029859,1.4577833165634269,0.11056284214113843,True,True
gaussian,1,388.84497999970336,JOINT_HUBER,FUSED_MEDIAN,28,0.6099723580447862,0.6372621492862508,0.7172173891898032,0.0669490715451345,True,True
gaussian,1,388.84497999970336,JOINT_HUBER,upper_arm_camera,29,0.6294178935978584,0.6321231371663875,0.6567162433258528,0.028956498093124457,True,True
gaussian,1,388.84497999970336,JOINT_HUBER,forearm_camera,29,0.6275177840409595,0.6468856781749699,0.8148190180487938,0.07365981330720123,True,True
gaussian,1,388.84497999970336,JOINT_HUBER,wrist_camera,29,1.9857244583554732,2.00049888961818,2.267798262294442,0.043402312763001764,True,True
gaussian,1,388.84497999970336,JOINT_HUBER,FUSED_MEDIAN,29,0.19849122002684358,0.20661137984914954,0.2579604454688892,0.042493400726092284,True,True
gaussian,1,388.84497999970336,JOINT_HUBER,upper_arm_camera,30,0.3616999622705289,0.36839423776175784,0.42410731204665925,0.010724438586232123,True,True
gaussian,1,388.84497999970336,JOINT_HUBER,forearm_camera,30,0.4225580245006445,0.4252507909310442,0.4676550296632187,0.02439869470226494,True,True
gaussian,1,388.84497999970336,JOINT_HUBER,wrist_camera,30,3.5514196614939193,3.574414590508169,4.059323134444955,0.12979164908119473,False,True
gaussian,1,388.84497999970336,JOINT_HUBER,FUSED_MEDIAN,30,0.4225580245006445,0.4252507909310442,0.4676550296632187,0.05127214544141098,True,True
gaussian,1,388.84497999970336,JOINT_HUBER,upper_arm_camera,31,2.279850704825508,2.308237032023796,2.4949033174728537,0.20336411760925227,False,True
gaussian,1,388.84497999970336,JOINT_HUBER,forearm_camera,31,1.1359521582358894,1.1602728604279997,1.4274145293705682,0.05319107939439422,True,True
gaussian,1,388.84497999970336,JOINT_HUBER,wrist_camera,31,0.47763070804283975,0.5546395728206682,0.8204589274609525,0.03885254249447027,True,True
gaussian,1,388.84497999970336,JOINT_HUBER,FUSED_MEDIAN,31,1.1359521582358894,1.1289516327198346,1.3810158313104997,0.04385196238253377,True,True
gaussian,1,388.84497999970336,JOINT_HUBER,upper_arm_camera,32,1.8805482509059386,1.9072197201212,2.258108113540713,0.12795417773726853,True,True
gaussian,1,388.84497999970336,JOINT_HUBER,forearm_camera,32,2.1632280364809926,2.187421796535737,2.5577547117568393,0.0762093528559893,False,True
gaussian,1,388.84497999970336,JOINT_HUBER,wrist_camera,32,2.5530534205257873,2.568196774412817,2.9772716122355325,0.1242728525519536,False,True
gaussian,1,388.84497999970336,JOINT_HUBER,FUSED_MEDIAN,32,1.8218237043741339,1.8299083995802143,2.1121944467239113,0.07353911120955561,True,True
gaussian,1,388.84497999970336,JOINT_HUBER,upper_arm_camera,33,1.0913436183940435,1.142711784085024,1.4647132067464481,0.06333456672717401,True,True
gaussian,1,388.84497999970336,JOINT_HUBER,forearm_camera,33,0.16508956825208185,0.17822629796732403,0.22840477652041308,0.03867617208457395,True,True
gaussian,1,388.84497999970336,JOINT_HUBER,wrist_camera,33,1.6883775920261044,1.7402817395090295,2.2255773638067304,0.14033980483967737,True,True
gaussian,1,388.84497999970336,JOINT_HUBER,FUSED_MEDIAN,33,0.4368787535952115,0.477664153323595,0.7180924475094124,0.06587002651139495,True,True
gaussian,1,388.84497999970336,JOINT_HUBER,upper_arm_camera,34,1.7651570805895413,1.7834046363986196,2.059827600225017,0.014139051869879307,True,True
gaussian,1,388.84497999970336,JOINT_HUBER,forearm_camera,34,2.8714841303371066,2.897630116242924,3.3448419885160563,0.17842789905288664,False,True
gaussian,1,388.84497999970336,JOINT_HUBER,wrist_camera,34,1.1455133720474229,1.160890825940101,1.3806041214170475,0.036746653220891025,True,True
gaussian,1,388.84497999970336,JOINT_HUBER,FUSED_MEDIAN,34,0.7642062886602776,0.7849837435699842,0.9046357080692063,0.04769717604851426,True,True
gaussian,1,388.84497999970336,JOINT_HUBER,upper_arm_camera,35,1.2238045409617073,1.2320055550825462,1.3771379722055574,0.015697267053180055,True,True
gaussian,1,388.84497999970336,JOINT_HUBER,forearm_camera,35,1.3832063787579472,1.393280770172989,1.5791792520798138,0.035036745726231076,True,True
gaussian,1,388.84497999970336,JOINT_HUBER,wrist_camera,35,1.1204023385213613,1.1331593934204744,1.2928860701083864,0.02632043761996994,True,True
gaussian,1,388.84497999970336,JOINT_HUBER,FUSED_MEDIAN,35,0.762982589192973,0.7801761629312705,0.956352462826597,0.021624309229797536,True,True
outliers,1,14.112640001258114,PARK,upper_arm_camera,0,5.636019086820421,5.7151266433513594,6.749340022002757,0.32243022508754116,False,False
outliers,1,14.112640001258114,PARK,forearm_camera,0,2.0141368486587443,2.022563728572106,2.228603886921606,0.060604326074769434,False,True
outliers,1,14.112640001258114,PARK,wrist_camera,0,6.133849993256046,6.151834302255511,6.761634449325157,0.2469204978415694,False,False
outliers,1,14.112640001258114,PARK,FUSED_MEDIAN,0,2.9316044059537503,2.957398427434527,3.2988409566312105,0.04006947103575411,False,True
outliers,1,14.112640001258114,PARK,upper_arm_camera,1,5.55885971966115,5.603700825218804,6.507396731827167,0.3160756087400101,False,False
outliers,1,14.112640001258114,PARK,forearm_camera,1,1.9524749246398376,1.9627902704080085,2.161369905792603,0.07373381790666443,True,True
outliers,1,14.112640001258114,PARK,wrist_camera,1,7.161645998425887,7.182016070301767,7.8597247395252,0.24230036488759896,False,False
outliers,1,14.112640001258114,PARK,FUSED_MEDIAN,1,2.0077260878924355,2.0158393652465247,2.1790753312456435,0.11428496502468874,False,True
outliers,1,14.112640001258114,PARK,upper_arm_camera,2,3.920667931459204,3.9568885541459218,4.635295583213476,0.2559277832997371,False,True
outliers,1,14.112640001258114,PARK,forearm_camera,2,2.780071698983342,2.7930050220154325,3.085453565777971,0.05640743502477989,False,True
outliers,1,14.112640001258114,PARK,wrist_camera,2,5.24551094493341,5.27540788325498,5.8403458086230575,0.24080045371369685,False,False
outliers,1,14.112640001258114,PARK,FUSED_MEDIAN,2,4.016780468297488,4.054795301480314,4.8318666386739295,0.14752866222869146,False,True
outliers,1,14.112640001258114,PARK,upper_arm_camera,3,1.9696326511613296,2.084521776097396,2.823846242923943,0.2607107840100693,True,True
outliers,1,14.112640001258114,PARK,forearm_camera,3,1.582918517338689,1.6146483382546442,1.823611017956647,0.1479231312668002,True,True
outliers,1,14.112640001258114,PARK,wrist_camera,3,2.5392331034172044,2.606600157461304,2.8619425744968545,0.2763424137035272,False,True
outliers,1,14.112640001258114,PARK,FUSED_MEDIAN,3,1.582918517338689,1.5139992928376405,1.5942266465994055,0.04384188190140125,True,True
outliers,1,14.112640001258114,PARK,upper_arm_camera,4,5.827645771115023,5.870954334300282,6.724092315044766,0.33316578429961297,False,False
outliers,1,14.112640001258114,PARK,forearm_camera,4,3.650517231001742,3.6731156075425,4.098504218788998,0.08580418260968387,False,True
outliers,1,14.112640001258114,PARK,wrist_camera,4,4.6125494661525845,4.650686355003854,5.501114145579656,0.35822264141864246,False,True
outliers,1,14.112640001258114,PARK,FUSED_MEDIAN,4,3.362971484505196,3.3681984977670885,3.5758319022448286,0.08232589314308168,False,True
outliers,1,14.112640001258114,PARK,upper_arm_camera,5,3.948319784535208,4.010368326051244,4.791540850832457,0.15596159243218563,False,True
outliers,1,14.112640001258114,PARK,forearm_camera,5,1.894464446651717,1.9057056729919004,2.152449862278627,0.08255650970100124,True,True
outliers,1,14.112640001258114,PARK,wrist_camera,5,2.7695585592387966,2.8853085466922734,3.4657194872501376,0.1977512902039344,False,True
outliers,1,14.112640001258114,PARK,FUSED_MEDIAN,5,1.9979533517215895,1.8810597604076111,2.2240899095296567,0.09157317649316438,True,True
outliers,1,14.112640001258114,PARK,upper_arm_camera,6,3.4311751176596252,3.5230530842628203,4.424595197116063,0.2316447789567514,False,True
outliers,1,14.112640001258114,PARK,forearm_camera,6,2.718172425032062,2.722608286725211,2.8142098515688856,0.04602341878492932,False,True
outliers,1,14.112640001258114,PARK,wrist_camera,6,1.4952681281097502,1.6823196139954,2.1826927588765184,0.18978967096171942,True,True
outliers,1,14.112640001258114,PARK,FUSED_MEDIAN,6,0.8700915095662436,1.0124573064941265,1.2869316468253154,0.041478472393431026,True,True
outliers,1,14.112640001258114,PARK,upper_arm_camera,7,4.754122154676746,4.800979332571772,5.680903594328449,0.3117460347228681,False,True
outliers,1,14.112640001258114,PARK,forearm_camera,7,3.2542072313120807,3.2730515244834324,3.6777392872315353,0.12408359073385129,False,True
outliers,1,14.112640001258114,PARK,wrist_camera,7,2.0568062755475154,2.152866387804921,2.6601625763299515,0.011766980890455981,False,True
outliers,1,14.112640001258114,PARK,FUSED_MEDIAN,7,2.0568062755475154,1.9538183806994731,2.281910157054363,0.06475494710443082,False,True
outliers,1,14.112640001258114,PARK,upper_arm_camera,8,4.655280371445987,4.717471536987445,5.7740395570091145,0.3760751216602192,False,True
outliers,1,14.112640001258114,PARK,forearm_camera,8,2.616278270356492,2.6231161971956527,2.7307239264688685,0.0801030496148925,False,True
outliers,1,14.112640001258114,PARK,wrist_camera,8,3.6449846325791384,3.675244957956023,3.857974405840832,0.21885371963700745,False,True
outliers,1,14.112640001258114,PARK,FUSED_MEDIAN,8,2.4357411613628255,2.4858743189497057,2.9748251950611486,0.18749312426238401,False,True
outliers,1,14.112640001258114,PARK,upper_arm_camera,9,3.014236478444364,3.122749210119774,3.885760331983726,0.15858523185412293,False,True
outliers,1,14.112640001258114,PARK,forearm_camera,9,2.3286113642094963,2.342204881019854,2.633611196135628,0.12379941254729683,False,True
outliers,1,14.112640001258114,PARK,wrist_camera,9,3.776980114381933,3.7884573489849713,4.07556897536333,0.1894192721427145,False,True
outliers,1,14.112640001258114,PARK,FUSED_MEDIAN,9,2.2964475601092813,2.3069697159842355,2.621619016013662,0.06300408892202951,False,True
outliers,1,14.112640001258114,PARK,upper_arm_camera,10,2.730993292291378,2.770550657637441,3.0904369004934065,0.3017320088283254,False,True
outliers,1,14.112640001258114,PARK,forearm_camera,10,2.8936464223972997,2.910012334872752,3.35203108181538,0.1539857334189096,False,True
outliers,1,14.112640001258114,PARK,wrist_camera,10,4.431318916517156,4.45261887027858,4.9316157514240855,0.0723708832137941,False,True
outliers,1,14.112640001258114,PARK,FUSED_MEDIAN,10,2.7956562259490565,2.8305910493961846,3.146333668831689,0.07560235609891852,False,True
outliers,1,14.112640001258114,PARK,upper_arm_camera,11,3.4172430062645835,3.4970193497789586,4.399522992817113,0.19025273803056675,False,True
outliers,1,14.112640001258114,PARK,forearm_camera,11,2.05542138093384,2.128785158361167,2.4501064647344375,0.13278655205980008,False,True
outliers,1,14.112640001258114,PARK,wrist_camera,11,5.893180216092855,5.928691723293429,6.610125784575451,0.23166496376524004,False,False
outliers,1,14.112640001258114,PARK,FUSED_MEDIAN,11,2.495088426744058,2.53768334290579,2.98704848085001,0.07575222749121623,False,True
outliers,1,14.112640001258114,PARK,upper_arm_camera,12,2.552205014477818,2.66159597831118,3.4251423697977454,0.1694165060477784,False,True
outliers,1,14.112640001258114,PARK,forearm_camera,12,1.1319881796790736,1.1585699284599464,1.3227695487835753,0.13577031567999703,True,True
outliers,1,14.112640001258114,PARK,wrist_camera,12,2.972190537069544,3.0194567114916255,3.5926183562181957,0.19396807797332186,False,True
outliers,1,14.112640001258114,PARK,FUSED_MEDIAN,12,1.3878410210070609,1.4289002015875918,1.8739050676241382,0.08551771313142091,True,True
outliers,1,14.112640001258114,PARK,upper_arm_camera,13,4.295201910832443,4.355298080813968,5.275389128207603,0.35113630879376506,False,True
outliers,1,14.112640001258114,PARK,forearm_camera,13,0.855651890131899,0.9109742996290922,0.9654167447675198,0.06473602103851496,True,True
outliers,1,14.112640001258114,PARK,wrist_camera,13,4.402531848786178,4.438133099775195,4.988150943964673,0.13274200291703434,False,True
outliers,1,14.112640001258114,PARK,FUSED_MEDIAN,13,3.299490057428718,3.348005110969694,3.892870669415458,0.09105271120503906,False,True
outliers,1,14.112640001258114,PARK,upper_arm_camera,14,3.3485528254145533,3.4465215785164713,4.2160744782581325,0.17348345032696721,False,True
outliers,1,14.112640001258114,PARK,forearm_camera,14,1.9769065129694074,1.983581184663263,2.0758058503555654,0.04726199856228101,True,True
outliers,1,14.112640001258114,PARK,wrist_camera,14,3.988737304197029,4.005967002346063,4.579457422637046,0.23462407305623803,False,True
outliers,1,14.112640001258114,PARK,FUSED_MEDIAN,14,1.9173284520848604,1.9279656829740361,2.170486101057347,0.033080877987583794,True,True
outliers,1,14.112640001258114,PARK,upper_arm_camera,15,5.051298027945934,5.148898832217053,6.368914819984523,0.32015297362548284,False,False
outliers,1,14.112640001258114,PARK,forearm_camera,15,1.2739125206826636,1.285650553840538,1.4950435751904045,0.07589909662214252,True,True
outliers,1,14.112640001258114,PARK,wrist_camera,15,2.3952787216839613,2.4393341454651205,2.831745020441772,0.2273251255794557,False,True
outliers,1,14.112640001258114,PARK,FUSED_MEDIAN,15,2.4298662413118333,2.4609127965689983,2.745325966852271,0.01468582701546346,False,True
outliers,1,14.112640001258114,PARK,upper_arm_camera,16,5.809360316624518,5.8738158780408645,6.841179892700855,0.3353077061383305,False,False
outliers,1,14.112640001258114,PARK,forearm_camera,16,2.7695149925427,2.77887554306432,3.013391103895327,0.040627686526618655,False,True
outliers,1,14.112640001258114,PARK,wrist_camera,16,5.111026578468104,5.130526576184666,5.394104353385158,0.26971223486670504,False,False
outliers,1,14.112640001258114,PARK,FUSED_MEDIAN,16,2.814878349604474,2.868782319810565,3.3647915782590365,0.10407795961678731,False,True
outliers,1,14.112640001258114,PARK,upper_arm_camera,17,2.344270974277613,2.3977527941740715,2.9911902974454874,0.19009919377275994,False,True
outliers,1,14.112640001258114,PARK,forearm_camera,17,0.7423833184409342,0.7878011271540747,0.9826153231877455,0.15192085610612502,True,True
outliers,1,14.112640001258114,PARK,wrist_camera,17,5.064803212369333,5.081474954678443,5.437748430992409,0.22102478438586537,False,False
outliers,1,14.112640001258114,PARK,FUSED_MEDIAN,17,0.9187696155260255,0.9975546481830138,1.416640893191754,0.13462452827283422,True,True
outliers,1,14.112640001258114,PARK,upper_arm_camera,18,4.708290153891826,4.795966939997113,6.028419397732853,0.4070483770249861,False,True
outliers,1,14.112640001258114,PARK,forearm_camera,18,1.9697993835401826,1.9739574751409217,2.1655479225569567,0.06758653149638685,True,True
outliers,1,14.112640001258114,PARK,wrist_camera,18,3.2172937483630433,3.2707564582028716,3.729327810207233,0.1787806545913829,False,True
outliers,1,14.112640001258114,PARK,FUSED_MEDIAN,18,2.8201326196417016,2.8481752896862216,3.389504647403937,0.17271501460842914,False,True
outliers,1,14.112640001258114,PARK,upper_arm_camera,19,3.617258473441978,3.6748261385311562,4.631380408076758,0.3373741152942522,False,True
outliers,1,14.112640001258114,PARK,forearm_camera,19,2.0639556580425196,2.092583240239477,2.5492163028803985,0.12569067900905373,False,True
outliers,1,14.112640001258114,PARK,wrist_camera,19,4.452445397275488,4.482734537924948,4.714938266118333,0.24368279097673712,False,True
outliers,1,14.112640001258114,PARK,FUSED_MEDIAN,19,1.4089309320411412,1.5158064863131318,2.1264190125864464,0.09717777604939304,True,True
outliers,1,14.112640001258114,PARK,upper_arm_camera,20,5.717853101848847,5.77153998342717,6.853438063511083,0.3817705480364995,False,False
outliers,1,14.112640001258114,PARK,forearm_camera,20,2.148928524537855,2.1540245450126974,2.2577918654857245,0.043658044541520655,False,True
outliers,1,14.112640001258114,PARK,wrist_camera,20,5.742959263122626,5.762504494241299,6.127942741200144,0.2222309423483355,False,False
outliers,1,14.112640001258114,PARK,FUSED_MEDIAN,20,0.8776842827230089,0.9000028952370221,1.1060605587462502,0.08803615941101549,True,True
outliers,1,14.112640001258114,PARK,upper_arm_camera,21,6.824834342896526,6.878375600836917,7.8726389304860085,0.3409337773963032,False,False
outliers,1,14.112640001258114,PARK,forearm_camera,21,2.771233545158713,2.7770302121526633,3.0375289905898946,0.08691704943062203,False,True
outliers,1,14.112640001258114,PARK,wrist_camera,21,5.995613033861209,6.026359969065672,6.757007327556646,0.2796156614217416,False,False
outliers,1,14.112640001258114,PARK,FUSED_MEDIAN,21,2.9010049319630404,2.9218875727305456,3.347722096912573,0.04000298592969281,False,True
outliers,1,14.112640001258114,PARK,upper_arm_camera,22,5.727606976692733,5.770535573310882,6.756157832040329,0.34579430438357484,False,False
outliers,1,14.112640001258114,PARK,forearm_camera,22,4.957033335617844,4.998779484747423,5.675950236497135,0.16677295538774273,False,True
outliers,1,14.112640001258114,PARK,wrist_camera,22,4.202276085302044,4.255972112705649,5.0535304599665904,0.3231637467209902,False,True
outliers,1,14.112640001258114,PARK,FUSED_MEDIAN,22,3.2136450500490445,3.3988525808368135,4.3212307150323905,0.21434175032105235,False,True
outliers,1,14.112640001258114,PARK,upper_arm_camera,23,5.014105512645074,5.055386829023727,6.0334975835406235,0.3271243755385811,False,False
outliers,1,14.112640001258114,PARK,forearm_camera,23,2.374641660672924,2.3784914662214147,2.5491998087423093,0.04471310382104731,False,True
outliers,1,14.112640001258114,PARK,wrist_camera,23,5.34575737376819,5.374242027782681,5.98063080351946,0.20208142441931007,False,False
outliers,1,14.112640001258114,PARK,FUSED_MEDIAN,23,1.6060851314439644,1.628540746392524,1.7220993451362863,0.13175208158354876,True,True
outliers,1,14.112640001258114,PARK,upper_arm_camera,24,4.5599620184095775,4.649563289869266,5.647280185008664,0.27251471872901384,False,True
outliers,1,14.112640001258114,PARK,forearm_camera,24,0.9704289992489955,0.9997583436743533,1.1189510789930932,0.1077054185503812,True,True
outliers,1,14.112640001258114,PARK,wrist_camera,24,6.289671595742915,6.307554708418446,6.943237107795398,0.2257030393384901,False,False
outliers,1,14.112640001258114,PARK,FUSED_MEDIAN,24,3.817720532290142,3.7241095811613962,4.16644039687242,0.07711796524167706,False,True
outliers,1,14.112640001258114,PARK,upper_arm_camera,25,1.7801376212542555,1.9063337264571414,2.5947178941353033,0.37195838894692984,True,True
outliers,1,14.112640001258114,PARK,forearm_camera,25,2.332502263364612,2.358391294267615,2.782962634615194,0.0982295145183242,False,True
outliers,1,14.112640001258114,PARK,wrist_camera,25,2.059308250085531,2.10725795592592,2.2937500673833497,0.25434024113289583,False,True
outliers,1,14.112640001258114,PARK,FUSED_MEDIAN,25,1.3642250839976946,1.510425983071043,2.096466178880454,0.13552965561657568,True,True
outliers,1,14.112640001258114,PARK,upper_arm_camera,26,3.671426635912336,3.769366698649697,4.636733191803493,0.15748644207288642,False,True
outliers,1,14.112640001258114,PARK,forearm_camera,26,1.631096598948387,1.6520516513205916,1.7133345229037384,0.017875944769990736,True,True
outliers,1,14.112640001258114,PARK,wrist_camera,26,5.39127992555739,5.403750719073766,5.871059949929764,0.1850891341299503,False,False
outliers,1,14.112640001258114,PARK,FUSED_MEDIAN,26,0.6447451731429975,0.7955485323705045,1.0967679473824155,0.02977347689520351,True,True
outliers,1,14.112640001258114,PARK,upper_arm_camera,27,6.340605822985569,6.381469631112072,7.292615929779984,0.2784137278032901,False,False
outliers,1,14.112640001258114,PARK,forearm_camera,27,2.6672817798397928,2.6798340117142505,3.0079452434954916,0.10280357571289252,False,True
outliers,1,14.112640001258114,PARK,wrist_camera,27,3.6176334966569605,3.634239492154022,3.7222072710606064,0.22172424962768378,False,True
outliers,1,14.112640001258114,PARK,FUSED_MEDIAN,27,2.6672817798397928,2.662734243973742,3.0079452434954916,0.15960302014868719,False,True
outliers,1,14.112640001258114,PARK,upper_arm_camera,28,3.3297629146721253,3.3856989014076113,4.196744404415225,0.26740577762723505,False,True
outliers,1,14.112640001258114,PARK,forearm_camera,28,0.8293160179054474,0.8706590105525515,1.0462517025454614,0.11315843027867774,True,True
outliers,1,14.112640001258114,PARK,wrist_camera,28,5.622176827308793,5.629192979049276,6.023226847640526,0.17337447703804684,False,False
outliers,1,14.112640001258114,PARK,FUSED_MEDIAN,28,0.5594833568468363,0.6527221744498813,0.7961862557125307,0.009062920228856597,True,True
outliers,1,14.112640001258114,PARK,upper_arm_camera,29,3.9142135490948196,3.968502338869352,4.919469984175903,0.34361250340261545,False,True
outliers,1,14.112640001258114,PARK,forearm_camera,29,1.6004711263919618,1.6453256417089084,1.943404885135025,0.09636359139225441,True,True
outliers,1,14.112640001258114,PARK,wrist_camera,29,4.670196361808135,4.705144690553974,5.399531455073882,0.2311329388573254,False,True
outliers,1,14.112640001258114,PARK,FUSED_MEDIAN,29,1.5984213741352553,1.63623091995362,1.922330412955492,0.024078650288021655,True,True
outliers,1,14.112640001258114,PARK,upper_arm_camera,30,3.9177293907185042,3.953534181694359,4.51615151501722,0.34784710522848566,False,True
outliers,1,14.112640001258114,PARK,forearm_camera,30,3.362749096689966,3.375467655827034,3.6839447607832962,0.0668097185134832,False,True
outliers,1,14.112640001258114,PARK,wrist_camera,30,7.081051432014004,7.106226793099245,7.882401350327112,0.2606231750775311,False,False
outliers,1,14.112640001258114,PARK,FUSED_MEDIAN,30,3.585083499082329,3.5939334907877853,3.8618842712386954,0.09341278031145131,False,True
outliers,1,14.112640001258114,PARK,upper_arm_camera,31,5.177751604003401,5.222701267574398,6.2470393593994356,0.4189774497178822,False,False
outliers,1,14.112640001258114,PARK,forearm_camera,31,3.1941215287384725,3.2151263244908135,3.710844634149535,0.16596793172502808,False,True
outliers,1,14.112640001258114,PARK,wrist_camera,31,4.135854624562357,4.159293160316398,4.468576478803899,0.2793388638724405,False,True
outliers,1,14.112640001258114,PARK,FUSED_MEDIAN,31,1.3750157007827206,1.4560114027726598,2.1062146491120246,0.021690593526518826,True,True
outliers,1,14.112640001258114,PARK,upper_arm_camera,32,4.351828548966798,4.432934287505659,5.468593835875132,0.307531818488099,False,True
outliers,1,14.112640001258114,PARK,forearm_camera,32,2.288460086709978,2.2934600090072568,2.4421133118174057,0.10368155270786064,False,True
outliers,1,14.112640001258114,PARK,wrist_camera,32,5.195431689401776,5.202341615574058,5.550608109739532,0.11450759962515208,False,False
outliers,1,14.112640001258114,PARK,FUSED_MEDIAN,32,4.351828548966798,4.189204071333468,4.791198927316851,0.10673737556493314,False,True
outliers,1,14.112640001258114,PARK,upper_arm_camera,33,4.799529589103598,4.865195915417249,5.71869152005832,0.2926423391462531,False,True
outliers,1,14.112640001258114,PARK,forearm_camera,33,2.2442050775153133,2.2598218020865994,2.5244879720319893,0.05857050907676868,False,True
outliers,1,14.112640001258114,PARK,wrist_camera,33,5.560062934570996,5.577381075162277,5.9455818899115105,0.1721993345945395,False,False
outliers,1,14.112640001258114,PARK,FUSED_MEDIAN,33,2.149024318904836,2.2221222857799825,2.60472357392324,0.03018571217034757,False,True
outliers,1,14.112640001258114,PARK,upper_arm_camera,34,4.302212547808751,4.352870574105266,5.192929681228968,0.28526464214897085,False,True
outliers,1,14.112640001258114,PARK,forearm_camera,34,2.6656440022573986,2.6694361120064323,2.811953835657548,0.06337827879746771,False,True
outliers,1,14.112640001258114,PARK,wrist_camera,34,4.053777945784049,4.0835038694526915,4.3542359398823525,0.22022817954424861,False,True
outliers,1,14.112640001258114,PARK,FUSED_MEDIAN,34,2.6656440022573986,2.6694361120064323,2.811953835657548,0.18686510400127135,False,True
outliers,1,14.112640001258114,PARK,upper_arm_camera,35,2.619003249801718,2.7146752559907847,3.3038713836896014,0.14575708452634886,False,True
outliers,1,14.112640001258114,PARK,forearm_camera,35,1.9756570043942772,1.9884122381935925,2.074773709287629,0.11141573919709993,True,True
outliers,1,14.112640001258114,PARK,wrist_camera,35,4.539818514861991,4.5649807263547455,4.8729892827060075,0.18365710254422354,False,True
outliers,1,14.112640001258114,PARK,FUSED_MEDIAN,35,1.9841787546696918,2.0253355328459053,2.162073707378805,0.10740558777808953,True,True
outliers,1,417.64756700104044,JOINT_HUBER,upper_arm_camera,0,1.6999497250905444,1.7302768800194996,2.1173526613224825,0.1325169826814926,True,True
outliers,1,417.64756700104044,JOINT_HUBER,forearm_camera,0,1.6041668721100402,1.61289832868933,1.7652516321407452,0.04753595177033603,True,True
outliers,1,417.64756700104044,JOINT_HUBER,wrist_camera,0,1.3448356907298475,1.358855390278151,1.52255516360484,0.11802038466690032,True,True
outliers,1,417.64756700104044,JOINT_HUBER,FUSED_MEDIAN,0,1.2134064195815466,1.2304672535174108,1.4406386189772011,0.059958269952407516,True,True
outliers,1,417.64756700104044,JOINT_HUBER,upper_arm_camera,1,1.325853522275951,1.336960911309918,1.5995209975131972,0.08728370233442728,True,True
outliers,1,417.64756700104044,JOINT_HUBER,forearm_camera,1,1.3605251618612668,1.369141977654873,1.548432873160851,0.03922792392115696,True,True
outliers,1,417.64756700104044,JOINT_HUBER,wrist_camera,1,1.3376408442689642,1.3510877743349592,1.5450163430892618,0.07869548855298097,True,True
outliers,1,417.64756700104044,JOINT_HUBER,FUSED_MEDIAN,1,1.3376408442689642,1.3449473018684546,1.5450163430892618,0.033289084110758406,True,True
outliers,1,417.64756700104044,JOINT_HUBER,upper_arm_camera,2,1.7631948030987752,1.7866628970426428,2.1134108293481235,0.11564839704916952,True,True
outliers,1,417.64756700104044,JOINT_HUBER,forearm_camera,2,1.0530810333883787,1.0618646224735662,1.103153493502651,0.04927708734277304,True,True
outliers,1,417.64756700104044,JOINT_HUBER,wrist_camera,2,0.6701802373259268,0.7278598824138052,0.9967636826817702,0.08149331237533491,True,True
outliers,1,417.64756700104044,JOINT_HUBER,FUSED_MEDIAN,2,0.7070489965126547,0.6252759400423525,0.7919564148670569,0.05691658817083149,True,True
outliers,1,417.64756700104044,JOINT_HUBER,upper_arm_camera,3,1.162944224958811,1.1826730457119157,1.43219087395021,0.0784808829668352,True,True
outliers,1,417.64756700104044,JOINT_HUBER,forearm_camera,3,2.2573677007478934,2.280082566660569,2.5411810901961434,0.13232662325422134,False,True
outliers,1,417.64756700104044,JOINT_HUBER,wrist_camera,3,1.791967566303928,1.8080166764193768,2.151811203763586,0.12202491768789174,True,True
outliers,1,417.64756700104044,JOINT_HUBER,FUSED_MEDIAN,3,1.162944224958811,1.1826730457119157,1.43219087395021,0.04565012084887216,True,True
outliers,1,417.64756700104044,JOINT_HUBER,upper_arm_camera,4,1.014415827577755,1.0221902339034192,1.144597429243641,0.052232904120570064,True,True
outliers,1,417.64756700104044,JOINT_HUBER,forearm_camera,4,1.761810828330475,1.7715350116346218,1.9757513835571547,0.0897695980338933,True,True
outliers,1,417.64756700104044,JOINT_HUBER,wrist_camera,4,1.0464491689540185,1.1080199088711409,1.6025563393433342,0.19867867933822816,True,True
outliers,1,417.64756700104044,JOINT_HUBER,FUSED_MEDIAN,4,1.0834463794236815,1.08608088578628,1.3131890231947272,0.027425783844646393,True,True
outliers,1,417.64756700104044,JOINT_HUBER,upper_arm_camera,5,0.5211927649349642,0.5292101786572599,0.6587743933648965,0.04015919845727906,True,True
outliers,1,417.64756700104044,JOINT_HUBER,forearm_camera,5,1.6169709496131466,1.6210152866517256,1.8079658233563949,0.07067495051472598,True,True
outliers,1,417.64756700104044,JOINT_HUBER,wrist_camera,5,1.3893884925631286,1.4915849987522294,1.7730094870870976,0.22516043197289062,True,True
outliers,1,417.64756700104044,JOINT_HUBER,FUSED_MEDIAN,5,0.4860919180149972,0.5318665895011034,0.6300797537384571,0.05398766115969423,True,True
outliers,1,417.64756700104044,JOINT_HUBER,upper_arm_camera,6,0.3990915423195086,0.42369290087619216,0.530137857138713,0.06147348950766476,True,True
outliers,1,417.64756700104044,JOINT_HUBER,forearm_camera,6,2.33940505691157,2.3536948144049,2.6873232625960592,0.11794621242439458,False,True
outliers,1,417.64756700104044,JOINT_HUBER,wrist_camera,6,1.5831795284543237,1.6334817349240491,2.0604455116548155,0.10377623321884853,True,True
outliers,1,417.64756700104044,JOINT_HUBER,FUSED_MEDIAN,6,1.3149143448962615,1.3221251380464147,1.6321222936227167,0.07797333184410245,True,True
outliers,1,417.64756700104044,JOINT_HUBER,upper_arm_camera,7,1.465424690983951,1.4780576165503663,1.6549788548397668,0.07043986155739065,True,True
outliers,1,417.64756700104044,JOINT_HUBER,forearm_camera,7,1.722526912057927,1.7311210008736326,1.8713053331890803,0.06098599870206239,True,True
outliers,1,417.64756700104044,JOINT_HUBER,wrist_camera,7,0.7138198095232468,0.7462044593988162,0.9581322584158556,0.04288530470657049,True,True
outliers,1,417.64756700104044,JOINT_HUBER,FUSED_MEDIAN,7,0.8416708108742836,0.8636971386138573,1.0384739982914066,0.03259449568707539,True,True
outliers,1,417.64756700104044,JOINT_HUBER,upper_arm_camera,8,1.873378179637753,1.8920794824279665,2.169601584526925,0.09909067491758415,True,True
outliers,1,417.64756700104044,JOINT_HUBER,forearm_camera,8,2.4265105751642184,2.432536842476299,2.587039559844259,0.08249786921865818,False,True
outliers,1,417.64756700104044,JOINT_HUBER,wrist_camera,8,0.3986270425000001,0.4214327795377019,0.4947823980194052,0.08787089366690921,True,True
outliers,1,417.64756700104044,JOINT_HUBER,FUSED_MEDIAN,8,0.9636934928577465,0.9887386583914296,1.1694250891983788,0.03904671057842429,True,True
outliers,1,417.64756700104044,JOINT_HUBER,upper_arm_camera,9,0.8674288711658398,0.8800061073594205,1.0588745142768878,0.03706669854085642,True,True
outliers,1,417.64756700104044,JOINT_HUBER,forearm_camera,9,1.346996416769742,1.3524606346878079,1.4532506684476065,0.018919553658139947,True,True
outliers,1,417.64756700104044,JOINT_HUBER,wrist_camera,9,1.6364296433966614,1.6502809893473358,1.7721949020055658,0.09271840981043084,True,True
outliers,1,417.64756700104044,JOINT_HUBER,FUSED_MEDIAN,9,0.8204360425956868,0.8087624455606807,0.8969953044673933,0.02862042483596048,True,True
outliers,1,417.64756700104044,JOINT_HUBER,upper_arm_camera,10,2.002690480458425,2.040820959095222,2.4038385655414785,0.10818400878615578,False,True
outliers,1,417.64756700104044,JOINT_HUBER,forearm_camera,10,0.7950221384710926,0.8072615899188439,0.9516271364792275,0.06831377133520092,True,True
outliers,1,417.64756700104044,JOINT_HUBER,wrist_camera,10,1.0688089882102028,1.070626683241646,1.1204100878305128,0.02127868251207379,True,True
outliers,1,417.64756700104044,JOINT_HUBER,FUSED_MEDIAN,10,0.7915650314615384,0.7983960525762882,0.9173738259724236,0.024480579064586228,True,True
outliers,1,417.64756700104044,JOINT_HUBER,upper_arm_camera,11,2.1300628183386694,2.1439238418515187,2.4843656962892533,0.10840531411201952,False,True
outliers,1,417.64756700104044,JOINT_HUBER,forearm_camera,11,0.6744983569013934,0.7267686038093502,0.9789192451250232,0.10580474338229355,True,True
outliers,1,417.64756700104044,JOINT_HUBER,wrist_camera,11,1.4871915937147422,1.5321395863341665,1.946796368074348,0.12497584015790741,True,True
outliers,1,417.64756700104044,JOINT_HUBER,FUSED_MEDIAN,11,0.37531644255784996,0.46108803946997035,0.7335237129606827,0.026149646316034586,True,True
outliers,1,417.64756700104044,JOINT_HUBER,upper_arm_camera,12,0.6286329872258788,0.6407619407843435,0.7790595921544181,0.035768206772444334,True,True
outliers,1,417.64756700104044,JOINT_HUBER,forearm_camera,12,1.4244605307163267,1.4373171781519039,1.5784993836784036,0.03551372919399971,True,True
outliers,1,417.64756700104044,JOINT_HUBER,wrist_camera,12,1.743802102508286,1.7606286988263022,2.0209924092701996,0.03947214711044318,True,True
outliers,1,417.64756700104044,JOINT_HUBER,FUSED_MEDIAN,12,0.6286329872258788,0.6407619407843435,0.7790595921544181,0.012855479532069435,True,True
outliers,1,417.64756700104044,JOINT_HUBER,upper_arm_camera,13,2.056138447364166,2.07474884136961,2.403086479113686,0.08123738507760551,False,True
outliers,1,417.64756700104044,JOINT_HUBER,forearm_camera,13,1.6915419864505221,1.7002462010397583,1.847852760455887,0.05182317816347379,True,True
outliers,1,417.64756700104044,JOINT_HUBER,wrist_camera,13,0.9667033821339134,0.9893856020598489,1.1930965642843367,0.027453572600820247,True,True
outliers,1,417.64756700104044,JOINT_HUBER,FUSED_MEDIAN,13,1.4176497827441386,1.4403079789401991,1.7141313039119304,0.05254018913090311,True,True
outliers,1,417.64756700104044,JOINT_HUBER,upper_arm_camera,14,1.283852771997733,1.2956620965582903,1.5292360392761282,0.05769083107487915,True,True
outliers,1,417.64756700104044,JOINT_HUBER,forearm_camera,14,1.8313641669731506,1.8351648306937571,2.0293513646684462,0.06448802242394282,True,True
outliers,1,417.64756700104044,JOINT_HUBER,wrist_camera,14,0.2753079850122749,0.30659575938044403,0.373978237462396,0.06477051339474009,True,True
outliers,1,417.64756700104044,JOINT_HUBER,FUSED_MEDIAN,14,1.1079106929674176,1.1171428230948501,1.325078703847706,0.04148517335628601,True,True
outliers,1,417.64756700104044,JOINT_HUBER,upper_arm_camera,15,0.8651069983254857,0.9339095388235188,1.3109177611147107,0.13849627600965594,True,True
outliers,1,417.64756700104044,JOINT_HUBER,forearm_camera,15,1.2063259791220884,1.215556669585434,1.3258571607654488,0.02183751965432119,True,True
outliers,1,417.64756700104044,JOINT_HUBER,wrist_camera,15,0.6565245734052738,0.6715794351700324,0.7711585406901319,0.07068872014104886,True,True
outliers,1,417.64756700104044,JOINT_HUBER,FUSED_MEDIAN,15,0.6144847561889213,0.6030860329908044,0.657189543123966,0.02248722028943251,True,True
outliers,1,417.64756700104044,JOINT_HUBER,upper_arm_camera,16,4.0842177153965284,4.132932979789756,4.80453483293743,0.07045510297547387,False,True
outliers,1,417.64756700104044,JOINT_HUBER,forearm_camera,16,3.4394856167528984,3.467480418868662,3.995556295487885,0.08631936521011385,False,True
outliers,1,417.64756700104044,JOINT_HUBER,wrist_camera,16,1.0004557406583963,1.0177260669489365,1.100920016659949,0.1098825335761915,True,True
outliers,1,417.64756700104044,JOINT_HUBER,FUSED_MEDIAN,16,2.7443966974971805,2.758461137799011,3.163930275003714,0.031153225326514298,False,True
outliers,1,417.64756700104044,JOINT_HUBER,upper_arm_camera,17,1.9931588579455046,2.0142509287720056,2.340063778947343,0.023165482477463976,True,True
outliers,1,417.64756700104044,JOINT_HUBER,forearm_camera,17,1.6165380792494495,1.6270403022964777,1.7699418293772404,0.06328970665486301,True,True
outliers,1,417.64756700104044,JOINT_HUBER,wrist_camera,17,0.2727687838675102,0.2979021406009968,0.4516787173613957,0.07777271387375191,True,True
outliers,1,417.64756700104044,JOINT_HUBER,FUSED_MEDIAN,17,0.3625620276202276,0.378400130265369,0.5085375951024655,0.04941476443564934,True,True
outliers,1,417.64756700104044,JOINT_HUBER,upper_arm_camera,18,1.6165369853893876,1.6652034446383126,2.232421423571163,0.20245695390958038,True,True
outliers,1,417.64756700104044,JOINT_HUBER,forearm_camera,18,1.041182752813057,1.0612467682364737,1.2562708568145844,0.05087037608685102,True,True
outliers,1,417.64756700104044,JOINT_HUBER,wrist_camera,18,0.9359252493472647,0.9631686533924265,1.1762878019093934,0.045847021527719446,True,True
outliers,1,417.64756700104044,JOINT_HUBER,FUSED_MEDIAN,18,0.6987916451002207,0.6864129345001606,0.8504132997483231,0.09296195635498725,True,True
outliers,1,417.64756700104044,JOINT_HUBER,upper_arm_camera,19,0.6735974063962417,0.6827533650679221,0.7393932977483237,0.06339744812413568,True,True
outliers,1,417.64756700104044,JOINT_HUBER,forearm_camera,19,0.7688813291471481,0.8044825828507961,0.8857288086834713,0.12026104302410742,True,True
outliers,1,417.64756700104044,JOINT_HUBER,wrist_camera,19,1.3588340336641773,1.3771405634557168,1.6315181772590814,0.09214118243922931,True,True
outliers,1,417.64756700104044,JOINT_HUBER,FUSED_MEDIAN,19,0.27134780695748373,0.35382523355353707,0.5619888130054702,0.04801557230092575,True,True
outliers,1,417.64756700104044,JOINT_HUBER,upper_arm_camera,20,1.5377230838521263,1.5660308575158057,1.9292348127840335,0.12352614229855655,True,True
outliers,1,417.64756700104044,JOINT_HUBER,forearm_camera,20,1.339440225194319,1.3436879618257183,1.4420102552551115,0.07472247564988803,True,True
outliers,1,417.64756700104044,JOINT_HUBER,wrist_camera,20,0.31640511856524617,0.38407313509526014,0.5696057771649666,0.11132939275753893,True,True
outliers,1,417.64756700104044,JOINT_HUBER,FUSED_MEDIAN,20,1.0831587426383804,1.0774300062195166,1.186425604435284,0.04464204636117752,True,True
outliers,1,417.64756700104044,JOINT_HUBER,upper_arm_camera,21,1.7056007315771387,1.7207273892458232,1.974082909589428,0.09209037140346624,True,True
outliers,1,417.64756700104044,JOINT_HUBER,forearm_camera,21,1.1621124321736307,1.1799234200980913,1.2416661517681788,0.04255811257348436,True,True
outliers,1,417.64756700104044,JOINT_HUBER,wrist_camera,21,1.2347553520557455,1.2608434224841574,1.5629652820584186,0.1194755747053346,True,True
outliers,1,417.64756700104044,JOINT_HUBER,FUSED_MEDIAN,21,0.8025460835355432,0.8076766995637344,0.9232925868212869,0.009791290968253485,True,True
outliers,1,417.64756700104044,JOINT_HUBER,upper_arm_camera,22,0.7793919818038091,0.7928401417886676,0.9744957897246441,0.07315425205196605,True,True
outliers,1,417.64756700104044,JOINT_HUBER,forearm_camera,22,2.952180092910407,2.9720137769570885,3.3448667598153548,0.11696599847612678,False,True
outliers,1,417.64756700104044,JOINT_HUBER,wrist_camera,22,2.858173253767181,2.876239488476636,3.3202401477627492,0.15442317650095716,False,True
outliers,1,417.64756700104044,JOINT_HUBER,FUSED_MEDIAN,22,1.3345224022880608,1.346773899701223,1.6244542832551352,0.09387801784962492,True,True
outliers,1,417.64756700104044,JOINT_HUBER,upper_arm_camera,23,1.0048148378806643,1.0160953961348438,1.2161623958072039,0.05167225343016425,True,True
outliers,1,417.64756700104044,JOINT_HUBER,forearm_camera,23,0.4505141359405778,0.5002248113886811,0.5941297638978887,0.08559086324860511,True,True
outliers,1,417.64756700104044,JOINT_HUBER,wrist_camera,23,1.164179727328237,1.1786231556465554,1.442556426143416,0.10793199301275042,True,True
outliers,1,417.64756700104044,JOINT_HUBER,FUSED_MEDIAN,23,0.4505141359405778,0.4860560102548731,0.5941297638978887,0.06579076188808751,True,True
outliers,1,417.64756700104044,JOINT_HUBER,upper_arm_camera,24,1.389979606021194,1.4096651124908566,1.6960296651921323,0.09242384478827424,True,True
outliers,1,417.64756700104044,JOINT_HUBER,forearm_camera,24,1.4597439432101313,1.4675060556642159,1.6174317708640464,0.029549275658730667,True,True
outliers,1,417.64756700104044,JOINT_HUBER,wrist_camera,24,1.0125492370960674,1.024685726530079,1.2063817448480294,0.07728676523234909,True,True
outliers,1,417.64756700104044,JOINT_HUBER,FUSED_MEDIAN,24,0.8513151613484322,0.8724375955882714,1.0059420912541404,0.04027599614283157,True,True
outliers,1,417.64756700104044,JOINT_HUBER,upper_arm_camera,25,1.7168904158759164,1.7415651298415045,2.126919140896304,0.16416150023890025,True,True
outliers,1,417.64756700104044,JOINT_HUBER,forearm_camera,25,0.9921779560209164,1.0395296993196843,1.2692875647505497,0.15673869081012073,True,True
outliers,1,417.64756700104044,JOINT_HUBER,wrist_camera,25,1.0764817025595783,1.0864553351570745,1.2952591535870575,0.09057119608561945,True,True
outliers,1,417.64756700104044,JOINT_HUBER,FUSED_MEDIAN,25,0.29593447074807816,0.432352505038913,0.7904523479782394,0.059389074080909245,True,True
outliers,1,417.64756700104044,JOINT_HUBER,upper_arm_camera,26,1.5891004688807011,1.6012507089448156,1.8205779790943526,0.012541301836242786,True,True
outliers,1,417.64756700104044,JOINT_HUBER,forearm_camera,26,1.7160044575758826,1.7186640321320752,1.7955664053143772,0.03262419193499404,True,True
outliers,1,417.64756700104044,JOINT_HUBER,wrist_camera,26,3.1768293893918993,3.191448671698936,3.5600080117901665,0.14369568092758725,False,True
outliers,1,417.64756700104044,JOINT_HUBER,FUSED_MEDIAN,26,1.6211766464737716,1.6200720196331728,1.7955664053143772,0.05475773030301819,True,True
outliers,1,417.64756700104044,JOINT_HUBER,upper_arm_camera,27,1.488158417745348,1.4946693125075068,1.6705627184509708,0.05609130898861784,True,True
outliers,1,417.64756700104044,JOINT_HUBER,forearm_camera,27,0.6087862966805204,0.6176418768715277,0.665087450154836,0.029816503576885825,True,True
outliers,1,417.64756700104044,JOINT_HUBER,wrist_camera,27,1.102156228860135,1.11419945977416,1.23867687419053,0.09938563949301937,True,True
outliers,1,417.64756700104044,JOINT_HUBER,FUSED_MEDIAN,27,0.601132719817792,0.6099078836550659,0.6671016556011427,0.02947007407955066,True,True
outliers,1,417.64756700104044,JOINT_HUBER,upper_arm_camera,28,1.3986527762866356,1.4123748653943233,1.6497014226685704,0.08025765855306946,True,True
outliers,1,417.64756700104044,JOINT_HUBER,forearm_camera,28,2.135354577443488,2.1453703482606956,2.3289117977708624,0.0651996495365687,False,True
outliers,1,417.64756700104044,JOINT_HUBER,wrist_camera,28,1.2420444023887356,1.2546111704694107,1.4530416401843984,0.08125785848567028,True,True
outliers,1,417.64756700104044,JOINT_HUBER,FUSED_MEDIAN,28,1.1900883621536442,1.2051051887126338,1.4075805988662446,0.0481997353038882,True,True
outliers,1,417.64756700104044,JOINT_HUBER,upper_arm_camera,29,1.2712064530742044,1.2764458905878948,1.4530706721145668,0.06568635753345542,True,True
outliers,1,417.64756700104044,JOINT_HUBER,forearm_camera,29,1.022447602768086,1.0296041535986276,1.0445967391812183,0.015805550620280415,True,True
outliers,1,417.64756700104044,JOINT_HUBER,wrist_camera,29,2.531149896510154,2.5450938732819464,2.842117401232575,0.1002653558041912,False,True
outliers,1,417.64756700104044,JOINT_HUBER,FUSED_MEDIAN,29,1.0530870679982993,1.0532438189671602,1.0844630058275797,0.020024292024681672,True,True
outliers,1,417.64756700104044,JOINT_HUBER,upper_arm_camera,30,1.006628116326081,1.0125069649980536,1.1066235657961003,0.07350226989800226,True,True
outliers,1,417.64756700104044,JOINT_HUBER,forearm_camera,30,1.2064899619232796,1.2131236733886688,1.327690517556278,0.04940585834787728,True,True
outliers,1,417.64756700104044,JOINT_HUBER,wrist_camera,30,2.236611115951899,2.2516835952285126,2.6147353299912766,0.12755988257478074,False,True
outliers,1,417.64756700104044,JOINT_HUBER,FUSED_MEDIAN,30,0.9528061858851579,0.956975889734747,1.059439051690383,0.026796320816666268,True,True
outliers,1,417.64756700104044,JOINT_HUBER,upper_arm_camera,31,1.8085654769144905,1.835766383430874,1.9795191964821077,0.21061142314271342,True,True
outliers,1,417.64756700104044,JOINT_HUBER,forearm_camera,31,1.2433983803657276,1.248996590262888,1.4315875764391763,0.07746985977186961,True,True
outliers,1,417.64756700104044,JOINT_HUBER,wrist_camera,31,1.6427108296463402,1.6531910164229506,1.8236908742949196,0.11086397715607582,True,True
outliers,1,417.64756700104044,JOINT_HUBER,FUSED_MEDIAN,31,0.8281600774401551,0.8506670048053987,1.138068719005956,0.04019961263550404,True,True
outliers,1,417.64756700104044,JOINT_HUBER,upper_arm_camera,32,1.8630966728019291,1.8958060342626035,2.300663758239004,0.1645321631370058,True,True
outliers,1,417.64756700104044,JOINT_HUBER,forearm_camera,32,2.483188372408896,2.5000582694707902,2.737097272967566,0.11221963237645909,False,True
outliers,1,417.64756700104044,JOINT_HUBER,wrist_camera,32,1.5019059332086897,1.5121460311640738,1.6779286444039425,0.04959165029939012,True,True
outliers,1,417.64756700104044,JOINT_HUBER,FUSED_MEDIAN,32,1.9389753098362346,1.958434563967643,2.1983277949485744,0.07145607599957648,True,True
outliers,1,417.64756700104044,JOINT_HUBER,upper_arm_camera,33,1.92765399079676,1.9680412066983293,2.3876135145568735,0.06088574142389938,True,True
outliers,1,417.64756700104044,JOINT_HUBER,forearm_camera,33,0.7838378876677264,0.7897759555969498,0.8159928067365955,0.0334158571613599,True,True
outliers,1,417.64756700104044,JOINT_HUBER,wrist_camera,33,0.8333533821056397,0.8820979476711797,1.1540108027789204,0.0031364232205214415,True,True
outliers,1,417.64756700104044,JOINT_HUBER,FUSED_MEDIAN,33,0.3651554111845008,0.39932135985357964,0.5879593936033778,0.01735864529368601,True,True
outliers,1,417.64756700104044,JOINT_HUBER,upper_arm_camera,34,1.3550457318603302,1.3678218530880935,1.5694451923785018,0.056238092880096506,True,True
outliers,1,417.64756700104044,JOINT_HUBER,forearm_camera,34,3.2632548040421305,3.282213878737583,3.679847441969485,0.1255476617909525,False,True
outliers,1,417.64756700104044,JOINT_HUBER,wrist_camera,34,0.7172745823671665,0.758532518636639,1.021115130112914,0.1226437900520225,True,True
outliers,1,417.64756700104044,JOINT_HUBER,FUSED_MEDIAN,34,1.3550457318603302,1.3678218530880935,1.5694451923785018,0.09272195953483195,True,True
outliers,1,417.64756700104044,JOINT_HUBER,upper_arm_camera,35,0.4291907846646721,0.43115889902007565,0.44782605278363186,0.0053005694376855785,True,True
outliers,1,417.64756700104044,JOINT_HUBER,forearm_camera,35,1.425301875309176,1.4257835758618391,1.4484081526789934,0.014464209964141807,True,True
outliers,1,417.64756700104044,JOINT_HUBER,wrist_camera,35,1.0766776213332914,1.0983444288786277,1.283357545947109,0.12297775778182081,True,True
outliers,1,417.64756700104044,JOINT_HUBER,FUSED_MEDIAN,35,0.5397120004089333,0.601291544701946,0.8591389345602083,0.04404563380929873,True,True
time_offset,1,10.304477000318002,PARK_ZERO_OFFSET,upper_arm_camera,0,4.398157237691256,4.450932347202161,5.209083382989284,0.09996581597265933,False,True
time_offset,1,10.304477000318002,PARK_ZERO_OFFSET,forearm_camera,0,93.5243710578523,96.19024743568067,119.50399855790454,8.152507027713037,False,False
time_offset,1,10.304477000318002,PARK_ZERO_OFFSET,wrist_camera,0,174.14232005045076,176.89939340473347,210.34019119771747,14.51350553362476,False,False
time_offset,1,10.304477000318002,PARK_ZERO_OFFSET,FUSED_MEDIAN,0,8.942107205354137,12.986684541412256,20.082379733085034,3.704343726194541,False,False
time_offset,1,10.304477000318002,PARK_ZERO_OFFSET,upper_arm_camera,1,2.424723668988578,2.4397610918936676,2.7121720847795574,0.11694228601259234,False,True
time_offset,1,10.304477000318002,PARK_ZERO_OFFSET,forearm_camera,1,110.49125158188025,113.28257248098456,139.57397297171156,8.254202300252297,False,False
time_offset,1,10.304477000318002,PARK_ZERO_OFFSET,wrist_camera,1,219.75465058732985,223.22111553299433,268.79350181759446,18.43965962388824,False,False
time_offset,1,10.304477000318002,PARK_ZERO_OFFSET,FUSED_MEDIAN,1,2.424723668988578,2.5140293982927986,2.8335604331550415,4.9994576932768355,False,False
time_offset,1,10.304477000318002,PARK_ZERO_OFFSET,upper_arm_camera,2,5.024421775139558,5.096681245830301,6.278227460308762,0.43980032017536613,False,False
time_offset,1,10.304477000318002,PARK_ZERO_OFFSET,forearm_camera,2,122.7041418474026,125.52744503826379,153.14774476268923,8.059342085944552,False,False
time_offset,1,10.304477000318002,PARK_ZERO_OFFSET,wrist_camera,2,247.55787622852702,251.65872085527724,308.9435301343021,20.878821261786488,False,False
time_offset,1,10.304477000318002,PARK_ZERO_OFFSET,FUSED_MEDIAN,2,5.024421775139558,5.096681245830301,6.278227460308762,5.908479398272514,False,False
time_offset,1,10.304477000318002,PARK_ZERO_OFFSET,upper_arm_camera,3,6.973150225073929,7.055218409524194,8.54645032567253,0.5362035680005014,False,False
time_offset,1,10.304477000318002,PARK_ZERO_OFFSET,forearm_camera,3,126.00818894835686,128.75368064806707,154.8547829648682,7.264802674464033,False,False
time_offset,1,10.304477000318002,PARK_ZERO_OFFSET,wrist_camera,3,257.5192852333655,262.12428857602066,326.11209140144945,21.5806086940732,False,False
time_offset,1,10.304477000318002,PARK_ZERO_OFFSET,FUSED_MEDIAN,3,6.973150225073929,7.055218409524194,8.54645032567253,6.193874978049885,False,False
time_offset,1,10.304477000318002,PARK_ZERO_OFFSET,upper_arm_camera,4,6.9814587495183265,7.117809584199756,9.149417321537104,0.7242034929825216,False,False
time_offset,1,10.304477000318002,PARK_ZERO_OFFSET,forearm_camera,4,122.02195066613918,124.64206149285513,149.7368762224091,6.412911781639379,False,False
time_offset,1,10.304477000318002,PARK_ZERO_OFFSET,wrist_camera,4,250.40478742585805,255.50350732295118,320.75305406999837,20.79663411320822,False,False
time_offset,1,10.304477000318002,PARK_ZERO_OFFSET,FUSED_MEDIAN,4,6.9814587495183265,7.117809584199756,9.149417321537104,5.980439170431283,False,False
time_offset,1,10.304477000318002,PARK_ZERO_OFFSET,upper_arm_camera,5,9.303885003919769,9.479638443404768,12.122149190093724,0.9688151984616874,False,False
time_offset,1,10.304477000318002,PARK_ZERO_OFFSET,forearm_camera,5,112.83578004435167,115.27069663546276,139.56406202114647,5.401744496624614,False,False
time_offset,1,10.304477000318002,PARK_ZERO_OFFSET,wrist_camera,5,231.64447834077998,237.10010796158758,299.3480433543163,18.84620170501881,False,False
time_offset,1,10.304477000318002,PARK_ZERO_OFFSET,FUSED_MEDIAN,5,9.303885003919769,9.479638443404768,12.122149190093724,5.319717149603272,False,False
time_offset,1,10.304477000318002,PARK_ZERO_OFFSET,upper_arm_camera,6,9.352976669368225,9.539839874177508,12.300921237392144,1.0382538607804448,False,False
time_offset,1,10.304477000318002,PARK_ZERO_OFFSET,forearm_camera,6,99.49260492400276,101.72176068390799,123.47638627174952,4.56020061865952,False,False
time_offset,1,10.304477000318002,PARK_ZERO_OFFSET,wrist_camera,6,205.8004824974662,211.25030229070478,267.06169605551077,16.475246875068976,False,False
time_offset,1,10.304477000318002,PARK_ZERO_OFFSET,FUSED_MEDIAN,6,9.352976669368225,9.539839874177508,12.300921237392144,4.45677644272905,False,False
time_offset,1,10.304477000318002,PARK_ZERO_OFFSET,upper_arm_camera,7,7.914243617796399,8.192654435709423,10.849670058117868,1.3095530483931574,False,False
time_offset,1,10.304477000318002,PARK_ZERO_OFFSET,forearm_camera,7,84.19151335882476,86.13625360154388,103.19669867060114,4.122474023315505,False,False
time_offset,1,10.304477000318002,PARK_ZERO_OFFSET,wrist_camera,7,174.16682113615366,179.25994185742405,226.40787687496103,13.914704300862947,False,False
time_offset,1,10.304477000318002,PARK_ZERO_OFFSET,FUSED_MEDIAN,7,10.782814359308999,13.026371181159318,20.24001977289451,3.690056398601457,False,False
time_offset,1,10.304477000318002,PARK_ZERO_OFFSET,upper_arm_camera,8,7.235477499166695,7.56751767583695,9.753005852190407,1.4403020324649076,False,False
time_offset,1,10.304477000318002,PARK_ZERO_OFFSET,forearm_camera,8,77.40385441354859,79.2506384532038,94.45581734043262,4.412086595786374,False,False
time_offset,1,10.304477000318002,PARK_ZERO_OFFSET,wrist_camera,8,141.96404743131455,146.3974628921189,183.7723261523619,11.356725452491117,False,False
time_offset,1,10.304477000318002,PARK_ZERO_OFFSET,FUSED_MEDIAN,8,30.608197782732677,27.226018533604996,37.323543357503,2.9514494177317574,False,False
time_offset,1,10.304477000318002,PARK_ZERO_OFFSET,upper_arm_camera,9,6.331651194677718,6.721113709250844,7.275591486984801,1.5425611775666095,False,False
time_offset,1,10.304477000318002,PARK_ZERO_OFFSET,forearm_camera,9,74.48332857990918,76.16318867162246,93.63622283414136,5.187476034338767,False,False
time_offset,1,10.304477000318002,PARK_ZERO_OFFSET,wrist_camera,9,111.4020614828195,114.98647241622405,142.43581970223366,8.833948205278581,False,False
time_offset,1,10.304477000318002,PARK_ZERO_OFFSET,FUSED_MEDIAN,9,15.065664463150764,19.222756978222712,35.099318949450904,2.2421831150595146,False,False
time_offset,1,10.304477000318002,PARK_ZERO_OFFSET,upper_arm_camera,10,8.694493204149722,9.022394413637704,11.18134979041579,1.681470068000551,False,False
time_offset,1,10.304477000318002,PARK_ZERO_OFFSET,forearm_camera,10,77.50306287573207,79.01494999455305,99.01362559684249,5.990066173166915,False,False
time_offset,1,10.304477000318002,PARK_ZERO_OFFSET,wrist_camera,10,89.08668430398043,91.86267023096451,111.50016815299838,6.587794074817169,False,False
time_offset,1,10.304477000318002,PARK_ZERO_OFFSET,FUSED_MEDIAN,10,8.694493204149722,10.18014113857354,13.491042066325049,1.7016592283099612,False,False
time_offset,1,10.304477000318002,PARK_ZERO_OFFSET,upper_arm_camera,11,13.953180440852964,14.218090132055435,17.961905118326595,1.8207541339083588,False,False
time_offset,1,10.304477000318002,PARK_ZERO_OFFSET,forearm_camera,11,85.64724474690375,87.1458161268862,109.66828533345503,6.862021647423571,False,False
time_offset,1,10.304477000318002,PARK_ZERO_OFFSET,wrist_camera,11,74.59722444609768,76.67214136369279,92.92634139293023,4.71278529810363,False,False
time_offset,1,10.304477000318002,PARK_ZERO_OFFSET,FUSED_MEDIAN,11,18.457241820926043,19.10652521206572,26.842938941418556,1.3346991770389365,False,False
time_offset,1,10.304477000318002,PARK_ZERO_OFFSET,upper_arm_camera,12,19.721625990076838,19.982290833541644,24.972394169938685,1.961072426969781,False,False
time_offset,1,10.304477000318002,PARK_ZERO_OFFSET,forearm_camera,12,91.97581758859364,93.45217255332635,117.04652809086194,7.491512770154614,False,False
time_offset,1,10.304477000318002,PARK_ZERO_OFFSET,wrist_camera,12,68.24182426533453,69.88947092375234,85.35615560852952,3.3934749388137684,False,False
time_offset,1,10.304477000318002,PARK_ZERO_OFFSET,FUSED_MEDIAN,12,28.438138063211838,26.375826433807724,32.789343772698835,0.9605892775105841,False,False
time_offset,1,10.304477000318002,PARK_ZERO_OFFSET,upper_arm_camera,13,27.21492480396314,27.51102449165332,33.7870755222461,2.2364798669806683,False,False
time_offset,1,10.304477000318002,PARK_ZERO_OFFSET,forearm_camera,13,94.78524576216543,96.30612980112457,120.07327082161011,7.850083021339576,False,False
time_offset,1,10.304477000318002,PARK_ZERO_OFFSET,wrist_camera,13,69.03365772284434,70.5967047916087,85.77545038835852,3.1137575819513343,False,False
time_offset,1,10.304477000318002,PARK_ZERO_OFFSET,FUSED_MEDIAN,13,27.840300362440136,28.820984043693027,37.2024703394148,0.9519847145047782,False,False
time_offset,1,10.304477000318002,PARK_ZERO_OFFSET,upper_arm_camera,14,33.408458500097154,33.76124402830492,41.0256269934017,2.488503070315152,False,False
time_offset,1,10.304477000318002,PARK_ZERO_OFFSET,forearm_camera,14,90.13754272837764,91.6489720686501,113.73521483172432,7.729075689489996,False,False
time_offset,1,10.304477000318002,PARK_ZERO_OFFSET,wrist_camera,14,76.02064857192029,77.65068350764054,93.4796494504569,3.7469676856645915,False,False
time_offset,1,10.304477000318002,PARK_ZERO_OFFSET,FUSED_MEDIAN,14,22.345725755683027,24.78698204165388,36.91137726261325,0.9313053457933937,False,False
time_offset,1,10.304477000318002,PARK_ZERO_OFFSET,upper_arm_camera,15,39.32880042277221,39.73340971725756,47.58048428515868,2.702428801981322,False,False
time_offset,1,10.304477000318002,PARK_ZERO_OFFSET,forearm_camera,15,83.31358067543046,84.9012647685947,105.72472207182567,7.598535263880087,False,False
time_offset,1,10.304477000318002,PARK_ZERO_OFFSET,wrist_camera,15,87.58957505150381,89.33039167009983,106.62073747783927,4.3751655107170935,False,False
time_offset,1,10.304477000318002,PARK_ZERO_OFFSET,FUSED_MEDIAN,15,19.40786389331919,21.823009897592737,33.76011575700747,1.0714490279359397,False,False
time_offset,1,10.304477000318002,PARK_ZERO_OFFSET,upper_arm_camera,16,44.39882000276305,44.88086318210601,53.13328902628644,3.04250940394856,False,False
time_offset,1,10.304477000318002,PARK_ZERO_OFFSET,forearm_camera,16,69.61001160662423,71.18906117071104,88.7535881123546,6.9269175792313415,False,False
time_offset,1,10.304477000318002,PARK_ZERO_OFFSET,wrist_camera,16,98.97434228561553,100.84518264591574,119.90423721699656,4.71477613288617,False,False
time_offset,1,10.304477000318002,PARK_ZERO_OFFSET,FUSED_MEDIAN,16,13.975663027179838,17.10656143291403,26.989857369373464,1.1680476361802883,False,False
time_offset,1,10.304477000318002,PARK_ZERO_OFFSET,upper_arm_camera,17,46.87601632155083,47.42357620340872,55.54748076133697,3.2800807494897235,False,False
time_offset,1,10.304477000318002,PARK_ZERO_OFFSET,forearm_camera,17,55.40376896121776,57.02278247156491,71.40457946136662,6.233786744909106,False,False
time_offset,1,10.304477000318002,PARK_ZERO_OFFSET,wrist_camera,17,108.50481542522442,110.50175523800638,131.09794762981673,4.954346577843852,False,False
time_offset,1,10.304477000318002,PARK_ZERO_OFFSET,FUSED_MEDIAN,17,13.124713082964005,16.424530309442527,20.955064763690746,1.3796080649080762,False,False
time_offset,1,10.304477000318002,PARK_ZERO_OFFSET,upper_arm_camera,18,49.39281608467404,50.010986232306905,59.63745168489825,3.5342723494951978,False,False
time_offset,1,10.304477000318002,PARK_ZERO_OFFSET,forearm_camera,18,41.04078200991375,42.62566206459298,52.4658287115051,5.258752103178886,False,False
time_offset,1,10.304477000318002,PARK_ZERO_OFFSET,wrist_camera,18,114.99362772911395,117.06301196240884,138.59211455982245,4.861540667028054,False,False
time_offset,1,10.304477000318002,PARK_ZERO_OFFSET,FUSED_MEDIAN,18,18.416658206196285,16.638880977814907,19.924548935787126,1.6518891501838218,False,False
time_offset,1,10.304477000318002,PARK_ZERO_OFFSET,upper_arm_camera,19,46.46419074140522,47.13312870198996,57.894327507154706,3.6424259707761757,False,False
time_offset,1,10.304477000318002,PARK_ZERO_OFFSET,forearm_camera,19,33.9513992918277,35.31164294634434,39.634655249613935,4.375147114852111,False,False
time_offset,1,10.304477000318002,PARK_ZERO_OFFSET,wrist_camera,19,116.94279418661118,119.06732886943853,140.48879226750864,4.88372299875527,False,False
time_offset,1,10.304477000318002,PARK_ZERO_OFFSET,FUSED_MEDIAN,19,13.658947358574855,16.477279402107996,19.88000125254224,2.0218300449600095,False,False
time_offset,1,10.304477000318002,PARK_ZERO_OFFSET,upper_arm_camera,20,40.65829631849527,41.39017578263302,52.5655342950772,3.6441917263353387,False,False
time_offset,1,10.304477000318002,PARK_ZERO_OFFSET,forearm_camera,20,32.74760764958656,33.730786611903376,35.87316121397306,3.581180709929367,False,False
time_offset,1,10.304477000318002,PARK_ZERO_OFFSET,wrist_camera,20,114.4435365164388,116.54273742608261,136.94936770692505,4.6244852031451185,False,False
time_offset,1,10.304477000318002,PARK_ZERO_OFFSET,FUSED_MEDIAN,20,19.89985700195975,21.724955706127375,28.676077690058325,2.3650170123648513,False,False
time_offset,1,10.304477000318002,PARK_ZERO_OFFSET,upper_arm_camera,21,35.92108371941523,36.70206198572455,47.920304771287064,3.64196616053455,False,False
time_offset,1,10.304477000318002,PARK_ZERO_OFFSET,forearm_camera,21,33.576336680400935,34.18882076715964,38.42246931608027,2.9133176367398366,False,False
time_offset,1,10.304477000318002,PARK_ZERO_OFFSET,wrist_camera,21,106.73634512510162,108.766241719082,127.4198618406987,4.149694745713943,False,False
time_offset,1,10.304477000318002,PARK_ZERO_OFFSET,FUSED_MEDIAN,21,25.427899325509607,25.689280929775943,32.23941184536811,2.6102651423788443,False,False
time_offset,1,10.304477000318002,PARK_ZERO_OFFSET,upper_arm_camera,22,25.84362401257593,26.768933810271285,37.28565017558456,3.620245277381661,False,False
time_offset,1,10.304477000318002,PARK_ZERO_OFFSET,forearm_camera,22,32.05006197254549,32.61676579553313,37.54714685030026,2.892003959631372,False,False
time_offset,1,10.304477000318002,PARK_ZERO_OFFSET,wrist_camera,22,95.35315911148992,97.1604452146762,112.73017960812284,3.638492431563035,False,False
time_offset,1,10.304477000318002,PARK_ZERO_OFFSET,FUSED_MEDIAN,22,23.755763839314735,21.85786101791399,27.067500222973386,2.8253315627330444,False,False
time_offset,1,10.304477000318002,PARK_ZERO_OFFSET,upper_arm_camera,23,12.843345635751637,14.215870211461455,22.60974862507034,3.460154364144367,False,False
time_offset,1,10.304477000318002,PARK_ZERO_OFFSET,forearm_camera,23,27.183137646404575,27.828308382673345,32.51916437499134,3.15873330219327,False,False
time_offset,1,10.304477000318002,PARK_ZERO_OFFSET,wrist_camera,23,81.93676696064426,83.51546339892528,96.20216680270039,2.8799209527914233,False,False
time_offset,1,10.304477000318002,PARK_ZERO_OFFSET,FUSED_MEDIAN,23,12.843345635751637,12.858878987099393,18.157935073161028,2.8915000329773566,False,False
time_offset,1,10.304477000318002,PARK_ZERO_OFFSET,upper_arm_camera,24,8.028005102512255,9.900526216960523,16.15034036401003,3.3806824081418076,False,False
time_offset,1,10.304477000318002,PARK_ZERO_OFFSET,forearm_camera,24,21.216473285424488,22.044005514061947,25.680311093663583,3.675237058779409,False,False
time_offset,1,10.304477000318002,PARK_ZERO_OFFSET,wrist_camera,24,65.66976798781329,66.82101829052489,74.7287637889782,2.2597075421777064,False,False
time_offset,1,10.304477000318002,PARK_ZERO_OFFSET,FUSED_MEDIAN,24,8.028005102512255,9.098208745746621,12.528080213519072,2.975696158494962,False,False
time_offset,1,10.304477000318002,PARK_ZERO_OFFSET,upper_arm_camera,25,7.59014285519621,9.266318900951335,13.450901551822804,3.1847436373674554,False,False
time_offset,1,10.304477000318002,PARK_ZERO_OFFSET,forearm_camera,25,19.44056555058614,20.477288498582535,24.37379616558557,4.228963602127247,False,False
time_offset,1,10.304477000318002,PARK_ZERO_OFFSET,wrist_camera,25,45.81805537006355,46.418939785553256,47.2512424064453,1.408779421849401,False,False
time_offset,1,10.304477000318002,PARK_ZERO_OFFSET,FUSED_MEDIAN,25,8.363241142439263,11.311278745022493,19.34254956768841,2.8411535744943825,False,False
time_offset,1,10.304477000318002,PARK_ZERO_OFFSET,upper_arm_camera,26,14.291605952324431,15.214873249410141,21.307871664767053,3.08565131861813,False,False
time_offset,1,10.304477000318002,PARK_ZERO_OFFSET,forearm_camera,26,25.756297824822852,26.71384277852984,34.68965924639758,4.802373313680381,False,False
time_offset,1,10.304477000318002,PARK_ZERO_OFFSET,wrist_camera,26,38.01276657214673,38.17835931111342,41.232379278112084,1.4374740403311794,False,False
time_offset,1,10.304477000318002,PARK_ZERO_OFFSET,FUSED_MEDIAN,26,13.543299384680932,15.399614394656306,19.972798215123923,2.663165650190577,False,False
time_offset,1,10.304477000318002,PARK_ZERO_OFFSET,upper_arm_camera,27,19.353054947231225,19.96986141230177,26.71604678054742,2.733451869806375,False,False
time_offset,1,10.304477000318002,PARK_ZERO_OFFSET,forearm_camera,27,35.553206510838095,36.46248565253304,46.86561013785696,5.372735418147741,False,False
time_offset,1,10.304477000318002,PARK_ZERO_OFFSET,wrist_camera,27,63.38638104758704,63.78280657038345,69.77681397686631,2.9072623334734944,False,False
time_offset,1,10.304477000318002,PARK_ZERO_OFFSET,FUSED_MEDIAN,27,18.07361109199999,18.66493578181948,24.86405832318948,2.3381454999293942,False,False
time_offset,1,10.304477000318002,PARK_ZERO_OFFSET,upper_arm_camera,28,23.10098056364804,23.648135083118607,30.728877522389652,2.50703187345591,False,False
time_offset,1,10.304477000318002,PARK_ZERO_OFFSET,forearm_camera,28,45.45521392835211,46.38525835085673,58.728626897876524,5.745913995363171,False,False
time_offset,1,10.304477000318002,PARK_ZERO_OFFSET,wrist_camera,28,108.23915252068417,109.19388027828711,126.12243783600849,5.532873903805101,False,False
time_offset,1,10.304477000318002,PARK_ZERO_OFFSET,FUSED_MEDIAN,28,20.623209038168284,21.283875449969052,27.929522581558118,2.1111897712132857,False,False
time_offset,1,10.304477000318002,PARK_ZERO_OFFSET,upper_arm_camera,29,27.658577544969955,28.165346631876673,35.58701056167351,2.236199111796203,False,False
time_offset,1,10.304477000318002,PARK_ZERO_OFFSET,forearm_camera,29,52.97227364897777,54.08041291564065,67.84669075271766,6.242432220976547,False,False
time_offset,1,10.304477000318002,PARK_ZERO_OFFSET,wrist_camera,29,161.31271108402046,162.80637302025136,189.85134664144536,8.674981762352768,False,False
time_offset,1,10.304477000318002,PARK_ZERO_OFFSET,FUSED_MEDIAN,29,24.015495054344097,24.879801322522997,32.31939743274604,2.3347773782403785,False,False
time_offset,1,10.304477000318002,PARK_ZERO_OFFSET,upper_arm_camera,30,28.2033692875762,28.74625291735903,36.14183992652908,2.048458287873777,False,False
time_offset,1,10.304477000318002,PARK_ZERO_OFFSET,forearm_camera,30,58.946006326030535,60.21007037473668,75.3933172748316,6.36515401816443,False,False
time_offset,1,10.304477000318002,PARK_ZERO_OFFSET,wrist_camera,30,212.82016576967337,214.77144053094983,251.20005994834455,12.128015397611803,False,False
time_offset,1,10.304477000318002,PARK_ZERO_OFFSET,FUSED_MEDIAN,30,24.41015826165042,25.61503301563194,34.45547535853262,2.9626250861478125,False,False
time_offset,1,10.304477000318002,PARK_ZERO_OFFSET,upper_arm_camera,31,33.904787429296825,34.47379678406844,42.43715820203226,1.9121975454649325,False,False
time_offset,1,10.304477000318002,PARK_ZERO_OFFSET,forearm_camera,31,61.522416259455504,63.10231018272995,78.83138660644497,6.776025634782738,False,False
time_offset,1,10.304477000318002,PARK_ZERO_OFFSET,wrist_camera,31,258.7339634427259,261.069302646874,306.1304699088907,15.696488701939888,False,False
time_offset,1,10.304477000318002,PARK_ZERO_OFFSET,FUSED_MEDIAN,31,28.507134392309315,30.02378390213308,40.3933438789775,3.9308352607134576,False,False
time_offset,1,10.304477000318002,PARK_ZERO_OFFSET,upper_arm_camera,32,38.54061444736059,39.202980239247296,48.00871878837233,1.8615401361673514,False,False
time_offset,1,10.304477000318002,PARK_ZERO_OFFSET,forearm_camera,32,61.79112638168476,63.77588808210655,79.94473153551544,7.026747867592951,False,False
time_offset,1,10.304477000318002,PARK_ZERO_OFFSET,wrist_camera,32,290.8035164481166,293.36621876431224,345.32961369198114,18.666889639118338,False,False
time_offset,1,10.304477000318002,PARK_ZERO_OFFSET,FUSED_MEDIAN,32,32.70385965897758,34.787465706493215,47.011919144255145,4.791893046587363,False,False
time_offset,1,10.304477000318002,PARK_ZERO_OFFSET,upper_arm_camera,33,43.66976872991316,44.400293536522355,53.820811210253,1.6873817418492396,False,False
time_offset,1,10.304477000318002,PARK_ZERO_OFFSET,forearm_camera,33,58.88878183347475,61.36450677009954,76.77526480417987,7.162666224251025,False,False
time_offset,1,10.304477000318002,PARK_ZERO_OFFSET,wrist_camera,33,305.1245746101853,307.7391084698179,364.12392004782606,20.596717201049405,False,False
time_offset,1,10.304477000318002,PARK_ZERO_OFFSET,FUSED_MEDIAN,33,44.770074324730146,45.7896906377643,54.23110186460838,5.418999456905797,False,False
time_offset,1,10.304477000318002,PARK_ZERO_OFFSET,upper_arm_camera,34,46.32896026497699,47.14973681322472,57.11489453179675,1.511728511943659,False,False
time_offset,1,10.304477000318002,PARK_ZERO_OFFSET,forearm_camera,34,56.79928881571856,59.84062867266609,74.22836798340114,7.353286810410426,False,False
time_offset,1,10.304477000318002,PARK_ZERO_OFFSET,wrist_camera,34,298.8538325133801,301.40680899297905,358.95096443597043,21.36156351472696,False,False
time_offset,1,10.304477000318002,PARK_ZERO_OFFSET,FUSED_MEDIAN,34,49.502576533294196,51.4099463043866,61.77895719574719,5.715837512068621,False,False
time_offset,1,10.304477000318002,PARK_ZERO_OFFSET,upper_arm_camera,35,49.140383264986724,50.03003626549896,60.41141603213408,1.3355805214769618,False,False
time_offset,1,10.304477000318002,PARK_ZERO_OFFSET,forearm_camera,35,59.605459728257614,62.84887283578584,76.04427684409252,7.2676450375234385,False,False
time_offset,1,10.304477000318002,PARK_ZERO_OFFSET,wrist_camera,35,272.1482681018533,274.48868044152107,328.2473488037178,20.842786096730254,False,False
time_offset,1,10.304477000318002,PARK_ZERO_OFFSET,FUSED_MEDIAN,35,56.51042746025149,59.73529049372148,72.89266001660036,5.523387328575023,False,False
time_offset,1,2504.4440269994084,TIME_AWARE_PARK,upper_arm_camera,0,0.8335594657153704,0.8430391740196358,0.939248734959745,0.08797059979420807,True,True
time_offset,1,2504.4440269994084,TIME_AWARE_PARK,forearm_camera,0,10.645433218420804,10.911621089722104,13.423781083383904,0.8237952491224305,False,False
time_offset,1,2504.4440269994084,TIME_AWARE_PARK,wrist_camera,0,19.545091483659853,19.896412409529578,23.914208280315503,1.7260554918777182,False,False
time_offset,1,2504.4440269994084,TIME_AWARE_PARK,FUSED_MEDIAN,0,1.99243523605208,2.402058365637877,3.870153646155559,0.4129810976224863,True,True
time_offset,1,2504.4440269994084,TIME_AWARE_PARK,upper_arm_camera,1,0.8162441316888369,0.8705997079897934,1.1440413586655669,0.02214777815304303,True,True
time_offset,1,2504.4440269994084,TIME_AWARE_PARK,forearm_camera,1,11.750345836386542,12.047344638392083,14.62918527482471,0.8325405474321693,False,False
time_offset,1,2504.4440269994084,TIME_AWARE_PARK,wrist_camera,1,27.128977901525168,27.60969111735969,33.098477306814345,2.3961943109854786,False,False
time_offset,1,2504.4440269994084,TIME_AWARE_PARK,FUSED_MEDIAN,1,3.2133346513798635,3.349434265647767,4.649795765458881,0.6131573785479459,False,True
time_offset,1,2504.4440269994084,TIME_AWARE_PARK,upper_arm_camera,2,1.161806194573175,1.2091952120643938,1.6775068202582353,0.2092650218380981,True,True
time_offset,1,2504.4440269994084,TIME_AWARE_PARK,forearm_camera,2,13.341441514450036,13.647011001098631,16.642187251438386,0.9038061990522952,False,False
time_offset,1,2504.4440269994084,TIME_AWARE_PARK,wrist_camera,2,31.100492189536133,31.677237313835697,38.90810880022033,2.7313701065246714,False,False
time_offset,1,2504.4440269994084,TIME_AWARE_PARK,FUSED_MEDIAN,2,1.161806194573175,1.2091251008729393,1.6775068202582353,0.735736775496262,True,True
time_offset,1,2504.4440269994084,TIME_AWARE_PARK,upper_arm_camera,3,1.478911969429721,1.4955178012791521,1.8128657603605,0.11871834447035012,True,True
time_offset,1,2504.4440269994084,TIME_AWARE_PARK,forearm_camera,3,12.591784416216374,12.864145804573075,15.440670203952317,0.6855381790503999,False,False
time_offset,1,2504.4440269994084,TIME_AWARE_PARK,wrist_camera,3,33.673016685213625,34.25326905749358,42.37859838103776,2.8002187530661473,False,False
time_offset,1,2504.4440269994084,TIME_AWARE_PARK,FUSED_MEDIAN,3,1.478911969429721,1.4955178012791521,1.8128657603605,0.7823285277141792,True,True
time_offset,1,2504.4440269994084,TIME_AWARE_PARK,upper_arm_camera,4,0.6904265335226182,0.7595331794002448,0.8921405588181684,0.1558839946952146,True,True
time_offset,1,2504.4440269994084,TIME_AWARE_PARK,forearm_camera,4,11.506437314345304,11.761098786013603,14.155861252777767,0.6231677133798921,False,False
time_offset,1,2504.4440269994084,TIME_AWARE_PARK,wrist_camera,4,33.10573184499539,33.74213732229727,42.08748890314794,2.7569839351981233,False,False
time_offset,1,2504.4440269994084,TIME_AWARE_PARK,FUSED_MEDIAN,4,0.6904265335226182,0.7595331794002448,0.8921405588181684,0.8019446154249118,True,True
time_offset,1,2504.4440269994084,TIME_AWARE_PARK,upper_arm_camera,5,1.265425560591022,1.3105760797599935,1.8183948332727748,0.2069082567781548,True,True
time_offset,1,2504.4440269994084,TIME_AWARE_PARK,forearm_camera,5,10.86494252697707,11.096542987169807,13.412891388782839,0.49509953262858963,False,False
time_offset,1,2504.4440269994084,TIME_AWARE_PARK,wrist_camera,5,31.12968744353567,31.83533926165083,40.075904361617845,2.4810573383956256,False,False
time_offset,1,2504.4440269994084,TIME_AWARE_PARK,FUSED_MEDIAN,5,1.265425560591022,1.3105760797599935,1.8183948332727748,0.7466050876337085,True,True
time_offset,1,2504.4440269994084,TIME_AWARE_PARK,upper_arm_camera,6,1.2287877463333767,1.2422131927513056,1.5040393695673728,0.10133716628061211,True,True
time_offset,1,2504.4440269994084,TIME_AWARE_PARK,forearm_camera,6,9.3960452219664,9.612527401665403,11.682229516964346,0.4236065208760701,False,False
time_offset,1,2504.4440269994084,TIME_AWARE_PARK,wrist_camera,6,28.594896266475324,29.29435784679718,36.81782749194403,2.2309367086201854,False,False
time_offset,1,2504.4440269994084,TIME_AWARE_PARK,FUSED_MEDIAN,6,1.2287877463333767,1.2422131927513056,1.5040393695673728,0.6360374048886246,True,True
time_offset,1,2504.4440269994084,TIME_AWARE_PARK,upper_arm_camera,7,0.48813755415002563,0.626355576754045,0.8955535961383729,0.2601440444062592,True,True
time_offset,1,2504.4440269994084,TIME_AWARE_PARK,forearm_camera,7,6.619594257500915,6.739919990717408,7.778831069981867,0.38296762768110015,False,False
time_offset,1,2504.4440269994084,TIME_AWARE_PARK,wrist_camera,7,24.257549456075665,24.911315821656807,31.35364108929202,1.8963471799633234,False,False
time_offset,1,2504.4440269994084,TIME_AWARE_PARK,FUSED_MEDIAN,7,2.8977271349285183,2.934723589057697,3.493591949181566,0.6015744305726208,False,True
time_offset,1,2504.4440269994084,TIME_AWARE_PARK,upper_arm_camera,8,0.516882831161589,0.6215852131173205,0.8066617821947037,0.23325841558994384,True,True
time_offset,1,2504.4440269994084,TIME_AWARE_PARK,forearm_camera,8,8.297804052291216,8.497448289176056,10.367943402897955,0.47817026649038347,False,False
time_offset,1,2504.4440269994084,TIME_AWARE_PARK,wrist_camera,8,20.11245907684238,20.67904871225004,25.856891942456233,1.54274858676745,False,False
time_offset,1,2504.4440269994084,TIME_AWARE_PARK,FUSED_MEDIAN,8,4.5280080389096256,4.282247179145967,5.586050790080119,0.5130559050890157,False,True
time_offset,1,2504.4440269994084,TIME_AWARE_PARK,upper_arm_camera,9,0.3098802579627541,0.4389626470387083,0.6386939899915041,0.21409787674402284,True,True
time_offset,1,2504.4440269994084,TIME_AWARE_PARK,forearm_camera,9,7.66553750928506,7.840506019182361,9.754260191924647,0.5779798701843019,False,False
time_offset,1,2504.4440269994084,TIME_AWARE_PARK,wrist_camera,9,14.978090408054085,15.420759906350892,19.08642697006057,1.1582813304291817,False,False
time_offset,1,2504.4440269994084,TIME_AWARE_PARK,FUSED_MEDIAN,9,2.11206401028308,2.6641235555164333,4.902264571295061,0.35163092449948985,False,True
time_offset,1,2504.4440269994084,TIME_AWARE_PARK,upper_arm_camera,10,1.397232479370222,1.448937269582657,1.95665812748312,0.2473391051690518,True,True
time_offset,1,2504.4440269994084,TIME_AWARE_PARK,forearm_camera,10,7.270916379472764,7.387493785738016,9.210088597256862,0.5821542634131049,False,False
time_offset,1,2504.4440269994084,TIME_AWARE_PARK,wrist_camera,10,12.38552062617554,12.779686488692022,15.632083667360488,0.9260086945619334,False,False
time_offset,1,2504.4440269994084,TIME_AWARE_PARK,FUSED_MEDIAN,10,0.6711965345745807,1.2215005566490755,1.7969632000843416,0.28598438308271157,True,True
time_offset,1,2504.4440269994084,TIME_AWARE_PARK,upper_arm_camera,11,2.2112205727169583,2.251374295337091,2.910926548809376,0.26562355950026856,False,True
time_offset,1,2504.4440269994084,TIME_AWARE_PARK,forearm_camera,11,9.003306705411692,9.154952651426672,11.482380837182877,0.7180162371388383,False,False
time_offset,1,2504.4440269994084,TIME_AWARE_PARK,wrist_camera,11,10.340501054127998,10.676737191659528,12.887342722524759,0.8122879517810326,False,False
time_offset,1,2504.4440269994084,TIME_AWARE_PARK,FUSED_MEDIAN,11,1.630189925676245,1.8949985853839277,2.9418270024338318,0.2860707559122554,True,True
time_offset,1,2504.4440269994084,TIME_AWARE_PARK,upper_arm_camera,12,2.6311935107501108,2.668298283710401,3.3736191140767,0.25900871854948593,False,True
time_offset,1,2504.4440269994084,TIME_AWARE_PARK,forearm_camera,12,9.945640398890715,10.085469169917475,12.488156340320188,0.7982106907664007,False,False
time_offset,1,2504.4440269994084,TIME_AWARE_PARK,wrist_camera,12,9.143094811152636,9.390374786491643,11.605417621066708,0.5464842896579039,False,False
time_offset,1,2504.4440269994084,TIME_AWARE_PARK,FUSED_MEDIAN,12,3.48189495308517,3.209201278153129,3.862480780546127,0.11059749307422714,False,True
time_offset,1,2504.4440269994084,TIME_AWARE_PARK,upper_arm_camera,13,4.282511749767733,4.3285226794146405,5.289836681647949,0.34878228681713497,False,True
time_offset,1,2504.4440269994084,TIME_AWARE_PARK,forearm_camera,13,10.36313995013603,10.530570627095777,13.065015290557746,0.8630061406993325,False,False
time_offset,1,2504.4440269994084,TIME_AWARE_PARK,wrist_camera,13,9.16127748007365,9.39721774834473,11.512221209495571,0.3534688653514803,False,False
time_offset,1,2504.4440269994084,TIME_AWARE_PARK,FUSED_MEDIAN,13,2.9071648369215963,3.188618964180926,4.489454051904338,0.07666230619649518,False,True
time_offset,1,2504.4440269994084,TIME_AWARE_PARK,upper_arm_camera,14,4.766020660872147,4.826796383180225,5.935418979163212,0.3838910957355103,False,True
time_offset,1,2504.4440269994084,TIME_AWARE_PARK,forearm_camera,14,8.160694198749894,8.314292001695682,10.106796875941928,0.7453602591195898,False,False
time_offset,1,2504.4440269994084,TIME_AWARE_PARK,wrist_camera,14,9.942860732711143,10.164340849469507,12.27147417445733,0.47207304102395226,False,False
time_offset,1,2504.4440269994084,TIME_AWARE_PARK,FUSED_MEDIAN,14,2.0634434731886957,2.3761290058001463,3.7852805080552208,0.014372819463201911,False,True
time_offset,1,2504.4440269994084,TIME_AWARE_PARK,upper_arm_camera,15,5.7301178264813615,5.793106800667886,6.917325052879598,0.3582008191450732,False,False
time_offset,1,2504.4440269994084,TIME_AWARE_PARK,forearm_camera,15,8.559873953940455,8.755320489128362,11.037720339633566,0.8479861618559749,False,False
time_offset,1,2504.4440269994084,TIME_AWARE_PARK,wrist_camera,15,11.828747697195377,12.04055574432243,14.256363338226484,0.5673079571542866,False,False
time_offset,1,2504.4440269994084,TIME_AWARE_PARK,FUSED_MEDIAN,15,3.709560973970579,3.906374200947757,5.056684983405478,0.08739674781350003,False,True
time_offset,1,2504.4440269994084,TIME_AWARE_PARK,upper_arm_camera,16,6.296063446624145,6.375337361295004,7.561759439452594,0.464640206863265,False,False
time_offset,1,2504.4440269994084,TIME_AWARE_PARK,forearm_camera,16,6.283248228728258,6.44735931420894,7.9422773594169085,0.6729126670513428,False,False
time_offset,1,2504.4440269994084,TIME_AWARE_PARK,wrist_camera,16,12.858814919255535,13.082464463528122,15.467134624974554,0.5599334060557581,False,False
time_offset,1,2504.4440269994084,TIME_AWARE_PARK,FUSED_MEDIAN,16,1.5134810408553223,1.88392621458223,2.811248771404667,0.13525076197291216,True,True
time_offset,1,2504.4440269994084,TIME_AWARE_PARK,upper_arm_camera,17,6.162751301935664,6.251138008164265,7.45319796800939,0.4882748984883125,False,False
time_offset,1,2504.4440269994084,TIME_AWARE_PARK,forearm_camera,17,5.532831287845782,5.7083311554943865,7.17566406559665,0.6484950555774144,False,False
time_offset,1,2504.4440269994084,TIME_AWARE_PARK,wrist_camera,17,13.858201667767428,14.108664164693389,16.725961956877082,0.6271914831635731,False,False
time_offset,1,2504.4440269994084,TIME_AWARE_PARK,FUSED_MEDIAN,17,0.9070389720131274,1.4766866915939423,2.1345602598498283,0.18698257243066416,True,True
time_offset,1,2504.4440269994084,TIME_AWARE_PARK,upper_arm_camera,18,7.960960530881177,8.063286699102473,9.533908909116318,0.5762658771540349,False,False
time_offset,1,2504.4440269994084,TIME_AWARE_PARK,forearm_camera,18,3.603384195358017,3.753661146418985,4.550850320133746,0.46295050270128724,False,True
time_offset,1,2504.4440269994084,TIME_AWARE_PARK,wrist_camera,18,15.161981298487335,15.415421745749475,18.267315541321263,0.52243172841613,False,False
time_offset,1,2504.4440269994084,TIME_AWARE_PARK,FUSED_MEDIAN,18,2.2874598553269028,2.4210104605543026,3.12798529888375,0.2284755855058592,False,True
time_offset,1,2504.4440269994084,TIME_AWARE_PARK,upper_arm_camera,19,6.860693707005051,6.960988786088383,8.583402437767429,0.566574305532259,False,False
time_offset,1,2504.4440269994084,TIME_AWARE_PARK,forearm_camera,19,3.75010114020912,3.857596946141462,4.057777944331697,0.4033518776094009,False,True
time_offset,1,2504.4440269994084,TIME_AWARE_PARK,wrist_camera,19,15.873270130800355,16.1451053080763,18.992762503870324,0.6625737157976396,False,False
time_offset,1,2504.4440269994084,TIME_AWARE_PARK,FUSED_MEDIAN,19,1.8525485480747703,2.0550380455946295,2.772751151873665,0.302721270919042,True,True
time_offset,1,2504.4440269994084,TIME_AWARE_PARK,upper_arm_camera,20,4.978152472109568,5.087933687827202,6.612067771756558,0.5077248199797813,False,True
time_offset,1,2504.4440269994084,TIME_AWARE_PARK,forearm_camera,20,3.510385541739604,3.5979548472092375,3.94141825770831,0.3429116355733975,False,True
time_offset,1,2504.4440269994084,TIME_AWARE_PARK,wrist_camera,20,15.98164282684425,16.241200994657298,18.93246619936772,0.661285989737065,False,False
time_offset,1,2504.4440269994084,TIME_AWARE_PARK,FUSED_MEDIAN,20,2.600356472179139,2.717427915870001,3.4254262166123643,0.35572221585520014,False,True
time_offset,1,2504.4440269994084,TIME_AWARE_PARK,upper_arm_camera,21,6.468538972054004,6.565339996031697,8.150743715689966,0.510495415248246,False,False
time_offset,1,2504.4440269994084,TIME_AWARE_PARK,forearm_camera,21,3.850407017848145,3.8671369696378903,4.277723984832824,0.2172964558720305,False,True
time_offset,1,2504.4440269994084,TIME_AWARE_PARK,wrist_camera,21,14.437347358048761,14.700482193155636,17.212429150772685,0.555390563513358,False,False
time_offset,1,2504.4440269994084,TIME_AWARE_PARK,FUSED_MEDIAN,21,3.6820412504681483,3.780962314738298,4.225887605639388,0.3752028786274293,False,True
time_offset,1,2504.4440269994084,TIME_AWARE_PARK,upper_arm_camera,22,4.1485721307152135,4.2666381684246355,5.786443272237035,0.5162710458773034,False,True
time_offset,1,2504.4440269994084,TIME_AWARE_PARK,forearm_camera,22,3.3010406495478386,3.356727697667938,3.9142346613195755,0.29268201305958985,False,True
time_offset,1,2504.4440269994084,TIME_AWARE_PARK,wrist_camera,22,12.252052866586897,12.453680963721142,14.151206176736924,0.5224939015872907,False,False
time_offset,1,2504.4440269994084,TIME_AWARE_PARK,FUSED_MEDIAN,22,2.968028056742242,3.006652029435129,3.5119735370953875,0.3833404801946733,False,True
time_offset,1,2504.4440269994084,TIME_AWARE_PARK,upper_arm_camera,23,0.691887236650841,0.9678426578724544,1.5144888212482124,0.4520093534098703,True,True
time_offset,1,2504.4440269994084,TIME_AWARE_PARK,forearm_camera,23,3.044388387251554,3.138316991042493,3.62379594711144,0.3297820694172998,False,True
time_offset,1,2504.4440269994084,TIME_AWARE_PARK,wrist_camera,23,10.963106254597474,11.1942168331744,13.120914412113319,0.32556871394836573,False,False
time_offset,1,2504.4440269994084,TIME_AWARE_PARK,FUSED_MEDIAN,23,0.691887236650841,0.9728982534284701,1.543366709445541,0.333061875422153,True,True
time_offset,1,2504.4440269994084,TIME_AWARE_PARK,upper_arm_camera,24,1.869926473467274,2.0412380476662295,3.157535479421937,0.47905242439360407,True,True
time_offset,1,2504.4440269994084,TIME_AWARE_PARK,forearm_camera,24,2.0950255439511127,2.1906357692852483,2.4805562922563102,0.3990054300995428,False,True
time_offset,1,2504.4440269994084,TIME_AWARE_PARK,wrist_camera,24,9.879151404495325,10.048374672207583,11.469641306054294,0.3559483503266012,False,False
time_offset,1,2504.4440269994084,TIME_AWARE_PARK,FUSED_MEDIAN,24,1.0761016662441643,1.2591244588924773,1.6121956503905401,0.39686023819558647,True,True
time_offset,1,2504.4440269994084,TIME_AWARE_PARK,upper_arm_camera,25,0.8834765200447238,1.1315113832344086,1.7447045320349357,0.43681794694267573,True,True
time_offset,1,2504.4440269994084,TIME_AWARE_PARK,forearm_camera,25,2.0616798333620228,2.181047569620168,2.9382535637487686,0.43475579493592825,False,True
time_offset,1,2504.4440269994084,TIME_AWARE_PARK,wrist_camera,25,6.642277793235125,6.732368473995595,7.104605196961432,0.20215195102943767,False,False
time_offset,1,2504.4440269994084,TIME_AWARE_PARK,FUSED_MEDIAN,25,1.2813120341098025,1.4680199359591828,2.3763047545599427,0.3487138284538602,True,True
time_offset,1,2504.4440269994084,TIME_AWARE_PARK,upper_arm_camera,26,2.281757650645383,2.4286768312911406,3.3589821885967135,0.5171410853768116,False,True
time_offset,1,2504.4440269994084,TIME_AWARE_PARK,forearm_camera,26,2.7773411873318667,2.8730839871423783,3.7981900493180802,0.4985891584450841,False,True
time_offset,1,2504.4440269994084,TIME_AWARE_PARK,wrist_camera,26,4.386480516094492,4.437244912242569,4.953780907217087,0.22556973257926005,False,True
time_offset,1,2504.4440269994084,TIME_AWARE_PARK,FUSED_MEDIAN,26,2.4277469156821923,2.506128733973045,3.3844534003449778,0.36730013466322803,False,True
time_offset,1,2504.4440269994084,TIME_AWARE_PARK,upper_arm_camera,27,2.433449413533248,2.5085872121440076,3.3731888270650705,0.3619987264489082,False,True
time_offset,1,2504.4440269994084,TIME_AWARE_PARK,forearm_camera,27,3.8327203331921385,3.9387819624672744,4.93092255622125,0.6124878975641008,False,True
time_offset,1,2504.4440269994084,TIME_AWARE_PARK,wrist_camera,27,6.488653651984107,6.508455507202822,6.647360854806139,0.22986642159976173,False,False
time_offset,1,2504.4440269994084,TIME_AWARE_PARK,FUSED_MEDIAN,27,2.46901288425471,2.542717106453961,3.3337663670209285,0.304021934108992,False,True
time_offset,1,2504.4440269994084,TIME_AWARE_PARK,upper_arm_camera,28,2.4408750492140308,2.5411557957357913,3.3378407151196052,0.34835998303934873,False,True
time_offset,1,2504.4440269994084,TIME_AWARE_PARK,forearm_camera,28,5.041190094316299,5.127200697205721,6.392321659503203,0.5690460855477955,False,False
time_offset,1,2504.4440269994084,TIME_AWARE_PARK,wrist_camera,28,11.328306669396238,11.426063910713307,13.207204169630023,0.6059066871530212,False,False
time_offset,1,2504.4440269994084,TIME_AWARE_PARK,FUSED_MEDIAN,28,1.7883277438442409,1.9061844410258837,2.582651164509541,0.25288186658653083,True,True
time_offset,1,2504.4440269994084,TIME_AWARE_PARK,upper_arm_camera,29,3.7261458841802453,3.7978435877620917,4.741670960095262,0.24770659121084332,False,True
time_offset,1,2504.4440269994084,TIME_AWARE_PARK,forearm_camera,29,5.2675544990177965,5.429467516001003,6.781730437921202,0.7174461458101713,False,False
time_offset,1,2504.4440269994084,TIME_AWARE_PARK,wrist_camera,29,19.033748978468005,19.20166003578674,22.260851647586456,0.9686160101385032,False,False
time_offset,1,2504.4440269994084,TIME_AWARE_PARK,FUSED_MEDIAN,29,2.9066292188378258,3.0342946207399852,3.820481240608527,0.3097672547274189,False,True
time_offset,1,2504.4440269994084,TIME_AWARE_PARK,upper_arm_camera,30,1.9825631987274621,2.105947252481834,2.659058892968783,0.2870612891389655,True,True
time_offset,1,2504.4440269994084,TIME_AWARE_PARK,forearm_camera,30,6.5457269821327895,6.660228094969596,8.322837555928844,0.5403252341123523,False,False
time_offset,1,2504.4440269994084,TIME_AWARE_PARK,wrist_camera,30,25.533018068448396,25.752893853259657,29.982841108551536,1.3554993331183178,False,False
time_offset,1,2504.4440269994084,TIME_AWARE_PARK,FUSED_MEDIAN,30,1.9825631987274621,2.105947252481834,2.659058892968783,0.35815952449677146,True,True
time_offset,1,2504.4440269994084,TIME_AWARE_PARK,upper_arm_camera,31,3.9453275805711026,4.022222295294172,4.955510956847755,0.23148420835048822,False,True
time_offset,1,2504.4440269994084,TIME_AWARE_PARK,forearm_camera,31,6.16274664773628,6.329824409605884,7.8689821322007,0.6792859855198106,False,False
time_offset,1,2504.4440269994084,TIME_AWARE_PARK,wrist_camera,31,32.552583152587,32.844423169673725,38.42462429283615,1.9020208988145806,False,False
time_offset,1,2504.4440269994084,TIME_AWARE_PARK,FUSED_MEDIAN,31,3.0531127619653633,3.2239373062786925,4.297146594978797,0.5343688080161995,False,True
time_offset,1,2504.4440269994084,TIME_AWARE_PARK,upper_arm_camera,32,5.104280629505983,5.221669174607675,6.55501903895985,0.31795625975157643,False,False
time_offset,1,2504.4440269994084,TIME_AWARE_PARK,forearm_camera,32,6.42700355761542,6.640032969245051,8.362522623600784,0.7152070202417643,False,False
time_offset,1,2504.4440269994084,TIME_AWARE_PARK,wrist_camera,32,36.971565860773815,37.29924636153188,43.82772176576384,2.3208640656044177,False,False
time_offset,1,2504.4440269994084,TIME_AWARE_PARK,FUSED_MEDIAN,32,3.9449121504561613,4.165142747254531,5.5889876281221955,0.6384377862969897,False,True
time_offset,1,2504.4440269994084,TIME_AWARE_PARK,upper_arm_camera,33,6.7556290431373,6.864318666278604,8.251266769762001,0.24174671081346896,False,False
time_offset,1,2504.4440269994084,TIME_AWARE_PARK,forearm_camera,33,5.725254603937942,5.97056505354789,7.2819440603738075,0.6824999316916168,False,False
time_offset,1,2504.4440269994084,TIME_AWARE_PARK,wrist_camera,33,39.175426251703534,39.500892567073315,46.540004939359015,2.5619513814553674,False,False
time_offset,1,2504.4440269994084,TIME_AWARE_PARK,FUSED_MEDIAN,33,5.43955469653793,5.623721256712177,6.10571141162161,0.7259189178268605,False,False
time_offset,1,2504.4440269994084,TIME_AWARE_PARK,upper_arm_camera,34,5.976513831215428,6.099248894555365,7.418753697610488,0.1838101963956093,False,False
time_offset,1,2504.4440269994084,TIME_AWARE_PARK,forearm_camera,34,5.516742227432143,5.8501956720328385,7.164961385981,0.7555641824396572,False,False
time_offset,1,2504.4440269994084,TIME_AWARE_PARK,wrist_camera,34,39.361611158168856,39.70656160512286,47.14460428149758,2.757184003321104,False,False
time_offset,1,2504.4440269994084,TIME_AWARE_PARK,FUSED_MEDIAN,34,6.273068710067723,6.402434436752064,7.57106195057283,0.8221983356635784,False,False
time_offset,1,2504.4440269994084,TIME_AWARE_PARK,upper_arm_camera,35,5.645951020406304,5.758467009322263,6.919221263811584,0.11961014653384221,False,False
time_offset,1,2504.4440269994084,TIME_AWARE_PARK,forearm_camera,35,6.961098525725091,7.212985696979644,8.660124655941171,0.6185277839352371,False,False
time_offset,1,2504.4440269994084,TIME_AWARE_PARK,wrist_camera,35,38.199865745337284,38.50087088369153,45.74708868277343,2.7859418964439566,False,False
time_offset,1,2504.4440269994084,TIME_AWARE_PARK,FUSED_MEDIAN,35,6.349711736453763,6.628236031621635,8.23972362996398,0.8046685726632801,False,False
gaussian,2,14.122106998911477,PARK,upper_arm_camera,0,1.3167989886156726,1.3221473743539558,1.4729105141160936,0.05200141306523359,True,True
gaussian,2,14.122106998911477,PARK,forearm_camera,0,0.6154151191480591,0.6208366560459843,0.713095648911147,0.03767594599834003,True,True
gaussian,2,14.122106998911477,PARK,wrist_camera,0,1.5468819483191028,1.5559501152636923,1.732824854517345,0.056055422288930706,True,True
gaussian,2,14.122106998911477,PARK,FUSED_MEDIAN,0,0.7418018140631674,0.7484554099321955,0.8543465506862679,0.02736763084452325,True,True
gaussian,2,14.122106998911477,PARK,upper_arm_camera,1,0.748462924207778,0.7627139879038404,0.8066096120274935,0.10076024382029304,True,True
gaussian,2,14.122106998911477,PARK,forearm_camera,1,0.579934540910575,0.5895409039297479,0.695887519852855,0.0390230804266751,True,True
gaussian,2,14.122106998911477,PARK,wrist_camera,1,0.703119825035589,0.7071276659827092,0.8151763700329331,0.04727624991505101,True,True
gaussian,2,14.122106998911477,PARK,FUSED_MEDIAN,1,0.190253320732233,0.24260272808593886,0.386194821080041,0.048883257205259587,True,True
gaussian,2,14.122106998911477,PARK,upper_arm_camera,2,0.9735045468143938,0.9886193876497807,1.197674831589786,0.08563706503117628,True,True
gaussian,2,14.122106998911477,PARK,forearm_camera,2,1.4432774178065688,1.4605974017324899,1.6899249360347488,0.05410852822384926,True,True
gaussian,2,14.122106998911477,PARK,wrist_camera,2,0.31000346904452725,0.3251340828355432,0.42981492602864785,0.046322800586526075,True,True
gaussian,2,14.122106998911477,PARK,FUSED_MEDIAN,2,0.9088716602535243,0.8838783670082306,1.0033270101673928,0.039637919746132524,True,True
gaussian,2,14.122106998911477,PARK,upper_arm_camera,3,1.0700439685665697,1.0836513731401838,1.3443765724390797,0.0964331109927783,True,True
gaussian,2,14.122106998911477,PARK,forearm_camera,3,0.3434510758966221,0.3456509152135124,0.3893013170168066,0.02648752242330317,True,True
gaussian,2,14.122106998911477,PARK,wrist_camera,3,0.7459750495677693,0.7545915551840565,0.8901696133875994,0.05355342582853641,True,True
gaussian,2,14.122106998911477,PARK,FUSED_MEDIAN,3,0.6932254946137422,0.6963327282751262,0.8375600604929664,0.05515947164250516,True,True
gaussian,2,14.122106998911477,PARK,upper_arm_camera,4,1.8715865637025995,1.9032224474386124,2.249658156072982,0.19974042218644614,True,True
gaussian,2,14.122106998911477,PARK,forearm_camera,4,0.5894981710366571,0.5919312527988938,0.6358895639200487,0.030190635241081554,True,True
gaussian,2,14.122106998911477,PARK,wrist_camera,4,0.2960581504574941,0.3045674303552236,0.3964070294259117,0.04764501353904149,True,True
gaussian,2,14.122106998911477,PARK,FUSED_MEDIAN,4,0.5513404217504342,0.5538883416028592,0.5925214792052411,0.0841313398021673,True,True
gaussian,2,14.122106998911477,PARK,upper_arm_camera,5,0.44794121335838183,0.46342147238913606,0.5258909637443187,0.03716450964330135,True,True
gaussian,2,14.122106998911477,PARK,forearm_camera,5,0.44813687218769116,0.4538410033919523,0.5022300739469467,0.016509825485093388,True,True
gaussian,2,14.122106998911477,PARK,wrist_camera,5,0.40159761369082886,0.49398662572971586,0.7591992266597732,0.1310756960203322,True,True
gaussian,2,14.122106998911477,PARK,FUSED_MEDIAN,5,0.21720210930649947,0.20386553440617802,0.25229186152513877,0.04496949549285308,True,True
gaussian,2,14.122106998911477,PARK,upper_arm_camera,6,0.5102587804702924,0.514267005358762,0.5858681399958219,0.013305946716727373,True,True
gaussian,2,14.122106998911477,PARK,forearm_camera,6,0.4276060981152214,0.42939754410746567,0.4619792416162284,0.018274532747698885,True,True
gaussian,2,14.122106998911477,PARK,wrist_camera,6,2.595684392525883,2.6106246410372345,3.038962615812841,0.13924480018721327,False,True
gaussian,2,14.122106998911477,PARK,FUSED_MEDIAN,6,0.2680024895218344,0.27407315748397254,0.3265308643810438,0.04630114996587823,True,True
gaussian,2,14.122106998911477,PARK,upper_arm_camera,7,0.3890540704119477,0.39536882052790817,0.4437146471724815,0.017555721038221575,True,True
gaussian,2,14.122106998911477,PARK,forearm_camera,7,1.594326244438013,1.6011480292470455,1.7649672641457415,0.020568688400832882,True,True
gaussian,2,14.122106998911477,PARK,wrist_camera,7,1.621864814043167,1.6262199858686672,1.7236005337613187,0.057815088843868254,True,True
gaussian,2,14.122106998911477,PARK,FUSED_MEDIAN,7,0.9193113679566958,0.9202469038265576,0.9289963284910506,0.018052993999265316,True,True
gaussian,2,14.122106998911477,PARK,upper_arm_camera,8,0.48782647686660074,0.4917653974479376,0.529870549890274,0.01647718071278113,True,True
gaussian,2,14.122106998911477,PARK,forearm_camera,8,0.8066209857829115,0.8122784170304307,0.9094402004667582,0.046813079832115516,True,True
gaussian,2,14.122106998911477,PARK,wrist_camera,8,1.57795857304642,1.620848359947446,1.9511383355032788,0.03269089337598171,True,True
gaussian,2,14.122106998911477,PARK,FUSED_MEDIAN,8,0.6234908289296996,0.6169518767082667,0.66048220598706,0.02367361101657233,True,True
gaussian,2,14.122106998911477,PARK,upper_arm_camera,9,0.3215227670841314,0.3254974887597802,0.3792740693334887,0.014588964337643246,True,True
gaussian,2,14.122106998911477,PARK,forearm_camera,9,1.7977776758315382,1.8135438875366485,2.0790366423075968,0.0995948421411684,True,True
gaussian,2,14.122106998911477,PARK,wrist_camera,9,1.9616332196666586,2.0115370546732367,2.4434399240422784,0.09634757495273344,True,True
gaussian,2,14.122106998911477,PARK,FUSED_MEDIAN,9,1.1945727615386426,1.1871923421290056,1.4428104552178915,0.021691238344766786,True,True
gaussian,2,14.122106998911477,PARK,upper_arm_camera,10,0.4843690245835539,0.5058694586398791,0.6328015899072483,0.027316051026712168,True,True
gaussian,2,14.122106998911477,PARK,forearm_camera,10,1.0261537079862337,1.0384836654321594,1.2633674438559364,0.08030396643385139,True,True
gaussian,2,14.122106998911477,PARK,wrist_camera,10,2.6549461538943118,2.685857204454019,3.1205905842776236,0.1732952427361637,False,True
gaussian,2,14.122106998911477,PARK,FUSED_MEDIAN,10,0.5559864781230831,0.5135256182010067,0.6117363124747884,0.04593472877177659,True,True
gaussian,2,14.122106998911477,PARK,upper_arm_camera,11,2.293432276522376,2.336450759738296,2.8127185412021682,0.08885420484430961,False,True
gaussian,2,14.122106998911477,PARK,forearm_camera,11,0.6265768241926264,0.6495449435321194,0.8137404357872515,0.019640992815282723,True,True
gaussian,2,14.122106998911477,PARK,wrist_camera,11,2.9319764618004127,2.947682663410333,3.2571608150133815,0.14604670385545865,False,True
gaussian,2,14.122106998911477,PARK,FUSED_MEDIAN,11,1.0167702469625048,1.0534578931899665,1.2353074241864046,0.07117436041212345,True,True
gaussian,2,14.122106998911477,PARK,upper_arm_camera,12,0.7277887023194779,0.7370732195139391,0.880671831517564,0.07720306142227396,True,True
gaussian,2,14.122106998911477,PARK,forearm_camera,12,3.508841539772969,3.562296563669091,4.225882054283062,0.16079269997660345,False,True
gaussian,2,14.122106998911477,PARK,wrist_camera,12,0.5617497266741861,0.5869651377714499,0.7523072305103066,0.009895879717780139,True,True
gaussian,2,14.122106998911477,PARK,FUSED_MEDIAN,12,0.6133271206939097,0.62954016492072,0.7862628472691582,0.06095024523098529,True,True
gaussian,2,14.122106998911477,PARK,upper_arm_camera,13,0.5530969162035096,0.5553783912114022,0.599416082744971,0.026154319695693796,True,True
gaussian,2,14.122106998911477,PARK,forearm_camera,13,0.8579197601377292,0.8700890402821788,0.9981417097061672,0.04435722941517623,True,True
gaussian,2,14.122106998911477,PARK,wrist_camera,13,0.31243864297297824,0.33095526468321096,0.4654992769744398,0.05815327904442683,True,True
gaussian,2,14.122106998911477,PARK,FUSED_MEDIAN,13,0.24412659041730964,0.2523000602041926,0.29735045231908075,0.010537508585168616,True,True
gaussian,2,14.122106998911477,PARK,upper_arm_camera,14,1.0823723182319565,1.0976690112987213,1.3027162608337726,0.06168613328158548,True,True
gaussian,2,14.122106998911477,PARK,forearm_camera,14,1.79872864714762,1.8775021630812674,2.4110742837913284,0.04245303148951454,True,True
gaussian,2,14.122106998911477,PARK,wrist_camera,14,0.8055164242877447,0.8875842426770024,1.2871299497255757,0.12090906905300902,True,True
gaussian,2,14.122106998911477,PARK,FUSED_MEDIAN,14,1.0204282747853466,0.9975528457851273,1.1535699109964572,0.03933872526199815,True,True
gaussian,2,14.122106998911477,PARK,upper_arm_camera,15,0.877249693633215,0.8788763164202781,0.9274351564006542,0.02761925890927088,True,True
gaussian,2,14.122106998911477,PARK,forearm_camera,15,0.4449926152550235,0.4559629322539554,0.5759501461501717,0.059648738781294584,True,True
gaussian,2,14.122106998911477,PARK,wrist_camera,15,1.9778638826731236,1.9912967099666539,2.3219232039357753,0.11474138118777659,True,True
gaussian,2,14.122106998911477,PARK,FUSED_MEDIAN,15,0.4449926152550235,0.4559629322539554,0.5759501461501717,0.05099962062842027,True,True
gaussian,2,14.122106998911477,PARK,upper_arm_camera,16,1.0488042437679599,1.066867848443513,1.3133996974085294,0.11679442550461679,True,True
gaussian,2,14.122106998911477,PARK,forearm_camera,16,0.45768512850896986,0.457858542100047,0.4703867496214133,0.008051592125666673,True,True
gaussian,2,14.122106998911477,PARK,wrist_camera,16,0.7916352080152856,0.7954824673590272,0.884783051573816,0.014529706954061618,True,True
gaussian,2,14.122106998911477,PARK,FUSED_MEDIAN,16,0.32187301617987724,0.3334389084037596,0.37638461307600896,0.037649143227365,True,True
gaussian,2,14.122106998911477,PARK,upper_arm_camera,17,0.597209733966926,0.5986418446216728,0.656934607683349,0.01845556833849487,True,True
gaussian,2,14.122106998911477,PARK,forearm_camera,17,1.4417112703100565,1.513291489208296,2.018511620793896,0.13874913139925837,True,True
gaussian,2,14.122106998911477,PARK,wrist_camera,17,0.4484086436739887,0.4695848105941442,0.617471207989477,0.03662429703143325,True,True
gaussian,2,14.122106998911477,PARK,FUSED_MEDIAN,17,0.48984319545743116,0.5095435083582802,0.6692484063567375,0.05197094478891689,True,True
gaussian,2,14.122106998911477,PARK,upper_arm_camera,18,0.7424022326943605,0.7447832300453632,0.7956125233123682,0.017207113815888735,True,True
gaussian,2,14.122106998911477,PARK,forearm_camera,18,0.4340748708059147,0.44100471815342523,0.48673042389933807,0.054470253534194886,True,True
gaussian,2,14.122106998911477,PARK,wrist_camera,18,1.8479918151951704,1.85380202404,1.9941495786526668,0.057917999935369495,True,True
gaussian,2,14.122106998911477,PARK,FUSED_MEDIAN,18,0.6883001909394799,0.696151020368834,0.7099487476807746,0.03187529991493591,True,True
gaussian,2,14.122106998911477,PARK,upper_arm_camera,19,0.5050395258210426,0.5099034333244747,0.5736689955141636,0.03407962547153154,True,True
gaussian,2,14.122106998911477,PARK,forearm_camera,19,2.487474591919521,2.5286407257999945,2.9873954342434135,0.023963857689997554,False,True
gaussian,2,14.122106998911477,PARK,wrist_camera,19,1.9481582527107195,1.9544172730589517,2.152195808965172,0.0747234824194332,True,True
gaussian,2,14.122106998911477,PARK,FUSED_MEDIAN,19,0.5575323072859077,0.5645100956703669,0.6671546050218105,0.03370955886521656,True,True
gaussian,2,14.122106998911477,PARK,upper_arm_camera,20,1.1158660759477945,1.1178131926412902,1.2247177839929726,0.037349990871686514,True,True
gaussian,2,14.122106998911477,PARK,forearm_camera,20,1.829894220071002,1.8733415476692448,2.3442776735110624,0.15431161421521802,True,True
gaussian,2,14.122106998911477,PARK,wrist_camera,20,0.301321379944247,0.31340408971481704,0.3724399751986489,0.04563624530007101,True,True
gaussian,2,14.122106998911477,PARK,FUSED_MEDIAN,20,0.19069743963784527,0.2405340250090852,0.33166631574886274,0.056013873531032786,True,True
gaussian,2,14.122106998911477,PARK,upper_arm_camera,21,0.7723198426195673,0.787454282963915,0.8361242693810693,0.08764550746340222,True,True
gaussian,2,14.122106998911477,PARK,forearm_camera,21,1.363319523718721,1.3887825445275517,1.7264335602007443,0.09987061759822952,True,True
gaussian,2,14.122106998911477,PARK,wrist_camera,21,0.48990425353216216,0.5005111286488174,0.6343801088924458,0.06109406412211452,True,True
gaussian,2,14.122106998911477,PARK,FUSED_MEDIAN,21,0.35848831906978873,0.39219780621345846,0.5115726871892587,0.025681006136424656,True,True
gaussian,2,14.122106998911477,PARK,upper_arm_camera,22,1.1184308544842985,1.1230009846339262,1.2564106535500947,0.05345841020175014,True,True
gaussian,2,14.122106998911477,PARK,forearm_camera,22,1.3826849515802633,1.4015660452403473,1.6135168559985613,0.018373839684323733,True,True
gaussian,2,14.122106998911477,PARK,wrist_camera,22,0.8363193354734357,0.8421359759839988,0.9174167151558652,0.04259254988026022,True,True
gaussian,2,14.122106998911477,PARK,FUSED_MEDIAN,22,0.8077780284527548,0.8036970541282829,0.8984292062054067,0.03408485606289798,True,True
gaussian,2,14.122106998911477,PARK,upper_arm_camera,23,0.7088805539382136,0.711629628181003,0.7623674906028733,0.009393941429536097,True,True
gaussian,2,14.122106998911477,PARK,forearm_camera,23,1.567036042715401,1.6068047431100903,2.1420667035767824,0.20964799062138814,True,True
gaussian,2,14.122106998911477,PARK,wrist_camera,23,0.5801892325567444,0.5843865803683267,0.5932106823523379,0.04369431274189293,True,True
gaussian,2,14.122106998911477,PARK,FUSED_MEDIAN,23,0.5790334065375409,0.5805681467214221,0.6282443651038531,0.08141805695776655,True,True
gaussian,2,14.122106998911477,PARK,upper_arm_camera,24,0.4285973236774764,0.4366325562047245,0.5164225236731154,0.04347768561101263,True,True
gaussian,2,14.122106998911477,PARK,forearm_camera,24,1.440878293710526,1.4560853466909776,1.5799828673795338,0.10891339573856397,True,True
gaussian,2,14.122106998911477,PARK,wrist_camera,24,1.167994051091642,1.199432166660574,1.4198251205240966,0.016378407760444906,True,True
gaussian,2,14.122106998911477,PARK,FUSED_MEDIAN,24,0.37784146096470356,0.3822958369773091,0.41028368201362403,0.051850347010637496,True,True
gaussian,2,14.122106998911477,PARK,upper_arm_camera,25,0.9962807400549312,1.029279600185689,1.3016478284279165,0.04524988889386227,True,True
gaussian,2,14.122106998911477,PARK,forearm_camera,25,1.1145963097220173,1.135070169100522,1.3760281954840503,0.060732896893688895,True,True
gaussian,2,14.122106998911477,PARK,wrist_camera,25,1.0489875131061486,1.0620995965904922,1.1962883326008573,0.06970484787484593,True,True
gaussian,2,14.122106998911477,PARK,FUSED_MEDIAN,25,0.7754936190753493,0.802877758561658,0.8949703080034144,0.03679215520583059,True,True
gaussian,2,14.122106998911477,PARK,upper_arm_camera,26,1.568028442647196,1.5879487751108845,1.8624649606988608,0.04997042532525388,True,True
gaussian,2,14.122106998911477,PARK,forearm_camera,26,3.357856515793588,3.412018273728531,4.002072474845205,0.18725700374727164,False,True
gaussian,2,14.122106998911477,PARK,wrist_camera,26,1.0935915290238118,1.0996713357461638,1.2149323135528032,0.07891652583164246,True,True
gaussian,2,14.122106998911477,PARK,FUSED_MEDIAN,26,0.7439359783263383,0.7897871869095975,0.9122227282946264,0.08471120045463648,True,True
gaussian,2,14.122106998911477,PARK,upper_arm_camera,27,1.1853626509898618,1.2039343330656274,1.439691358657828,0.027564610111574215,True,True
gaussian,2,14.122106998911477,PARK,forearm_camera,27,0.7522669079570193,0.8549700417920272,1.2280763755449275,0.04202249560299001,True,True
gaussian,2,14.122106998911477,PARK,wrist_camera,27,0.4735613124735387,0.7238437994923317,1.1578437429500346,0.17037836051479413,True,True
gaussian,2,14.122106998911477,PARK,FUSED_MEDIAN,27,0.5042211089047385,0.6411273731602621,0.9164542104470644,0.04931094397481805,True,True
gaussian,2,14.122106998911477,PARK,upper_arm_camera,28,0.5364391790893512,0.5402938369453315,0.6252436897207637,0.02966852376904346,True,True
gaussian,2,14.122106998911477,PARK,forearm_camera,28,0.6480230454632301,0.6501229601871759,0.6780363444736643,0.030293543679695306,True,True
gaussian,2,14.122106998911477,PARK,wrist_camera,28,0.5086640112916277,0.5199515039015818,0.6009736680203133,0.035868657337276205,True,True
gaussian,2,14.122106998911477,PARK,FUSED_MEDIAN,28,0.5075178233753254,0.5154093606908411,0.6012839161591863,0.017632549276519888,True,True
gaussian,2,14.122106998911477,PARK,upper_arm_camera,29,2.1164157426498726,2.142818536379331,2.469741452284038,0.06844049769553952,False,True
gaussian,2,14.122106998911477,PARK,forearm_camera,29,0.5080840450056129,0.5102327562657704,0.5688660855604614,0.021403248018233848,True,True
gaussian,2,14.122106998911477,PARK,wrist_camera,29,0.8547269917090027,0.860284325383478,0.9565967481484849,0.028695649151114996,True,True
gaussian,2,14.122106998911477,PARK,FUSED_MEDIAN,29,0.36672348840546803,0.39955367521482277,0.46463715255613264,0.023969416883931005,True,True
gaussian,2,14.122106998911477,PARK,upper_arm_camera,30,0.3709457003064357,0.37594464707616493,0.44751120346708645,0.01655494913794039,True,True
gaussian,2,14.122106998911477,PARK,forearm_camera,30,2.8443925763978792,2.898719401739918,3.5221236758786354,0.1573679052773359,False,True
gaussian,2,14.122106998911477,PARK,wrist_camera,30,0.3667822236976534,0.3755173673615437,0.45983448005074834,0.03431112386144746,True,True
gaussian,2,14.122106998911477,PARK,FUSED_MEDIAN,30,0.3667822236976534,0.3755173673615437,0.45983448005074834,0.05924990748260158,True,True
gaussian,2,14.122106998911477,PARK,upper_arm_camera,31,1.9192321142333237,1.940848477721967,2.3678779057156767,0.14767783356037362,True,True
gaussian,2,14.122106998911477,PARK,forearm_camera,31,0.6412196175896715,0.6431066072654634,0.6713202702954196,0.01640437659042615,True,True
gaussian,2,14.122106998911477,PARK,wrist_camera,31,2.287307081497394,2.30174432827171,2.628443171767288,0.11528789761609225,False,True
gaussian,2,14.122106998911477,PARK,FUSED_MEDIAN,31,1.8081201641552065,1.8297849463175537,2.2425227212604475,0.07706292340808318,True,True
gaussian,2,14.122106998911477,PARK,upper_arm_camera,32,0.7141594836374541,0.7197134278145804,0.7537316861376557,0.04488505938583531,True,True
gaussian,2,14.122106998911477,PARK,forearm_camera,32,0.4106976360860513,0.41583438836557723,0.490781527088164,0.008243965212498096,True,True
gaussian,2,14.122106998911477,PARK,wrist_camera,32,0.19610630106016289,0.20603164658248174,0.27173676083665194,0.021051247864948018,True,True
gaussian,2,14.122106998911477,PARK,FUSED_MEDIAN,32,0.2252001615097786,0.22769176171545302,0.2987654957501429,0.01399778375624991,True,True
gaussian,2,14.122106998911477,PARK,upper_arm_camera,33,0.6830561925176439,0.6868522916177976,0.7806787668713855,0.02484462388531882,True,True
gaussian,2,14.122106998911477,PARK,forearm_camera,33,0.2164114316709497,0.2206001382556461,0.25780440811002203,0.016722524450664154,True,True
gaussian,2,14.122106998911477,PARK,wrist_camera,33,0.6457007752968639,0.6518016460213566,0.6960662374714123,0.04510111190526326,True,True
gaussian,2,14.122106998911477,PARK,FUSED_MEDIAN,33,0.5873460911652081,0.5589170040612612,0.5911128413717173,0.0206024533110935,True,True
gaussian,2,14.122106998911477,PARK,upper_arm_camera,34,1.6538977112431417,1.704155763482461,2.1128263889274432,0.12557307080320676,True,True
gaussian,2,14.122106998911477,PARK,forearm_camera,34,0.7257366668996681,0.7482319361837529,0.9982855875373375,0.1220616296377644,True,True
gaussian,2,14.122106998911477,PARK,wrist_camera,34,1.0788523261121834,1.094452466498484,1.2217972392940568,0.07855715396557914,True,True
gaussian,2,14.122106998911477,PARK,FUSED_MEDIAN,34,0.8656936118598481,0.9114068055946325,1.0305741760526579,0.029233309230719668,True,True
gaussian,2,14.122106998911477,PARK,upper_arm_camera,35,0.6311773720843631,0.6367048777896283,0.7285871477536133,0.020145391967353064,True,True
gaussian,2,14.122106998911477,PARK,forearm_camera,35,0.5484075713352747,0.5976150061234016,0.807984580493771,0.09604067538227692,True,True
gaussian,2,14.122106998911477,PARK,wrist_camera,35,0.4355515830985327,0.47760651797144044,0.7138541149772103,0.093903371526313,True,True
gaussian,2,14.122106998911477,PARK,FUSED_MEDIAN,35,0.4355515830985327,0.42172034276912707,0.6179841786307598,0.05628286552617005,True,True
gaussian,2,450.4900810006802,JOINT_HUBER,upper_arm_camera,0,1.604368049912762,1.6129704167153602,1.7902721856875965,0.060486256943515934,True,True
gaussian,2,450.4900810006802,JOINT_HUBER,forearm_camera,0,0.3347007891921698,0.35851321247239754,0.4021375560439632,0.08611469048352606,True,True
gaussian,2,450.4900810006802,JOINT_HUBER,wrist_camera,0,1.4546970139143143,1.4580194149164039,1.530169288889458,0.044647053518195555,True,True
gaussian,2,450.4900810006802,JOINT_HUBER,FUSED_MEDIAN,0,0.4654401999597702,0.49225902732738425,0.5825913395541612,0.03851991606192613,True,True
gaussian,2,450.4900810006802,JOINT_HUBER,upper_arm_camera,1,0.89011750326617,0.9014123879963233,0.9928079171136084,0.09714849820860613,True,True
gaussian,2,450.4900810006802,JOINT_HUBER,forearm_camera,1,1.3359655433087365,1.3605103299863373,1.7626685924635412,0.13674628529452437,True,True
gaussian,2,450.4900810006802,JOINT_HUBER,wrist_camera,1,0.25085679417979695,0.2732773159560307,0.3191184172587469,0.058911547082687026,True,True
gaussian,2,450.4900810006802,JOINT_HUBER,FUSED_MEDIAN,1,0.25085679417979695,0.2780520714943629,0.3191184172587469,0.0882961142513763,True,True
gaussian,2,450.4900810006802,JOINT_HUBER,upper_arm_camera,2,0.6223364066546059,0.6447718355232903,0.8644763948116682,0.0856931729020344,True,True
gaussian,2,450.4900810006802,JOINT_HUBER,forearm_camera,2,1.4093359680788986,1.426537299074665,1.6587939952957549,0.060466134051646726,True,True
gaussian,2,450.4900810006802,JOINT_HUBER,wrist_camera,2,0.9928242831821026,0.9965338643368785,1.0775408402031759,0.033732982483776555,True,True
gaussian,2,450.4900810006802,JOINT_HUBER,FUSED_MEDIAN,2,0.629028011377515,0.6547718038497176,0.874576699536707,0.03225626219946275,True,True
gaussian,2,450.4900810006802,JOINT_HUBER,upper_arm_camera,3,0.7220975834025845,0.7333843465652021,0.9243682851324055,0.08179960042028774,True,True
gaussian,2,450.4900810006802,JOINT_HUBER,forearm_camera,3,1.2499516367121255,1.2721768598462138,1.5346926334722262,0.10728218654619961,True,True
gaussian,2,450.4900810006802,JOINT_HUBER,wrist_camera,3,0.825702026378648,0.8296267684166003,0.9405176202721117,0.05044121234604422,True,True
gaussian,2,450.4900810006802,JOINT_HUBER,FUSED_MEDIAN,3,0.8114521146444441,0.8151214529317324,0.9265765201030579,0.06527067417741646,True,True
gaussian,2,450.4900810006802,JOINT_HUBER,upper_arm_camera,4,2.202153566670297,2.2337097451931944,2.6338343533879947,0.19442098548881964,False,True
gaussian,2,450.4900810006802,JOINT_HUBER,forearm_camera,4,0.9911909241646123,1.0297905222352512,1.380004175325578,0.14164208063599815,True,True
gaussian,2,450.4900810006802,JOINT_HUBER,wrist_camera,4,0.4988587452118634,0.5073764758118063,0.6010670454594914,0.010289586523555784,True,True
gaussian,2,450.4900810006802,JOINT_HUBER,FUSED_MEDIAN,4,0.4198164241100707,0.4224971493467674,0.44067455296144303,0.08259390499349532,True,True
gaussian,2,450.4900810006802,JOINT_HUBER,upper_arm_camera,5,0.6354396869091191,0.6385487408976381,0.6904514461752267,0.03636380810027423,True,True
gaussian,2,450.4900810006802,JOINT_HUBER,forearm_camera,5,1.3237557453852935,1.338293214042744,1.6469920210349622,0.1072984559994167,True,True
gaussian,2,450.4900810006802,JOINT_HUBER,wrist_camera,5,0.6440643061266822,0.7566893466528484,1.112285673628303,0.17549387958882362,True,True
gaussian,2,450.4900810006802,JOINT_HUBER,FUSED_MEDIAN,5,0.49966091912518595,0.6214621015568331,0.9205165926415673,0.08838086018244255,True,True
gaussian,2,450.4900810006802,JOINT_HUBER,upper_arm_camera,6,0.38195519797827576,0.3833250063798344,0.3937234940614826,0.01646933616021979,True,True
gaussian,2,450.4900810006802,JOINT_HUBER,forearm_camera,6,1.620871499036698,1.6324195852507921,1.9218333275995567,0.10433338233328109,True,True
gaussian,2,450.4900810006802,JOINT_HUBER,wrist_camera,6,2.0578792036818183,2.076375586784233,2.430987669043746,0.09643747367362665,False,True
gaussian,2,450.4900810006802,JOINT_HUBER,FUSED_MEDIAN,6,0.4545546891795614,0.4578721766204343,0.4945826382047434,0.0029150998128998694,True,True
gaussian,2,450.4900810006802,JOINT_HUBER,upper_arm_camera,7,0.4700710534288746,0.4750533340394984,0.5226398388883008,0.02488621325019689,True,True
gaussian,2,450.4900810006802,JOINT_HUBER,forearm_camera,7,1.3713906223827947,1.3955926802221397,1.6772880439468278,0.09363342746717047,True,True
gaussian,2,450.4900810006802,JOINT_HUBER,wrist_camera,7,1.4469675405834856,1.4538525195640357,1.6417250466098146,0.06131793928312222,True,True
gaussian,2,450.4900810006802,JOINT_HUBER,FUSED_MEDIAN,7,0.41881020589302564,0.42523023998837967,0.4836576398384226,0.0392631261478466,True,True
gaussian,2,450.4900810006802,JOINT_HUBER,upper_arm_camera,8,0.5597589270211685,0.5601070823190808,0.5898313608925093,0.0086045635706521,True,True
gaussian,2,450.4900810006802,JOINT_HUBER,forearm_camera,8,1.7405913358130756,1.7594594900694573,2.075847295581348,0.1295654144385621,True,True
gaussian,2,450.4900810006802,JOINT_HUBER,wrist_camera,8,1.2491011506840561,1.2749041520932776,1.5060505018112786,0.046167616502918764,True,True
gaussian,2,450.4900810006802,JOINT_HUBER,FUSED_MEDIAN,8,0.9001874292396244,0.92691950742088,1.0114544444834581,0.059386115665677995,True,True
gaussian,2,450.4900810006802,JOINT_HUBER,upper_arm_camera,9,0.565515210327771,0.5728859380811027,0.6204907135750509,0.010409833635012562,True,True
gaussian,2,450.4900810006802,JOINT_HUBER,forearm_camera,9,1.3873360933237262,1.4053428591721226,1.5197437259386206,0.11833637594856837,True,True
gaussian,2,450.4900810006802,JOINT_HUBER,wrist_camera,9,1.5562771335273953,1.6034981484908297,1.9738654008415761,0.12253518422228141,True,True
gaussian,2,450.4900810006802,JOINT_HUBER,FUSED_MEDIAN,9,1.212306091803882,1.1937983415119726,1.3449369090805188,0.01709089740425283,True,True
gaussian,2,450.4900810006802,JOINT_HUBER,upper_arm_camera,10,0.6030297432198332,0.6128368452332629,0.681153895889906,0.02247736335027949,True,True
gaussian,2,450.4900810006802,JOINT_HUBER,forearm_camera,10,1.993334602340641,2.0121073386049537,2.3463393824318075,0.13310134563170073,True,True
gaussian,2,450.4900810006802,JOINT_HUBER,wrist_camera,10,1.996766287674949,2.030440493906679,2.4453630925256347,0.1244903873091506,True,True
gaussian,2,450.4900810006802,JOINT_HUBER,FUSED_MEDIAN,10,0.6030297432198332,0.6307464053982177,0.7128488656314518,0.06038656252725837,True,True
gaussian,2,450.4900810006802,JOINT_HUBER,upper_arm_camera,11,1.9284746376475752,1.9724851200539653,2.3882616941201387,0.06385637972436797,True,True
gaussian,2,450.4900810006802,JOINT_HUBER,forearm_camera,11,0.3567946335581438,0.419638704825729,0.6920813484203704,0.1284265458881266,True,True
gaussian,2,450.4900810006802,JOINT_HUBER,wrist_camera,11,3.601261478092818,3.622555397858638,4.033109591422961,0.18215741061263,False,True
gaussian,2,450.4900810006802,JOINT_HUBER,FUSED_MEDIAN,11,0.6345213168259364,0.6663098927343355,0.7827537340817313,0.0836674135007228,True,True
gaussian,2,450.4900810006802,JOINT_HUBER,upper_arm_camera,12,0.7534945286509104,0.7571006796614218,0.8372924100745887,0.048976039993520466,True,True
gaussian,2,450.4900810006802,JOINT_HUBER,forearm_camera,12,3.937695070087257,4.003940080259126,4.899307774483703,0.266914259221771,False,True
gaussian,2,450.4900810006802,JOINT_HUBER,wrist_camera,12,0.953667629568042,0.9743234289690318,1.134604420355532,0.05885743863972751,True,True
gaussian,2,450.4900810006802,JOINT_HUBER,FUSED_MEDIAN,12,0.953667629568042,0.9743234289690318,1.134604420355532,0.10419404764313611,True,True
gaussian,2,450.4900810006802,JOINT_HUBER,upper_arm_camera,13,0.7585738270703494,0.7604489407919567,0.8243514063171637,0.00816234331149108,True,True
gaussian,2,450.4900810006802,JOINT_HUBER,forearm_camera,13,1.2389248158239803,1.2641968144725013,1.563655674675621,0.10871285504647937,True,True
gaussian,2,450.4900810006802,JOINT_HUBER,wrist_camera,13,0.5826036142941664,0.5839464103447101,0.6397410607428431,0.0197795513309736,True,True
gaussian,2,450.4900810006802,JOINT_HUBER,FUSED_MEDIAN,13,0.3229472332034914,0.32342053917710306,0.3329359031982523,0.03334638687208046,True,True
gaussian,2,450.4900810006802,JOINT_HUBER,upper_arm_camera,14,0.7273849931515334,0.7363007414017758,0.8321449993870729,0.0442036903048631,True,True
gaussian,2,450.4900810006802,JOINT_HUBER,forearm_camera,14,1.9876852406065229,2.067511046051947,2.6362877430158087,0.07787063504620428,True,True
gaussian,2,450.4900810006802,JOINT_HUBER,wrist_camera,14,0.279059605578785,0.4290314299896442,0.658574388750172,0.11746116084341009,True,True
gaussian,2,450.4900810006802,JOINT_HUBER,FUSED_MEDIAN,14,0.7273849931515334,0.7398076546006335,0.8321449993870729,0.006526429932984306,True,True
gaussian,2,450.4900810006802,JOINT_HUBER,upper_arm_camera,15,1.0490016632383172,1.0496640771562449,1.0964241082845698,0.01634173677842858,True,True
gaussian,2,450.4900810006802,JOINT_HUBER,forearm_camera,15,0.7854049800618995,0.8244542809919325,1.081508828073985,0.11739443952662325,True,True
gaussian,2,450.4900810006802,JOINT_HUBER,wrist_camera,15,1.4950418179824725,1.517385471768941,1.8318655743695846,0.11413591077822571,True,True
gaussian,2,450.4900810006802,JOINT_HUBER,FUSED_MEDIAN,15,0.7449531844932066,0.7854051407006628,1.0610678463229928,0.07427413615674247,True,True
gaussian,2,450.4900810006802,JOINT_HUBER,upper_arm_camera,16,1.0230645733343597,1.043885163117426,1.288960665505308,0.13979442148406707,True,True
gaussian,2,450.4900810006802,JOINT_HUBER,forearm_camera,16,0.9611217636365186,0.9884839767665334,1.304764082562876,0.11312452003021177,True,True
gaussian,2,450.4900810006802,JOINT_HUBER,wrist_camera,16,0.48690367328746686,0.4906417136017947,0.5155940922207252,0.028516156999859092,True,True
gaussian,2,450.4900810006802,JOINT_HUBER,FUSED_MEDIAN,16,0.9583363300855737,0.8699379062697867,1.1102819585452743,0.04654464244204738,True,True
gaussian,2,450.4900810006802,JOINT_HUBER,upper_arm_camera,17,0.8684610835061726,0.874597327550722,1.0086825429527622,0.03546791415081585,True,True
gaussian,2,450.4900810006802,JOINT_HUBER,forearm_camera,17,1.8587677508005487,1.9454135341405498,2.512854175484035,0.2316518813095153,True,True
gaussian,2,450.4900810006802,JOINT_HUBER,wrist_camera,17,0.8913387945947092,0.8967495011937234,1.0076078284238443,0.02163348689561787,True,True
gaussian,2,450.4900810006802,JOINT_HUBER,FUSED_MEDIAN,17,0.919172187117772,0.9030007442234012,1.029077350812304,0.06245151848282704,True,True
gaussian,2,450.4900810006802,JOINT_HUBER,upper_arm_camera,18,0.8309719041732855,0.8347052789081222,0.8645414176377116,0.04616446079779522,True,True
gaussian,2,450.4900810006802,JOINT_HUBER,forearm_camera,18,1.1194124272612076,1.1318055615411398,1.3556728249573098,0.07322751527375394,True,True
gaussian,2,450.4900810006802,JOINT_HUBER,wrist_camera,18,0.9354817004327038,0.9393069752410038,1.0550024822247404,0.04182790792596473,True,True
gaussian,2,450.4900810006802,JOINT_HUBER,FUSED_MEDIAN,18,0.9354817004327038,0.9388068663050754,1.0550024822247404,0.03542007467018634,True,True
gaussian,2,450.4900810006802,JOINT_HUBER,upper_arm_camera,19,0.5980747761494019,0.6014597636606552,0.6567217532000023,0.02277514641320744,True,True
gaussian,2,450.4900810006802,JOINT_HUBER,forearm_camera,19,2.831168891031105,2.8809349812086316,3.42588263421168,0.1367870074762349,False,True
gaussian,2,450.4900810006802,JOINT_HUBER,wrist_camera,19,1.1421743226145407,1.1459079003529418,1.2516486993417053,0.026648459270034005,True,True
gaussian,2,450.4900810006802,JOINT_HUBER,FUSED_MEDIAN,19,0.7449340132494348,0.7483583482564492,0.8006661931824023,0.047603815956476093,True,True
gaussian,2,450.4900810006802,JOINT_HUBER,upper_arm_camera,20,1.206501960787204,1.208420463258098,1.2904101630707567,0.013506796931608223,True,True
gaussian,2,450.4900810006802,JOINT_HUBER,forearm_camera,20,1.6470941236777323,1.7086923928183226,2.2953284398803673,0.2087303759705855,True,True
gaussian,2,450.4900810006802,JOINT_HUBER,wrist_camera,20,0.6918705102378496,0.6961667368386031,0.7687553502541261,0.032384234438945184,True,True
gaussian,2,450.4900810006802,JOINT_HUBER,FUSED_MEDIAN,20,0.6342118700351103,0.6395204992105127,0.7358915390083003,0.07826002151950434,True,True
gaussian,2,450.4900810006802,JOINT_HUBER,upper_arm_camera,21,0.9899995072451162,0.9984983225626032,1.0949299022180046,0.07089117398789284,True,True
gaussian,2,450.4900810006802,JOINT_HUBER,forearm_camera,21,1.6703202471372218,1.6987564114888505,1.9787567445747516,0.13294231792063155,True,True
gaussian,2,450.4900810006802,JOINT_HUBER,wrist_camera,21,0.6061775022370199,0.6338426166549416,0.8020623698043667,0.11114759649815695,True,True
gaussian,2,450.4900810006802,JOINT_HUBER,FUSED_MEDIAN,21,0.8608776325643804,0.7779753923138172,0.8608776325643804,0.012782308718229333,True,True
gaussian,2,450.4900810006802,JOINT_HUBER,upper_arm_camera,22,1.063743264860475,1.0670524019085013,1.1475978392614163,0.039409268958543325,True,True
gaussian,2,450.4900810006802,JOINT_HUBER,forearm_camera,22,2.3831772621218263,2.401814499633989,2.775154007719229,0.1137123836232176,False,True
gaussian,2,450.4900810006802,JOINT_HUBER,wrist_camera,22,0.48545811587202514,0.4882186536913845,0.5008080817432122,0.03533613210639304,True,True
gaussian,2,450.4900810006802,JOINT_HUBER,FUSED_MEDIAN,22,1.0230654157702535,1.026060747856841,1.1343966114443362,0.06100103707764848,True,True
gaussian,2,450.4900810006802,JOINT_HUBER,upper_arm_camera,23,1.064102753755037,1.0701166382025742,1.1823802119818474,0.013586643795916046,True,True
gaussian,2,450.4900810006802,JOINT_HUBER,forearm_camera,23,0.7331090976894656,0.8072193680239297,0.9509740527522325,0.2340575291834791,True,True
gaussian,2,450.4900810006802,JOINT_HUBER,wrist_camera,23,0.8838566679882683,0.8874398540304059,0.9555153524921065,0.04024793075653635,True,True
gaussian,2,450.4900810006802,JOINT_HUBER,FUSED_MEDIAN,23,0.6777505586411161,0.7293396001519985,0.8149187122665921,0.08612034973785611,True,True
gaussian,2,450.4900810006802,JOINT_HUBER,upper_arm_camera,24,0.4438920475678587,0.4449098901747693,0.4653816889467075,0.020058521916383756,True,True
gaussian,2,450.4900810006802,JOINT_HUBER,forearm_camera,24,1.0937337084669714,1.1169589367285042,1.4049250225031715,0.09335910362748805,True,True
gaussian,2,450.4900810006802,JOINT_HUBER,wrist_camera,24,1.8435324563765048,1.8692986507053932,2.158893855911076,0.0338425777380507,True,True
gaussian,2,450.4900810006802,JOINT_HUBER,FUSED_MEDIAN,24,0.3818843129778313,0.38274041001243586,0.38573032568292825,0.02747495208046947,True,True
gaussian,2,450.4900810006802,JOINT_HUBER,upper_arm_camera,25,0.8579645397882089,0.8865075663847788,1.0988046170952568,0.06146906584375089,True,True
gaussian,2,450.4900810006802,JOINT_HUBER,forearm_camera,25,0.9619210553504653,0.9727815727100956,1.1043209477599751,0.05180852726552465,True,True
gaussian,2,450.4900810006802,JOINT_HUBER,wrist_camera,25,1.4897396292252512,1.4949317387903098,1.6445215367071466,0.06280148161302104,True,True
gaussian,2,450.4900810006802,JOINT_HUBER,FUSED_MEDIAN,25,0.8579645397882089,0.8869199299589672,1.0988046170952568,0.04330048663305873,True,True
gaussian,2,450.4900810006802,JOINT_HUBER,upper_arm_camera,26,1.8331635776000057,1.8594075093623186,2.2079485790848143,0.054464954229493046,True,True
gaussian,2,450.4900810006802,JOINT_HUBER,forearm_camera,26,3.2144709577188824,3.2615141107642387,3.8097609628795066,0.08568094627519139,False,True
gaussian,2,450.4900810006802,JOINT_HUBER,wrist_camera,26,0.7220641347550723,0.7291504329993443,0.8134975955821903,0.04075713668885941,True,True
gaussian,2,450.4900810006802,JOINT_HUBER,FUSED_MEDIAN,26,0.838341421444734,0.8613641748945261,0.9981959883822128,0.05248031765852236,True,True
gaussian,2,450.4900810006802,JOINT_HUBER,upper_arm_camera,27,1.117439542032574,1.1279261292928993,1.309012619716006,0.04241409337063927,True,True
gaussian,2,450.4900810006802,JOINT_HUBER,forearm_camera,27,1.3739985932645318,1.4725034435417375,2.0035485409301237,0.15344340825184458,True,True
gaussian,2,450.4900810006802,JOINT_HUBER,wrist_camera,27,0.9809303092399072,1.1214878616104267,1.5130074120366708,0.1328135806341288,True,True
gaussian,2,450.4900810006802,JOINT_HUBER,FUSED_MEDIAN,27,0.6233882713823444,0.7468323065354251,0.9299327496166871,0.009825936026029158,True,True
gaussian,2,450.4900810006802,JOINT_HUBER,upper_arm_camera,28,0.1865895355997595,0.19775739665465786,0.2261420962034519,0.030504786313659417,True,True
gaussian,2,450.4900810006802,JOINT_HUBER,forearm_camera,28,0.7645375915714722,0.7840825250631885,1.0125846213084781,0.08429146276811231,True,True
gaussian,2,450.4900810006802,JOINT_HUBER,wrist_camera,28,0.3194368978897739,0.32232215948092247,0.3259225238045264,0.016917665304204875,True,True
gaussian,2,450.4900810006802,JOINT_HUBER,FUSED_MEDIAN,28,0.1865895355997595,0.19775739665465786,0.2261420962034519,0.02579388135484064,True,True
gaussian,2,450.4900810006802,JOINT_HUBER,upper_arm_camera,29,1.6954763235688985,1.7199459570997213,2.019183197398863,0.08109646143675939,True,True
gaussian,2,450.4900810006802,JOINT_HUBER,forearm_camera,29,1.2878721943434803,1.3002993634918063,1.5406176311369049,0.10458033129321849,True,True
gaussian,2,450.4900810006802,JOINT_HUBER,wrist_camera,29,0.4074930826790822,0.41151232893162654,0.43613727524033724,0.03717280761953274,True,True
gaussian,2,450.4900810006802,JOINT_HUBER,FUSED_MEDIAN,29,0.7013675952807661,0.7185357632434585,0.9462094893895756,0.029018713087497212,True,True
gaussian,2,450.4900810006802,JOINT_HUBER,upper_arm_camera,30,0.27477510936921895,0.2766959761584364,0.29811505201814653,0.015955363777872423,True,True
gaussian,2,450.4900810006802,JOINT_HUBER,forearm_camera,30,1.7617850962437631,1.8124210691135407,2.260398395721823,0.048814794054767685,True,True
gaussian,2,450.4900810006802,JOINT_HUBER,wrist_camera,30,0.6695646199090788,0.6736535782548189,0.7402627257787634,0.01706703169065946,True,True
gaussian,2,450.4900810006802,JOINT_HUBER,FUSED_MEDIAN,30,0.4237469446976741,0.4380419602908532,0.524208931466839,0.00789585659824668,True,True
gaussian,2,450.4900810006802,JOINT_HUBER,upper_arm_camera,31,2.1071872235243805,2.130182577528845,2.617727402389637,0.167470280960327,False,True
gaussian,2,450.4900810006802,JOINT_HUBER,forearm_camera,31,0.5251508481581051,0.5438807300200872,0.6418414589334763,0.09721491396260144,True,True
gaussian,2,450.4900810006802,JOINT_HUBER,wrist_camera,31,2.2037383599363802,2.2187240378113757,2.5790103240816538,0.12987664805468316,False,True
gaussian,2,450.4900810006802,JOINT_HUBER,FUSED_MEDIAN,31,2.104700904320824,2.0254460899316227,2.401137019335234,0.08681384085399277,False,True
gaussian,2,450.4900810006802,JOINT_HUBER,upper_arm_camera,32,0.7259842173149713,0.7322763497763116,0.7977708403992868,0.038226978788421614,True,True
gaussian,2,450.4900810006802,JOINT_HUBER,forearm_camera,32,1.1813036075822991,1.1971663602270088,1.5047896863720114,0.1178522875485471,True,True
gaussian,2,450.4900810006802,JOINT_HUBER,wrist_camera,32,0.8981404961527034,0.9019589227163358,0.9780979584421441,0.024055303791214254,True,True
gaussian,2,450.4900810006802,JOINT_HUBER,FUSED_MEDIAN,32,0.9185605567493561,0.9210510972303517,1.0100593849841246,0.03943818743513095,True,True
gaussian,2,450.4900810006802,JOINT_HUBER,upper_arm_camera,33,0.9858264215182454,0.9912190896741156,1.1423991643140152,0.05229844933718634,True,True
gaussian,2,450.4900810006802,JOINT_HUBER,forearm_camera,33,1.0165676819223683,1.0395901408615875,1.274539264138401,0.1021325732636563,True,True
gaussian,2,450.4900810006802,JOINT_HUBER,wrist_camera,33,0.5558677577634484,0.5624762364727004,0.6791279759224048,0.036099594523193196,True,True
gaussian,2,450.4900810006802,JOINT_HUBER,FUSED_MEDIAN,33,0.763089833940483,0.7678854268156512,0.8720236401086133,0.03471658853136708,True,True
gaussian,2,450.4900810006802,JOINT_HUBER,upper_arm_camera,34,1.272583635338135,1.3244499437361728,1.6616496491832475,0.10679870709534091,True,True
gaussian,2,450.4900810006802,JOINT_HUBER,forearm_camera,34,0.6848025247661118,0.6880801590054021,0.7159905616537622,0.020274972598492588,True,True
gaussian,2,450.4900810006802,JOINT_HUBER,wrist_camera,34,1.7438681190650671,1.7670763067055955,2.009229357195725,0.0932526639534141,True,True
gaussian,2,450.4900810006802,JOINT_HUBER,FUSED_MEDIAN,34,1.2866517460540907,1.3335614342659314,1.6713040465799465,0.02254950837231382,True,True
gaussian,2,450.4900810006802,JOINT_HUBER,upper_arm_camera,35,0.40647393133744214,0.4074912278949587,0.4212506268774534,0.016978955286690744,True,True
gaussian,2,450.4900810006802,JOINT_HUBER,forearm_camera,35,0.7453409526658054,0.8358237632532517,1.3098549214067665,0.17736472855899668,True,True
gaussian,2,450.4900810006802,JOINT_HUBER,wrist_camera,35,0.637964014866339,0.6599977089968029,0.8339189243511882,0.07143394796681672,True,True
gaussian,2,450.4900810006802,JOINT_HUBER,FUSED_MEDIAN,35,0.2610829781258281,0.2920191904488078,0.3848979508293516,0.07501128491246874,True,True
outliers,2,14.081860999795026,PARK,upper_arm_camera,0,4.034589663145354,4.118448171737359,4.92363170775964,0.20597170551102215,False,True
outliers,2,14.081860999795026,PARK,forearm_camera,0,2.9750007088993558,3.0245377074322457,3.734124568750714,0.2867929796712268,False,True
outliers,2,14.081860999795026,PARK,wrist_camera,0,1.9971761307179965,2.0123152889196905,2.170265056084129,0.050105542584619,True,True
outliers,2,14.081860999795026,PARK,FUSED_MEDIAN,0,2.3548655718351053,2.271563208583006,2.500699882451678,0.03676880619307208,False,True
outliers,2,14.081860999795026,PARK,upper_arm_camera,1,6.859015403636966,6.918249213596711,7.820209033584876,0.11370773958059978,False,False
outliers,2,14.081860999795026,PARK,forearm_camera,1,3.628589941122484,3.6917855694625192,4.327474031126566,0.2158948129358737,False,True
outliers,2,14.081860999795026,PARK,wrist_camera,1,2.5641008170222577,2.5776440766030033,2.740474974803633,0.12764065237561548,False,True
outliers,2,14.081860999795026,PARK,FUSED_MEDIAN,1,2.5641008170222577,2.576451239792974,2.740474974803633,0.07506959543551037,False,True
outliers,2,14.081860999795026,PARK,upper_arm_camera,2,6.217701673528754,6.30074704369767,7.587243128135247,0.404304967070027,False,False
outliers,2,14.081860999795026,PARK,forearm_camera,2,2.8854717659131808,2.9240141640298773,3.537387405453978,0.2342958466810235,False,True
outliers,2,14.081860999795026,PARK,wrist_camera,2,1.8624721081552393,1.884939461586698,1.9960463477963486,0.09257820508462221,True,True
outliers,2,14.081860999795026,PARK,FUSED_MEDIAN,2,1.74703282262133,1.7969216974990994,1.976082195053169,0.03624996836608413,True,True
outliers,2,14.081860999795026,PARK,upper_arm_camera,3,3.897155373553961,3.9914596805864075,4.475765740985372,0.39611046592538096,False,True
outliers,2,14.081860999795026,PARK,forearm_camera,3,2.497322890158483,2.53356912751338,2.955471700066628,0.2640071103038663,False,True
outliers,2,14.081860999795026,PARK,wrist_camera,3,2.742624017775066,2.7582954102980897,2.929783899181991,0.07058842277269407,False,True
outliers,2,14.081860999795026,PARK,FUSED_MEDIAN,3,2.6844469757478153,2.709667706691656,2.929783899181991,0.042069529441931895,False,True
outliers,2,14.081860999795026,PARK,upper_arm_camera,4,5.866228923994227,5.960022221457145,7.26642607258794,0.44827530379219144,False,False
outliers,2,14.081860999795026,PARK,forearm_camera,4,3.649924748936149,3.7189610658149976,4.406210602268153,0.23660040540543625,False,True
outliers,2,14.081860999795026,PARK,wrist_camera,4,2.3721991357337178,2.3792233792132063,2.5502564425298617,0.1256238226149408,False,True
outliers,2,14.081860999795026,PARK,FUSED_MEDIAN,4,2.309905161471101,2.222032665682824,2.5502564425298617,0.08204008779966564,False,True
outliers,2,14.081860999795026,PARK,upper_arm_camera,5,7.359417156556314,7.434622446940925,8.483165834646773,0.19177177573271995,False,False
outliers,2,14.081860999795026,PARK,forearm_camera,5,3.459699637986418,3.526840423682879,4.17910041465118,0.19784898936262377,False,True
outliers,2,14.081860999795026,PARK,wrist_camera,5,1.8917131309803348,1.9932810028071348,2.352587209845178,0.2940474756074521,True,True
outliers,2,14.081860999795026,PARK,FUSED_MEDIAN,5,1.8917131309803348,1.8806594463319335,2.1757675710676776,0.08289996634237363,True,True
outliers,2,14.081860999795026,PARK,upper_arm_camera,6,5.732089916069556,5.778469881335235,6.725661443585117,0.35870543437170227,False,False
outliers,2,14.081860999795026,PARK,forearm_camera,6,6.884007018912317,6.919999357178069,7.6714052706616025,0.1943880527785578,False,False
outliers,2,14.081860999795026,PARK,wrist_camera,6,2.60760974237693,2.6271821176542516,3.01391746953829,0.13814164776969376,False,True
outliers,2,14.081860999795026,PARK,FUSED_MEDIAN,6,3.1908798712243676,3.206252895087372,3.927387625396674,0.10231396814308677,False,True
outliers,2,14.081860999795026,PARK,upper_arm_camera,7,6.072639357386261,6.112957876245665,7.167474023552865,0.3731512556609078,False,False
outliers,2,14.081860999795026,PARK,forearm_camera,7,3.929751601877945,3.9526949337977193,4.482176375761303,0.2702026153200386,False,True
outliers,2,14.081860999795026,PARK,wrist_camera,7,2.7083212947533286,2.7378084025076945,3.037406228094391,0.02876940938114878,False,True
outliers,2,14.081860999795026,PARK,FUSED_MEDIAN,7,2.504184337460713,2.4617243453401225,2.574560079847118,0.04810519319163971,False,True
outliers,2,14.081860999795026,PARK,upper_arm_camera,8,7.290199417025802,7.341944682256827,8.398074953485425,0.3983003078933531,False,False
outliers,2,14.081860999795026,PARK,forearm_camera,8,5.81994486296464,5.862064122787179,6.51882038696966,0.27176585331787695,False,False
outliers,2,14.081860999795026,PARK,wrist_camera,8,2.5850334626409355,2.5922482891247753,2.876050674538518,0.11455401686843941,False,True
outliers,2,14.081860999795026,PARK,FUSED_MEDIAN,8,2.5850334626409355,2.5922482891247753,2.876050674538518,0.031704977078595216,False,True
outliers,2,14.081860999795026,PARK,upper_arm_camera,9,5.182000798443375,5.252167252502479,6.256694938249565,0.3555511858113313,False,False
outliers,2,14.081860999795026,PARK,forearm_camera,9,2.198849143909738,2.272949838845701,2.8071755649580368,0.12454610210856983,False,True
outliers,2,14.081860999795026,PARK,wrist_camera,9,5.168432091653307,5.1990311768118405,5.872050335160765,0.22552719571482455,False,False
outliers,2,14.081860999795026,PARK,FUSED_MEDIAN,9,1.045043934111809,1.0979052739404607,1.445384833952729,0.06517751465899489,True,True
outliers,2,14.081860999795026,PARK,upper_arm_camera,10,6.7569748202903925,6.810518971154662,7.846346212121746,0.3894828545332403,False,False
outliers,2,14.081860999795026,PARK,forearm_camera,10,6.085000762810238,6.130324143770405,6.864030368258393,0.2782198438407804,False,False
outliers,2,14.081860999795026,PARK,wrist_camera,10,1.5651742172572798,1.5932082127063678,1.776068661518888,0.09346281870330378,True,True
outliers,2,14.081860999795026,PARK,FUSED_MEDIAN,10,1.5651742172572798,1.5932082127063678,1.776068661518888,0.06786686329608352,True,True
outliers,2,14.081860999795026,PARK,upper_arm_camera,11,7.652570454186931,7.770375199924549,9.110911800822228,0.2672488324765503,False,False
outliers,2,14.081860999795026,PARK,forearm_camera,11,3.263884809794233,3.32329409734686,4.071955966704406,0.2914669016699109,False,True
outliers,2,14.081860999795026,PARK,wrist_camera,11,4.220147004724252,4.246069434723253,4.8553861821322055,0.17218625959480038,False,True
outliers,2,14.081860999795026,PARK,FUSED_MEDIAN,11,2.130639221581205,2.188954132827917,2.9949194777665205,0.053734427073014526,False,True
outliers,2,14.081860999795026,PARK,upper_arm_camera,12,6.164879099472678,6.243274759622949,7.262145123907853,0.33072061807706665,False,False
outliers,2,14.081860999795026,PARK,forearm_camera,12,6.939279314439757,7.040059633294169,8.339651515780227,0.42834012839963864,False,False
outliers,2,14.081860999795026,PARK,wrist_camera,12,3.604502589287462,3.6182996778959144,3.8442452490075607,0.13383284829169922,False,True
outliers,2,14.081860999795026,PARK,FUSED_MEDIAN,12,3.6678682295132097,3.800071066983771,4.41684567784044,0.11308843361140963,False,True
outliers,2,14.081860999795026,PARK,upper_arm_camera,13,5.71600317841804,5.782690851634643,6.6094743501449535,0.26811808986599733,False,False
outliers,2,14.081860999795026,PARK,forearm_camera,13,2.448501813039781,2.514791131153477,3.2594081815435345,0.315086006524349,False,True
outliers,2,14.081860999795026,PARK,wrist_camera,13,2.620926565025266,2.642765297274289,2.88494658653301,0.083059691914665,False,True
outliers,2,14.081860999795026,PARK,FUSED_MEDIAN,13,1.6054172611633368,1.6557609621619436,1.7511290449509573,0.041664362935630944,True,True
outliers,2,14.081860999795026,PARK,upper_arm_camera,14,4.497850586807425,4.589032558689833,5.2994561078936755,0.3015262719527166,False,True
outliers,2,14.081860999795026,PARK,forearm_camera,14,2.1006425768590726,2.121963869688964,2.1730954972431786,0.1728523035055175,False,True
outliers,2,14.081860999795026,PARK,wrist_camera,14,2.323804355310514,2.340682793710353,2.6279939643389336,0.09145227822787981,False,True
outliers,2,14.081860999795026,PARK,FUSED_MEDIAN,14,2.2204381075341137,2.268670394434561,2.4376028141739057,0.03338028729989866,False,True
outliers,2,14.081860999795026,PARK,upper_arm_camera,15,4.986800668182614,5.08123756950794,5.979558146066711,0.14434253425054636,False,True
outliers,2,14.081860999795026,PARK,forearm_camera,15,2.5155978885762833,2.6042953205989696,3.4797003987874464,0.33217107642508975,False,True
outliers,2,14.081860999795026,PARK,wrist_camera,15,2.2737182984808677,2.3070607360530238,2.6205392632754996,0.030320899704604845,False,True
outliers,2,14.081860999795026,PARK,FUSED_MEDIAN,15,2.100178424161834,2.056957027681505,2.462525572156562,0.14268508252443482,False,True
outliers,2,14.081860999795026,PARK,upper_arm_camera,16,6.127910209006816,6.222818573685913,7.145606242380109,0.16860860974669456,False,False
outliers,2,14.081860999795026,PARK,forearm_camera,16,3.2104775787978173,3.277453124060463,3.971042347064634,0.2509968058058648,False,True
outliers,2,14.081860999795026,PARK,wrist_camera,16,3.1487464149130204,3.167927186320312,3.48036091290683,0.05786770153166167,False,True
outliers,2,14.081860999795026,PARK,FUSED_MEDIAN,16,2.7489593152811596,2.675731206030249,2.837099278563991,0.07164138325144001,False,True
outliers,2,14.081860999795026,PARK,upper_arm_camera,17,4.745767958776138,4.8405478483330775,5.627324876078792,0.16500603213483045,False,True
outliers,2,14.081860999795026,PARK,forearm_camera,17,2.4628949971750256,2.5934925276460437,3.520002739508748,0.381642832539593,False,True
outliers,2,14.081860999795026,PARK,wrist_camera,17,1.8994813449634367,1.9198005346869151,1.9713611898888417,0.05511919623836376,True,True
outliers,2,14.081860999795026,PARK,FUSED_MEDIAN,17,2.362417648060756,2.240558980299296,2.6573086414145894,0.1216581290890498,False,True
outliers,2,14.081860999795026,PARK,upper_arm_camera,18,6.064870878399252,6.1158208959821225,7.129139578012069,0.35996412994004096,False,False
outliers,2,14.081860999795026,PARK,forearm_camera,18,5.789564845830099,5.830764170344413,6.58070354803841,0.20235352402854295,False,False
outliers,2,14.081860999795026,PARK,wrist_camera,18,2.862043387373071,2.8773614568269035,3.1407950024701914,0.10833568313548546,False,True
outliers,2,14.081860999795026,PARK,FUSED_MEDIAN,18,1.9882259429386175,2.0206950578372833,2.273563254552367,0.08857142273944875,True,True
outliers,2,14.081860999795026,PARK,upper_arm_camera,19,6.174168116874416,6.234427449071448,7.023163789466085,0.22029814825159122,False,False
outliers,2,14.081860999795026,PARK,forearm_camera,19,6.1778732736783235,6.24628532711228,7.128585556587284,0.254297180456073,False,False
outliers,2,14.081860999795026,PARK,wrist_camera,19,1.4660494748534163,1.494986985024304,1.7638427814468727,0.10348358566182449,True,True
outliers,2,14.081860999795026,PARK,FUSED_MEDIAN,19,5.954148421814974,5.981288549988753,6.945296769135866,0.046680495125137465,False,False
outliers,2,14.081860999795026,PARK,upper_arm_camera,20,4.861293438221407,4.960367551114769,5.904589741939775,0.15987548435303298,False,True
outliers,2,14.081860999795026,PARK,forearm_camera,20,3.5955306335320234,3.6929387323363283,4.541493739427979,0.38631822517279213,False,True
outliers,2,14.081860999795026,PARK,wrist_camera,20,4.249505016880417,4.258505101659535,4.5694118980850975,0.11397404422176503,False,True
outliers,2,14.081860999795026,PARK,FUSED_MEDIAN,20,1.745512861135363,1.691405955165923,1.9967346196516047,0.05019188202058413,True,True
outliers,2,14.081860999795026,PARK,upper_arm_camera,21,5.832429253673847,5.899568379084708,6.671889126888987,0.3370450737811949,False,False
outliers,2,14.081860999795026,PARK,forearm_camera,21,2.815158695021654,2.8490424384942132,3.4036276356776813,0.1887135713261076,False,True
outliers,2,14.081860999795026,PARK,wrist_camera,21,3.070083153820397,3.0872190743065144,3.49030908986922,0.21958924330001742,False,True
outliers,2,14.081860999795026,PARK,FUSED_MEDIAN,21,2.6057721808598866,2.7359436434214297,3.3093978565879283,0.1729854265215741,False,True
outliers,2,14.081860999795026,PARK,upper_arm_camera,22,6.9898341419783465,7.048921953019854,8.096363177146312,0.259891374575131,False,False
outliers,2,14.081860999795026,PARK,forearm_camera,22,7.248244465484319,7.287005549078768,8.242600817685327,0.2905170098087186,False,False
outliers,2,14.081860999795026,PARK,wrist_camera,22,2.5835255425074237,2.601993191914827,2.914090153206798,0.0877339290676046,False,True
outliers,2,14.081860999795026,PARK,FUSED_MEDIAN,22,2.6756233098274165,2.751103334008005,3.4261653956604836,0.13027605409259593,False,True
outliers,2,14.081860999795026,PARK,upper_arm_camera,23,6.2580871237348195,6.317439571613752,7.142017379285667,0.21266802996404424,False,False
outliers,2,14.081860999795026,PARK,forearm_camera,23,2.4565169290315945,2.5627833743233412,3.4368508531454576,0.43533336770828956,False,True
outliers,2,14.081860999795026,PARK,wrist_camera,23,2.946193392319687,2.9555406369863726,3.0980971963960524,0.11468685071850626,False,True
outliers,2,14.081860999795026,PARK,FUSED_MEDIAN,23,0.9778705451403245,1.0425743142667256,1.1299099735245959,0.05030072171210115,True,True
outliers,2,14.081860999795026,PARK,upper_arm_camera,24,2.4608597639087266,2.537892233880816,2.632744054323034,0.4316741926904801,False,True
outliers,2,14.081860999795026,PARK,forearm_camera,24,2.7592684855873864,2.8585989915255174,3.61561376812726,0.2543730877647824,False,True
outliers,2,14.081860999795026,PARK,wrist_camera,24,3.423323353534713,3.4383421276547317,3.836518811728989,0.15396353615873967,False,True
outliers,2,14.081860999795026,PARK,FUSED_MEDIAN,24,1.3944001397677601,1.5682068308036943,2.0162123028454597,0.1743615165360401,True,True
outliers,2,14.081860999795026,PARK,upper_arm_camera,25,6.967235513126001,7.021976611128966,8.056919997894783,0.3387711325391562,False,False
outliers,2,14.081860999795026,PARK,forearm_camera,25,4.880086736290476,4.92812492897005,5.666943080022812,0.204593864028197,False,True
outliers,2,14.081860999795026,PARK,wrist_camera,25,3.853319365893157,3.86761549767185,4.2959453410179655,0.17864142146322265,False,True
outliers,2,14.081860999795026,PARK,FUSED_MEDIAN,25,2.9943719964323363,3.027467540450228,3.527451726496699,0.03641893518590833,False,True
outliers,2,14.081860999795026,PARK,upper_arm_camera,26,5.402356507831691,5.4508583203759535,6.112965988146305,0.1440762138835816,False,False
outliers,2,14.081860999795026,PARK,forearm_camera,26,6.458808084654763,6.506105058576826,7.509433883207734,0.28874341910810325,False,False
outliers,2,14.081860999795026,PARK,wrist_camera,26,1.8882774516816712,1.924265520817346,2.234212146266943,0.06652145853430047,True,True
outliers,2,14.081860999795026,PARK,FUSED_MEDIAN,26,3.718602742118269,3.761484277008027,4.380929326503838,0.09942551782952574,False,True
outliers,2,14.081860999795026,PARK,upper_arm_camera,27,7.611101505197363,7.684727866844812,8.828178730286803,0.30781125720821784,False,False
outliers,2,14.081860999795026,PARK,forearm_camera,27,3.287319577612423,3.3261817238335136,3.8014207979569408,0.24874298183055216,False,True
outliers,2,14.081860999795026,PARK,wrist_camera,27,2.5468476591458424,2.5646031901695627,2.9023810812410145,0.11562188608872727,False,True
outliers,2,14.081860999795026,PARK,FUSED_MEDIAN,27,2.5468476591458424,2.550294254544502,2.8833976481658423,0.032263245740568394,False,True
outliers,2,14.081860999795026,PARK,upper_arm_camera,28,7.1339047097741854,7.196364119120371,8.121015328848584,0.22788255384985792,False,False
outliers,2,14.081860999795026,PARK,forearm_camera,28,4.238165461735807,4.280152126100371,5.02364895814579,0.28125696847314796,False,True
outliers,2,14.081860999795026,PARK,wrist_camera,28,3.044129542826687,3.056355321093273,3.32012960990017,0.09123313491763944,False,True
outliers,2,14.081860999795026,PARK,FUSED_MEDIAN,28,3.044129542826687,3.056355321093273,3.32012960990017,0.05958775678540581,False,True
outliers,2,14.081860999795026,PARK,upper_arm_camera,29,6.221252557396148,6.353329853065215,7.665693899268507,0.13749399465368572,False,False
outliers,2,14.081860999795026,PARK,forearm_camera,29,2.18158665841862,2.2508052493648982,2.5629722498856444,0.25250811545063967,False,True
outliers,2,14.081860999795026,PARK,wrist_camera,29,3.3819108828175035,3.3954910993930243,3.7013494808426577,0.09792824865721829,False,True
outliers,2,14.081860999795026,PARK,FUSED_MEDIAN,29,1.0938633697040805,1.1434849388846693,1.6120030794502136,0.056638546368268615,True,True
outliers,2,14.081860999795026,PARK,upper_arm_camera,30,4.031522400951858,4.084837667919534,4.929615392829883,0.3969308228907729,False,True
outliers,2,14.081860999795026,PARK,forearm_camera,30,3.4184749629453384,3.557614773686,4.594871116553627,0.0439403519429164,False,True
outliers,2,14.081860999795026,PARK,wrist_camera,30,2.5811896752743513,2.5962197707392427,2.7310149776069004,0.11132188543490695,False,True
outliers,2,14.081860999795026,PARK,FUSED_MEDIAN,30,1.8300346469554,1.8331411729275247,2.3498907146010413,0.08832331797397638,True,True
outliers,2,14.081860999795026,PARK,upper_arm_camera,31,6.485732513684513,6.565744578546385,7.5085020975634675,0.21900129808662572,False,False
outliers,2,14.081860999795026,PARK,forearm_camera,31,4.211525094258753,4.251534952663802,4.910152554064105,0.22632841048814462,False,True
outliers,2,14.081860999795026,PARK,wrist_camera,31,2.5554127761669356,2.5765055546895845,2.8737571616511715,0.05001296515937452,False,True
outliers,2,14.081860999795026,PARK,FUSED_MEDIAN,31,1.821209406689608,1.807046783677144,2.3717970306128144,0.01922890440836917,True,True
outliers,2,14.081860999795026,PARK,upper_arm_camera,32,6.562218583569661,6.622730949209226,7.481407467705801,0.2876449270138027,False,False
outliers,2,14.081860999795026,PARK,forearm_camera,32,4.181974630244231,4.237884671575392,4.997780394971427,0.22704748767878882,False,True
outliers,2,14.081860999795026,PARK,wrist_camera,32,3.1169939547050927,3.1297601509469337,3.4426208560386615,0.12534539825462218,False,True
outliers,2,14.081860999795026,PARK,FUSED_MEDIAN,32,3.124431040986855,3.1609047823595326,3.4426208560386615,0.14001112627262155,False,True
outliers,2,14.081860999795026,PARK,upper_arm_camera,33,2.4187554554555897,2.478152438209658,2.5210836760873065,0.37797880410221424,False,True
outliers,2,14.081860999795026,PARK,forearm_camera,33,4.2650682818300805,4.3011102124175,4.819044264497404,0.24960627732457086,False,True
outliers,2,14.081860999795026,PARK,wrist_camera,33,2.1149275840376673,2.1311244089874197,2.245936006271819,0.09234255572944164,False,True
outliers,2,14.081860999795026,PARK,FUSED_MEDIAN,33,2.1149275840376673,2.101122066998512,2.236300058923843,0.07590549059215078,False,True
outliers,2,14.081860999795026,PARK,upper_arm_camera,34,6.7057348052270624,6.838862892774869,8.072035669618204,0.1441084323777697,False,False
outliers,2,14.081860999795026,PARK,forearm_camera,34,2.861026432642139,2.9298591557613953,3.672715719584411,0.17068676246151968,False,True
outliers,2,14.081860999795026,PARK,wrist_camera,34,3.2570162688206437,3.303646641743464,3.6061819436858658,0.22563195034000752,False,True
outliers,2,14.081860999795026,PARK,FUSED_MEDIAN,34,3.331531856581775,3.3279261096789994,3.660395837069725,0.1609418013700908,False,True
outliers,2,14.081860999795026,PARK,upper_arm_camera,35,6.173635582965925,6.243682946678432,7.259139794444557,0.26795009897243893,False,False
outliers,2,14.081860999795026,PARK,forearm_camera,35,2.049680398153717,2.1295704715585253,2.4212959561079517,0.3022583353798364,False,True
outliers,2,14.081860999795026,PARK,wrist_camera,35,2.0554196920978183,2.061353441004398,2.081555198680082,0.07691534666014016,False,True
outliers,2,14.081860999795026,PARK,FUSED_MEDIAN,35,2.0392617289225576,1.9751184359447034,2.081555198680082,0.11925609196225288,False,True
outliers,2,440.7892399995035,JOINT_HUBER,upper_arm_camera,0,0.6734034217945172,0.6981034493702027,0.8488273858142195,0.05932631342835451,True,True
outliers,2,440.7892399995035,JOINT_HUBER,forearm_camera,0,0.8248812503536909,0.8270906151981513,0.8982554256031906,0.03814458853928953,True,True
outliers,2,440.7892399995035,JOINT_HUBER,wrist_camera,0,1.3412710449708165,1.3441519244074294,1.4143190024215886,0.048287463684145104,True,True
outliers,2,440.7892399995035,JOINT_HUBER,FUSED_MEDIAN,0,0.5379422655936295,0.5557759223151777,0.606887290043824,0.01986273496352026,True,True
outliers,2,440.7892399995035,JOINT_HUBER,upper_arm_camera,1,1.206315193102078,1.2209609588585404,1.5074245543710543,0.10712526539865018,True,True
outliers,2,440.7892399995035,JOINT_HUBER,forearm_camera,1,0.6416141170108443,0.676864293649162,0.9568981974227626,0.10453986765599434,True,True
outliers,2,440.7892399995035,JOINT_HUBER,wrist_camera,1,0.4505694994563813,0.45697738897553575,0.5315381440128407,0.037148209469420594,True,True
outliers,2,440.7892399995035,JOINT_HUBER,FUSED_MEDIAN,1,0.35496772412123695,0.3599557165699068,0.4541539159406745,0.039471358241349105,True,True
outliers,2,440.7892399995035,JOINT_HUBER,upper_arm_camera,2,1.9502401211954234,1.9698864951185648,2.3721873974984975,0.13611804144715625,True,True
outliers,2,440.7892399995035,JOINT_HUBER,forearm_camera,2,2.1702126124802676,2.1886617188646555,2.5119741131546065,0.02139763941407553,False,True
outliers,2,440.7892399995035,JOINT_HUBER,wrist_camera,2,0.8945917744979435,0.8996189857571602,1.0250249977189336,0.042744778402497866,True,True
outliers,2,440.7892399995035,JOINT_HUBER,FUSED_MEDIAN,2,0.7295603455061589,0.7374207489281748,0.830771865879901,0.031079300165759136,True,True
outliers,2,440.7892399995035,JOINT_HUBER,upper_arm_camera,3,1.3788771277436376,1.3910564696076213,1.6069974739623063,0.11467142418116794,True,True
outliers,2,440.7892399995035,JOINT_HUBER,forearm_camera,3,1.3407450733875366,1.3523869408320068,1.564407580928048,0.07272769577457075,True,True
outliers,2,440.7892399995035,JOINT_HUBER,wrist_camera,3,1.0660450880950623,1.0703903442232567,1.1729544064748605,0.02289382760556696,True,True
outliers,2,440.7892399995035,JOINT_HUBER,FUSED_MEDIAN,3,1.1774568488034916,1.1621741523204776,1.4312301098406102,0.051172355864732046,True,True
outliers,2,440.7892399995035,JOINT_HUBER,upper_arm_camera,4,2.5041472854669853,2.551768491927313,3.05557447809384,0.23688773949043496,False,True
outliers,2,440.7892399995035,JOINT_HUBER,forearm_camera,4,0.514430728662853,0.5545757393411139,0.6561434265099937,0.09224263382462809,True,True
outliers,2,440.7892399995035,JOINT_HUBER,wrist_camera,4,0.44515492712699267,0.45322156803978375,0.5497955840896203,0.03895912245602956,True,True
outliers,2,440.7892399995035,JOINT_HUBER,FUSED_MEDIAN,4,0.337842538406187,0.36104479055144706,0.46233331784397846,0.06644798937239724,True,True
outliers,2,440.7892399995035,JOINT_HUBER,upper_arm_camera,5,0.8854358070728909,0.892793278069906,1.042517381960571,0.0567406222832705,True,True
outliers,2,440.7892399995035,JOINT_HUBER,forearm_camera,5,0.47906736548563056,0.4938133439482694,0.6555421730694339,0.05987248425345917,True,True
outliers,2,440.7892399995035,JOINT_HUBER,wrist_camera,5,1.441943730210841,1.5006727080144955,1.956687803501844,0.19457937753942633,True,True
outliers,2,440.7892399995035,JOINT_HUBER,FUSED_MEDIAN,5,0.47906736548563056,0.4938133439482694,0.6555421730694339,0.06551399606633199,True,True
outliers,2,440.7892399995035,JOINT_HUBER,upper_arm_camera,6,1.0166076553679864,1.0229759743197753,1.1338025859275054,0.036444022177829896,True,True
outliers,2,440.7892399995035,JOINT_HUBER,forearm_camera,6,1.2102985506469655,1.2140343534422784,1.3718920195824709,0.06034686429468936,True,True
outliers,2,440.7892399995035,JOINT_HUBER,wrist_camera,6,3.5044337421587697,3.5163807986617086,3.9247287660723353,0.1287020263192824,False,True
outliers,2,440.7892399995035,JOINT_HUBER,FUSED_MEDIAN,6,0.9868581096194572,0.9921862201012552,1.1217713088939107,0.03798405587393765,True,True
outliers,2,440.7892399995035,JOINT_HUBER,upper_arm_camera,7,1.1293114122623376,1.1356495934783835,1.2847058488267618,0.043091605376946375,True,True
outliers,2,440.7892399995035,JOINT_HUBER,forearm_camera,7,1.5944453160413852,1.616522151465157,1.9182598506785733,0.05232491953808147,True,True
outliers,2,440.7892399995035,JOINT_HUBER,wrist_camera,7,2.3722432981280734,2.3806278757555535,2.602078161392672,0.033625333020466476,False,True
outliers,2,440.7892399995035,JOINT_HUBER,FUSED_MEDIAN,7,1.4077084012582834,1.424397650667716,1.7013937039246037,0.00763796855745645,True,True
outliers,2,440.7892399995035,JOINT_HUBER,upper_arm_camera,8,0.542815219135037,0.5574725526148508,0.6921569623775621,0.030111174267613405,True,True
outliers,2,440.7892399995035,JOINT_HUBER,forearm_camera,8,1.1323281145873347,1.1518947448976695,1.3103507841349582,0.08622508967724254,True,True
outliers,2,440.7892399995035,JOINT_HUBER,wrist_camera,8,1.7648979988392073,1.7872408650233504,2.0112353007258266,0.07249922979005369,True,True
outliers,2,440.7892399995035,JOINT_HUBER,FUSED_MEDIAN,8,0.9689307211804505,0.9761149611260139,1.0384443341025855,0.0393363430010988,True,True
outliers,2,440.7892399995035,JOINT_HUBER,upper_arm_camera,9,1.0424101879719554,1.059888182462345,1.278791727394743,0.0495170784913747,True,True
outliers,2,440.7892399995035,JOINT_HUBER,forearm_camera,9,1.6260704258921226,1.6417274474645056,1.811559654113078,0.08225823977628473,True,True
outliers,2,440.7892399995035,JOINT_HUBER,wrist_camera,9,2.621124679187394,2.6712715854200924,3.2400429604920027,0.1448521112504605,False,True
outliers,2,440.7892399995035,JOINT_HUBER,FUSED_MEDIAN,9,1.6260704258921226,1.6417274474645056,1.811559654113078,0.01907310985034458,True,True
outliers,2,440.7892399995035,JOINT_HUBER,upper_arm_camera,10,0.7743542550987195,0.7752863444850291,0.8190276432559221,0.015377590701096509,True,True
outliers,2,440.7892399995035,JOINT_HUBER,forearm_camera,10,1.3182699398815192,1.3382332677657298,1.5309456873373222,0.10137042461758286,True,True
outliers,2,440.7892399995035,JOINT_HUBER,wrist_camera,10,1.8851308449090187,1.9155550476811087,2.238874217734415,0.1347378055878065,True,True
outliers,2,440.7892399995035,JOINT_HUBER,FUSED_MEDIAN,10,0.7743542550987195,0.7728548030465852,0.8253792788057744,0.05368459647515369,True,True
outliers,2,440.7892399995035,JOINT_HUBER,upper_arm_camera,11,2.99380453352233,3.0357409883493807,3.561424458414388,0.03273294082757252,False,True
outliers,2,440.7892399995035,JOINT_HUBER,forearm_camera,11,0.5415377080914816,0.5600238232756453,0.6436210229097219,0.08624818386828342,True,True
outliers,2,440.7892399995035,JOINT_HUBER,wrist_camera,11,2.465406240943509,2.4834421491805223,2.8154170516683528,0.12495964056339409,False,True
outliers,2,440.7892399995035,JOINT_HUBER,FUSED_MEDIAN,11,0.5166304335087325,0.5964103728360494,0.7704388745490065,0.04669490654034759,True,True
outliers,2,440.7892399995035,JOINT_HUBER,upper_arm_camera,12,1.0700876440200686,1.076169207076726,1.1980199706338652,0.02081449037267757,True,True
outliers,2,440.7892399995035,JOINT_HUBER,forearm_camera,12,3.3923015417191347,3.44638013062881,4.214524012922142,0.21659323909266576,False,True
outliers,2,440.7892399995035,JOINT_HUBER,wrist_camera,12,0.8881983408035324,0.8948736226764786,0.9908938444107224,0.052285238397717475,True,True
outliers,2,440.7892399995035,JOINT_HUBER,FUSED_MEDIAN,12,1.016795655685737,1.0281671546193747,1.1821673048345445,0.0834247688561053,True,True
outliers,2,440.7892399995035,JOINT_HUBER,upper_arm_camera,13,0.2943959210169575,0.3063440787104565,0.3852449146963089,0.050274772477321455,True,True
outliers,2,440.7892399995035,JOINT_HUBER,forearm_camera,13,0.28198343806924203,0.31356865477494833,0.44630671266198885,0.055622627493925124,True,True
outliers,2,440.7892399995035,JOINT_HUBER,wrist_camera,13,1.302757999061982,1.3106502764249142,1.4328225860016683,0.07048022184738145,True,True
outliers,2,440.7892399995035,JOINT_HUBER,FUSED_MEDIAN,13,0.215356175880364,0.23139584178072145,0.3981490893391636,0.021721150714134777,True,True
outliers,2,440.7892399995035,JOINT_HUBER,upper_arm_camera,14,0.9077264622349025,0.9119675973176997,1.013358028271932,0.057560246224754245,True,True
outliers,2,440.7892399995035,JOINT_HUBER,forearm_camera,14,2.4829214160339177,2.5600236591996444,3.188978420885423,0.04006930088895912,False,True
outliers,2,440.7892399995035,JOINT_HUBER,wrist_camera,14,0.7028497672084534,0.7816533069362352,1.125935583369691,0.05760760754136988,True,True
outliers,2,440.7892399995035,JOINT_HUBER,FUSED_MEDIAN,14,0.5846302155472491,0.6122156937349414,0.7601744711366569,0.013124258088969559,True,True
outliers,2,440.7892399995035,JOINT_HUBER,upper_arm_camera,15,0.38250145776834593,0.3907216199014353,0.4725365353400891,0.04434735501799789,True,True
outliers,2,440.7892399995035,JOINT_HUBER,forearm_camera,15,0.7481758568317772,0.762175375794339,0.8533408069140886,0.0639444681363524,True,True
outliers,2,440.7892399995035,JOINT_HUBER,wrist_camera,15,1.5931764374272603,1.6095278804295994,1.872497645174964,0.07725969474934083,True,True
outliers,2,440.7892399995035,JOINT_HUBER,FUSED_MEDIAN,15,0.7481758568317772,0.7505282502244646,0.8533408069140886,0.04886620306095586,True,True
outliers,2,440.7892399995035,JOINT_HUBER,upper_arm_camera,16,1.4644405630766348,1.4942320317861417,1.8468592425109678,0.1940936495244734,True,True
outliers,2,440.7892399995035,JOINT_HUBER,forearm_camera,16,1.2812933439879388,1.2917373780196442,1.4815656226833243,0.06489649357805409,True,True
outliers,2,440.7892399995035,JOINT_HUBER,wrist_camera,16,0.6109290406733691,0.6208768086842494,0.6873379599849779,0.04316191116318,True,True
outliers,2,440.7892399995035,JOINT_HUBER,FUSED_MEDIAN,16,0.8837114052136852,0.8969729770343956,1.1156513144622233,0.06847352352479684,True,True
outliers,2,440.7892399995035,JOINT_HUBER,upper_arm_camera,17,0.5748605326273288,0.5959606850610794,0.7069412065853455,0.0850913256910938,True,True
outliers,2,440.7892399995035,JOINT_HUBER,forearm_camera,17,0.9775320663580657,1.0937438918101368,1.511800740927967,0.17775951133156542,True,True
outliers,2,440.7892399995035,JOINT_HUBER,wrist_camera,17,0.923405710315935,0.9268647777026109,0.9895182821197176,0.015557945971688986,True,True
outliers,2,440.7892399995035,JOINT_HUBER,FUSED_MEDIAN,17,0.2713972247871335,0.3601942985797501,0.4608062097449131,0.05317913634285157,True,True
outliers,2,440.7892399995035,JOINT_HUBER,upper_arm_camera,18,0.8101932558995609,0.8216692740794991,0.9681780508473369,0.06902941943280874,True,True
outliers,2,440.7892399995035,JOINT_HUBER,forearm_camera,18,0.9901315875838745,0.9915565019491573,1.059797552771841,0.02448515519621562,True,True
outliers,2,440.7892399995035,JOINT_HUBER,wrist_camera,18,1.615388887110194,1.624140863304837,1.8120082553920578,0.013926434379287417,True,True
outliers,2,440.7892399995035,JOINT_HUBER,FUSED_MEDIAN,18,0.535535137198327,0.5710599057291714,0.6367990450132007,0.0192583755237282,True,True
outliers,2,440.7892399995035,JOINT_HUBER,upper_arm_camera,19,1.0148624385863434,1.0204484294125,1.1507173634876084,0.05498771931026351,True,True
outliers,2,440.7892399995035,JOINT_HUBER,forearm_camera,19,2.7937196642110877,2.825630643399439,3.253152387312982,0.09465055639685416,False,True
outliers,2,440.7892399995035,JOINT_HUBER,wrist_camera,19,2.6013180603149886,2.611308889451195,2.85058350866958,0.05350531405352621,False,True
outliers,2,440.7892399995035,JOINT_HUBER,FUSED_MEDIAN,19,1.2574566594350016,1.2356443144907852,1.4137982176036992,0.03975647013509656,True,True
outliers,2,440.7892399995035,JOINT_HUBER,upper_arm_camera,20,0.2561541828777854,0.26402684692883366,0.3480556021647738,0.04128829030376431,True,True
outliers,2,440.7892399995035,JOINT_HUBER,forearm_camera,20,0.7897854883817031,0.8720362806561163,1.2897988868194479,0.1551644721076933,True,True
outliers,2,440.7892399995035,JOINT_HUBER,wrist_camera,20,0.7366929324932922,0.7431830735487894,0.845651823031327,0.039657303682177895,True,True
outliers,2,440.7892399995035,JOINT_HUBER,FUSED_MEDIAN,20,0.3279682061420614,0.30957997938830156,0.37820578903019625,0.04133945027405028,True,True
outliers,2,440.7892399995035,JOINT_HUBER,upper_arm_camera,21,1.3611458613978102,1.3655671850785136,1.5274916275616381,0.07166998669851661,True,True
outliers,2,440.7892399995035,JOINT_HUBER,forearm_camera,21,1.5651239888091661,1.6011126989252378,1.9367106488151837,0.101576134883651,True,True
outliers,2,440.7892399995035,JOINT_HUBER,wrist_camera,21,0.7300282351638402,0.7519662172073707,0.9904098241740054,0.12024270993937099,True,True
outliers,2,440.7892399995035,JOINT_HUBER,FUSED_MEDIAN,21,0.5663081089104249,0.5905401742569923,0.7719248017403663,0.028816799017493108,True,True
outliers,2,440.7892399995035,JOINT_HUBER,upper_arm_camera,22,1.2107397114231526,1.2216113745590087,1.4120755118724546,0.06089363831292832,True,True
outliers,2,440.7892399995035,JOINT_HUBER,forearm_camera,22,1.7033996921860048,1.7250979495313454,2.02500715029253,0.06824751385841071,True,True
outliers,2,440.7892399995035,JOINT_HUBER,wrist_camera,22,0.8928795913329133,0.9001285228556369,1.0240888312615963,0.019084427038667192,True,True
outliers,2,440.7892399995035,JOINT_HUBER,FUSED_MEDIAN,22,1.1954053685284285,1.2062856292809752,1.3757429385751587,0.023599346448208682,True,True
outliers,2,440.7892399995035,JOINT_HUBER,upper_arm_camera,23,1.458091773300016,1.4669829837765387,1.6703577101761227,0.06969283553736053,True,True
outliers,2,440.7892399995035,JOINT_HUBER,forearm_camera,23,0.9493793999481231,0.989366142906692,1.3391531558746999,0.18686168223177343,True,True
outliers,2,440.7892399995035,JOINT_HUBER,wrist_camera,23,0.4881473814574215,0.4962099170233393,0.558918716567932,0.025360213300759892,True,True
outliers,2,440.7892399995035,JOINT_HUBER,FUSED_MEDIAN,23,0.8852422558276052,0.9284455160571735,1.305414314926428,0.0690195462672461,True,True
outliers,2,440.7892399995035,JOINT_HUBER,upper_arm_camera,24,0.6918171661765482,0.7054726303745008,0.8260302477551374,0.04639299579793974,True,True
outliers,2,440.7892399995035,JOINT_HUBER,forearm_camera,24,0.977509278961066,0.9880762039422701,1.0809664657606566,0.05107873878208308,True,True
outliers,2,440.7892399995035,JOINT_HUBER,wrist_camera,24,1.1371777220190142,1.1577426425605233,1.4207773354477613,0.06112674493435996,True,True
outliers,2,440.7892399995035,JOINT_HUBER,FUSED_MEDIAN,24,0.84692505433557,0.8335390674181906,0.9331023999497157,0.03069392358260864,True,True
outliers,2,440.7892399995035,JOINT_HUBER,upper_arm_camera,25,0.670708344940353,0.6785903830553002,0.7754058453460704,0.050426448879074943,True,True
outliers,2,440.7892399995035,JOINT_HUBER,forearm_camera,25,1.1616129823844963,1.1634165890272183,1.2402526941761078,0.009177050382131508,True,True
outliers,2,440.7892399995035,JOINT_HUBER,wrist_camera,25,2.0660170864250427,2.077129243563703,2.2392644301556013,0.12724320848801465,False,True
outliers,2,440.7892399995035,JOINT_HUBER,FUSED_MEDIAN,25,0.9256770620250182,0.9275095650805083,0.9953570319527196,0.055918026163752466,True,True
outliers,2,440.7892399995035,JOINT_HUBER,upper_arm_camera,26,2.4063546931884408,2.430841324256495,2.849634825305529,0.10152238178484033,False,True
outliers,2,440.7892399995035,JOINT_HUBER,forearm_camera,26,3.405201977639385,3.444527481597128,3.9528335867241053,0.11326508620924801,False,True
outliers,2,440.7892399995035,JOINT_HUBER,wrist_camera,26,2.3133957073738673,2.3231409760400243,2.583816555081339,0.06771818032675503,False,True
outliers,2,440.7892399995035,JOINT_HUBER,FUSED_MEDIAN,26,1.988219831790256,1.999952640975413,2.195255960655699,0.07139755699152459,True,True
outliers,2,440.7892399995035,JOINT_HUBER,upper_arm_camera,27,0.8263419745259507,0.837849827674101,1.0179722224932528,0.06474905867810091,True,True
outliers,2,440.7892399995035,JOINT_HUBER,forearm_camera,27,0.818924056892831,0.9812929993270985,1.4204549648694331,0.1037623569824268,True,True
outliers,2,440.7892399995035,JOINT_HUBER,wrist_camera,27,1.131459607772051,1.1977239477696326,1.676887542917666,0.1393865809102336,True,True
outliers,2,440.7892399995035,JOINT_HUBER,FUSED_MEDIAN,27,0.6012589360260255,0.6420283125330923,0.8465741573720621,0.03353747431628192,True,True
outliers,2,440.7892399995035,JOINT_HUBER,upper_arm_camera,28,0.38953257124183804,0.4097983217491209,0.5027928993935035,0.04026942590205464,True,True
outliers,2,440.7892399995035,JOINT_HUBER,forearm_camera,28,0.8384582324811812,0.8434289573330511,0.9218441976148226,0.037309219772026794,True,True
outliers,2,440.7892399995035,JOINT_HUBER,wrist_camera,28,0.5162202188442632,0.5275514291295261,0.5972407094424013,0.044669157684564795,True,True
outliers,2,440.7892399995035,JOINT_HUBER,FUSED_MEDIAN,28,0.518228476767785,0.5298596181064509,0.5778855363387317,0.005977469721981256,True,True
outliers,2,440.7892399995035,JOINT_HUBER,upper_arm_camera,29,1.990030568268969,2.0110380703595467,2.3167774301579662,0.10315994691965817,True,True
outliers,2,440.7892399995035,JOINT_HUBER,forearm_camera,29,1.821028690016313,1.8283059072370293,2.0695606050623803,0.07482588137098213,True,True
outliers,2,440.7892399995035,JOINT_HUBER,wrist_camera,29,0.37788186143622754,0.3873355200775081,0.46890928031990586,0.03536033885651709,True,True
outliers,2,440.7892399995035,JOINT_HUBER,FUSED_MEDIAN,29,0.2842022031985262,0.308858030440187,0.34099216022054046,0.03428667454817901,True,True
outliers,2,440.7892399995035,JOINT_HUBER,upper_arm_camera,30,0.5308541141553768,0.5449839426686285,0.6184114589231319,0.031900435627926195,True,True
outliers,2,440.7892399995035,JOINT_HUBER,forearm_camera,30,2.040226959051266,2.0793457208164936,2.517303552954029,0.08992138024410594,False,True
outliers,2,440.7892399995035,JOINT_HUBER,wrist_camera,30,0.6335239882740793,0.6424575043473448,0.7418813644709266,0.033150036668454064,True,True
outliers,2,440.7892399995035,JOINT_HUBER,FUSED_MEDIAN,30,0.4794402728649985,0.528824841497551,0.5965063448566964,0.043210772388523715,True,True
outliers,2,440.7892399995035,JOINT_HUBER,upper_arm_camera,31,2.4250156169112476,2.4585873533592078,3.0890850926720668,0.22238337145093848,False,True
outliers,2,440.7892399995035,JOINT_HUBER,forearm_camera,31,0.5611971553048186,0.5696253068044367,0.65026558610424,0.04784896645028543,True,True
outliers,2,440.7892399995035,JOINT_HUBER,wrist_camera,31,1.489851266795639,1.4987916577303517,1.7011812633352896,0.07002957560476589,True,True
outliers,2,440.7892399995035,JOINT_HUBER,FUSED_MEDIAN,31,1.2117170666201786,1.2228989456958166,1.4230272169143947,0.08302423435241349,True,True
outliers,2,440.7892399995035,JOINT_HUBER,upper_arm_camera,32,1.0604113685285979,1.0675439453029796,1.2508077786097862,0.07235535286662115,True,True
outliers,2,440.7892399995035,JOINT_HUBER,forearm_camera,32,0.4017143423084834,0.4232040670985658,0.5977122273940447,0.07013830738354745,True,True
outliers,2,440.7892399995035,JOINT_HUBER,wrist_camera,32,0.8596729286676655,0.865392706862778,1.0193599452292363,0.05666819948373324,True,True
outliers,2,440.7892399995035,JOINT_HUBER,FUSED_MEDIAN,32,0.4017143423084834,0.41756033492907,0.5952954770877502,0.022436484184063018,True,True
outliers,2,440.7892399995035,JOINT_HUBER,upper_arm_camera,33,0.6653330923351957,0.6888748736152981,0.899573223852982,0.07203986907817247,True,True
outliers,2,440.7892399995035,JOINT_HUBER,forearm_camera,33,1.2585116195569008,1.2662473723647807,1.4222761747656043,0.06041465915938629,True,True
outliers,2,440.7892399995035,JOINT_HUBER,wrist_camera,33,1.2262421297594013,1.2309388650088229,1.3460829996060406,0.006628894109314591,True,True
outliers,2,440.7892399995035,JOINT_HUBER,FUSED_MEDIAN,33,0.4207853913924746,0.4164930583557998,0.45800665112833205,0.006778418533291973,True,True
outliers,2,440.7892399995035,JOINT_HUBER,upper_arm_camera,34,2.4709153234239563,2.508242756535472,2.932084663825411,0.0897429931728375,False,True
outliers,2,440.7892399995035,JOINT_HUBER,forearm_camera,34,0.5672577892571972,0.574211085284579,0.612357878663558,0.052190121126242175,True,True
outliers,2,440.7892399995035,JOINT_HUBER,wrist_camera,34,1.8010985569945113,1.8335381947613367,2.205104885168138,0.15046692767010394,True,True
outliers,2,440.7892399995035,JOINT_HUBER,FUSED_MEDIAN,34,1.4577843962945691,1.4821431839369557,1.6760525259195644,0.03530152239859184,True,True
outliers,2,440.7892399995035,JOINT_HUBER,upper_arm_camera,35,0.47759015709296343,0.48846096526665944,0.5483160150855352,0.03732167665916735,True,True
outliers,2,440.7892399995035,JOINT_HUBER,forearm_camera,35,0.3449727925304815,0.4721840465284089,0.6645427051605978,0.12328724243901307,True,True
outliers,2,440.7892399995035,JOINT_HUBER,wrist_camera,35,0.2949041834982127,0.3152497737954007,0.4155567389075573,0.027069260876154383,True,True
outliers,2,440.7892399995035,JOINT_HUBER,FUSED_MEDIAN,35,0.23580698148336726,0.23950713890751257,0.2882365930297594,0.0350763042488077,True,True
time_offset,2,9.987941000872524,PARK_ZERO_OFFSET,upper_arm_camera,0,3.7164290704749616,3.7684449191293905,4.438808677314887,0.038553244591899946,False,True
time_offset,2,9.987941000872524,PARK_ZERO_OFFSET,forearm_camera,0,92.41939090371658,95.08166160281655,118.06948423338142,8.105605793512192,False,False
time_offset,2,9.987941000872524,PARK_ZERO_OFFSET,wrist_camera,0,175.33551316837406,178.10060301211368,211.86642165830406,14.592599686489857,False,False
time_offset,2,9.987941000872524,PARK_ZERO_OFFSET,FUSED_MEDIAN,0,8.880804784799336,12.740168703692431,19.697250939893074,3.73769454587525,False,False
time_offset,2,9.987941000872524,PARK_ZERO_OFFSET,upper_arm_camera,1,3.9353571574009947,4.006353790231032,4.831827430149706,0.10876402338698571,False,True
time_offset,2,9.987941000872524,PARK_ZERO_OFFSET,forearm_camera,1,110.91067904072088,113.64371887742644,139.76537658008067,8.060999236967731,False,False
time_offset,2,9.987941000872524,PARK_ZERO_OFFSET,wrist_camera,1,219.71547505364873,223.1309841874442,268.6203309500023,18.291503788590433,False,False
time_offset,2,9.987941000872524,PARK_ZERO_OFFSET,FUSED_MEDIAN,1,3.9353571574009947,4.006353790231032,4.831827430149706,4.976680264853176,False,False
time_offset,2,9.987941000872524,PARK_ZERO_OFFSET,upper_arm_camera,2,4.275839478858018,4.3375410594125094,5.229522812679709,0.3427770075901169,False,True
time_offset,2,9.987941000872524,PARK_ZERO_OFFSET,forearm_camera,2,121.52449664974587,124.31783494026612,151.58302692338953,7.927657852865844,False,False
time_offset,2,9.987941000872524,PARK_ZERO_OFFSET,wrist_camera,2,247.03132045552644,251.03097236298646,307.9089080160142,20.7156818810825,False,False
time_offset,2,9.987941000872524,PARK_ZERO_OFFSET,FUSED_MEDIAN,2,4.275839478858018,4.3375410594125094,5.229522812679709,5.832727220546331,False,False
time_offset,2,9.987941000872524,PARK_ZERO_OFFSET,upper_arm_camera,3,7.203146361033846,7.299503757409436,8.802327358294312,0.5551739133809089,False,False
time_offset,2,9.987941000872524,PARK_ZERO_OFFSET,forearm_camera,3,126.76277961404367,129.52317472995202,155.54033340510404,7.097832283921538,False,False
time_offset,2,9.987941000872524,PARK_ZERO_OFFSET,wrist_camera,3,258.1794530123069,262.8203698195566,327.2130003397932,21.7484976596998,False,False
time_offset,2,9.987941000872524,PARK_ZERO_OFFSET,FUSED_MEDIAN,3,7.203146361033846,7.299503757409436,8.802327358294312,6.295103504427292,False,False
time_offset,2,9.987941000872524,PARK_ZERO_OFFSET,upper_arm_camera,4,7.885150327577088,8.020686775848135,9.958162153430164,0.7257323278128555,False,False
time_offset,2,9.987941000872524,PARK_ZERO_OFFSET,forearm_camera,4,121.41853483205064,124.00554044262815,148.98079084146013,6.302314975728888,False,False
time_offset,2,9.987941000872524,PARK_ZERO_OFFSET,wrist_camera,4,251.54652631318314,256.70916852985573,322.55698035520084,20.89794322254873,False,False
time_offset,2,9.987941000872524,PARK_ZERO_OFFSET,FUSED_MEDIAN,4,7.885150327577088,8.020686775848135,9.958162153430164,5.981570996708724,False,False
time_offset,2,9.987941000872524,PARK_ZERO_OFFSET,upper_arm_camera,5,7.95767144429275,8.132934586938067,10.472049338782224,0.9177359350098284,False,False
time_offset,2,9.987941000872524,PARK_ZERO_OFFSET,forearm_camera,5,111.92113452605241,114.36471373421263,138.63808086160265,5.406473114335088,False,False
time_offset,2,9.987941000872524,PARK_ZERO_OFFSET,wrist_camera,5,231.6731223048768,237.11353743265894,299.3377195115333,18.909009564372962,False,False
time_offset,2,9.987941000872524,PARK_ZERO_OFFSET,FUSED_MEDIAN,5,7.95767144429275,8.132934586938067,10.472049338782224,5.319257522728299,False,False
time_offset,2,9.987941000872524,PARK_ZERO_OFFSET,upper_arm_camera,6,11.230903765045653,11.445514161304597,14.464649239241085,1.1590244957695086,False,False
time_offset,2,9.987941000872524,PARK_ZERO_OFFSET,forearm_camera,6,99.18404680691458,101.41798233901456,123.15595153754998,4.6434707868850795,False,False
time_offset,2,9.987941000872524,PARK_ZERO_OFFSET,wrist_camera,6,205.20320237300965,210.67813159275394,266.50007677965345,16.476293088201988,False,False
time_offset,2,9.987941000872524,PARK_ZERO_OFFSET,FUSED_MEDIAN,6,11.230903765045653,11.445514161304597,14.464649239241085,4.447970450967674,False,False
time_offset,2,9.987941000872524,PARK_ZERO_OFFSET,upper_arm_camera,7,8.428551562391764,8.694311363756063,11.551545925100415,1.2553089916753626,False,False
time_offset,2,9.987941000872524,PARK_ZERO_OFFSET,forearm_camera,7,85.81470506062185,87.84352817096234,105.55388268445948,4.175800514782206,False,False
time_offset,2,9.987941000872524,PARK_ZERO_OFFSET,wrist_camera,7,173.76437457470504,178.8703452792697,225.9991535751216,13.966632293716058,False,False
time_offset,2,9.987941000872524,PARK_ZERO_OFFSET,FUSED_MEDIAN,7,9.69517128594541,12.48531005074595,19.337109974153584,3.666789982974318,False,False
time_offset,2,9.987941000872524,PARK_ZERO_OFFSET,upper_arm_camera,8,7.07433555872088,7.417809077853375,9.542440896571714,1.4377610031884258,False,False
time_offset,2,9.987941000872524,PARK_ZERO_OFFSET,forearm_camera,8,77.49029792390591,79.35743502288224,94.48241903024855,4.494559422468512,False,False
time_offset,2,9.987941000872524,PARK_ZERO_OFFSET,wrist_camera,8,142.05678465081425,146.5059751845332,183.9071784161831,11.407059762367732,False,False
time_offset,2,9.987941000872524,PARK_ZERO_OFFSET,FUSED_MEDIAN,8,30.45812796475977,26.898391621786107,37.06231407689479,2.9160260774876834,False,False
time_offset,2,9.987941000872524,PARK_ZERO_OFFSET,upper_arm_camera,9,7.831633897415061,8.168717214254363,8.836921181357564,1.5703519831679706,False,False
time_offset,2,9.987941000872524,PARK_ZERO_OFFSET,forearm_camera,9,74.67542785237161,76.32664166130273,93.75350064004877,5.16349530888761,False,False
time_offset,2,9.987941000872524,PARK_ZERO_OFFSET,wrist_camera,9,112.81617330568069,116.46830500471162,144.38089693386829,9.038455012806244,False,False
time_offset,2,9.987941000872524,PARK_ZERO_OFFSET,FUSED_MEDIAN,9,16.763503072781788,20.78173854329876,37.04859719075408,2.3308639831116196,False,False
time_offset,2,9.987941000872524,PARK_ZERO_OFFSET,upper_arm_camera,10,8.21125788050478,8.566952012990004,10.515425012988503,1.711340753457932,False,False
time_offset,2,9.987941000872524,PARK_ZERO_OFFSET,forearm_camera,10,76.43089057576982,77.92380137692359,97.63618875227336,5.895742356175948,False,False
time_offset,2,9.987941000872524,PARK_ZERO_OFFSET,wrist_camera,10,89.59278190886327,92.3562887419637,112.09138998087792,6.612536947242055,False,False
time_offset,2,9.987941000872524,PARK_ZERO_OFFSET,FUSED_MEDIAN,10,8.21125788050478,9.90555998019528,13.291375217242702,1.7422885205779202,False,False
time_offset,2,9.987941000872524,PARK_ZERO_OFFSET,upper_arm_camera,11,14.194006381551722,14.455890908121264,18.1457945424465,1.8279440720185762,False,False
time_offset,2,9.987941000872524,PARK_ZERO_OFFSET,forearm_camera,11,84.95717320090719,86.43224139992812,108.6110540189486,6.758085969987523,False,False
time_offset,2,9.987941000872524,PARK_ZERO_OFFSET,wrist_camera,11,73.99798304871203,76.03657048146002,92.16664362462679,4.628293926967461,False,False
time_offset,2,9.987941000872524,PARK_ZERO_OFFSET,FUSED_MEDIAN,11,18.620461001088092,19.31335484528724,26.869878690192976,1.2894620814793893,False,False
time_offset,2,9.987941000872524,PARK_ZERO_OFFSET,upper_arm_camera,12,19.696961059330636,19.957597447515077,24.91166785240569,1.974257746197731,False,False
time_offset,2,9.987941000872524,PARK_ZERO_OFFSET,forearm_camera,12,92.39125353012949,93.88170537062608,117.64723879832715,7.534210074202613,False,False
time_offset,2,9.987941000872524,PARK_ZERO_OFFSET,wrist_camera,12,68.4543967461695,70.08714339874204,85.42783988242913,3.3112066315883437,False,False
time_offset,2,9.987941000872524,PARK_ZERO_OFFSET,FUSED_MEDIAN,12,28.643825207981557,26.580301120197493,32.9749676949798,1.0071153104486923,False,False
time_offset,2,9.987941000872524,PARK_ZERO_OFFSET,upper_arm_camera,13,28.80209427128975,29.100437181086264,35.57030240915577,2.2929681201420604,False,False
time_offset,2,9.987941000872524,PARK_ZERO_OFFSET,forearm_camera,13,94.01789171017322,95.52314081076706,119.12908073138402,7.792629443489595,False,False
time_offset,2,9.987941000872524,PARK_ZERO_OFFSET,wrist_camera,13,68.6966645931895,70.22714466008553,85.27691365877531,3.1586042306731517,False,False
time_offset,2,9.987941000872524,PARK_ZERO_OFFSET,FUSED_MEDIAN,13,28.599094035646463,29.799517583254314,38.362409431639385,0.8909240296586776,False,False
time_offset,2,9.987941000872524,PARK_ZERO_OFFSET,upper_arm_camera,14,33.53619583420591,33.87973835441749,41.05860873014692,2.46290507060097,False,False
time_offset,2,9.987941000872524,PARK_ZERO_OFFSET,forearm_camera,14,90.54165841620917,92.07278873220886,114.42161325211443,7.772048811336849,False,False
time_offset,2,9.987941000872524,PARK_ZERO_OFFSET,wrist_camera,14,75.81637272937587,77.43765143502304,93.23536176189393,3.696068164898694,False,False
time_offset,2,9.987941000872524,PARK_ZERO_OFFSET,FUSED_MEDIAN,14,23.419439530371598,25.74787456651204,37.73415417703661,0.9567726466075589,False,False
time_offset,2,9.987941000872524,PARK_ZERO_OFFSET,upper_arm_camera,15,39.66126233456319,40.06480902416485,47.950967637763355,2.7347254225050435,False,False
time_offset,2,9.987941000872524,PARK_ZERO_OFFSET,forearm_camera,15,83.30301492402404,84.8601320145103,105.57513279685689,7.532913823283383,False,False
time_offset,2,9.987941000872524,PARK_ZERO_OFFSET,wrist_camera,15,86.77983638059732,88.49185081982414,105.54502934899227,4.359882217451792,False,False
time_offset,2,9.987941000872524,PARK_ZERO_OFFSET,FUSED_MEDIAN,15,18.90669105969504,21.32726602592104,33.43511648777837,1.069349983272912,False,False
time_offset,2,9.987941000872524,PARK_ZERO_OFFSET,upper_arm_camera,16,44.14595681074832,44.61528803875948,52.818846622031955,2.9901564349232412,False,False
time_offset,2,9.987941000872524,PARK_ZERO_OFFSET,forearm_camera,16,69.21702378999527,70.80039053384999,88.51791405627223,6.921333660130348,False,False
time_offset,2,9.987941000872524,PARK_ZERO_OFFSET,wrist_camera,16,98.89082742700916,100.74076915544155,119.58466235189857,4.80238666495873,False,False
time_offset,2,9.987941000872524,PARK_ZERO_OFFSET,FUSED_MEDIAN,16,14.494817986248524,17.617186823778663,27.52648057752222,1.191869569933466,False,False
time_offset,2,9.987941000872524,PARK_ZERO_OFFSET,upper_arm_camera,17,47.550927759238824,48.08540211206705,56.21889126421748,3.2454653141904517,False,False
time_offset,2,9.987941000872524,PARK_ZERO_OFFSET,forearm_camera,17,53.719122208816565,55.33964920281459,69.31634789589874,6.129508962876343,False,False
time_offset,2,9.987941000872524,PARK_ZERO_OFFSET,wrist_camera,17,108.36743683045064,110.37328439163291,131.1062963221507,4.931279029343933,False,False
time_offset,2,9.987941000872524,PARK_ZERO_OFFSET,FUSED_MEDIAN,17,13.592752824250779,16.695501548037168,21.603598271635942,1.3052439300852041,False,False
time_offset,2,9.987941000872524,PARK_ZERO_OFFSET,upper_arm_camera,18,48.89549362124923,49.49760068709345,59.08512605432061,3.4843128602756432,False,False
time_offset,2,9.987941000872524,PARK_ZERO_OFFSET,forearm_camera,18,41.37100406510467,42.956172779672016,52.686828128224505,5.288056095263173,False,False
time_offset,2,9.987941000872524,PARK_ZERO_OFFSET,wrist_camera,18,114.8811793374995,116.93083232249603,138.14305596530383,5.014883416117446,False,False
time_offset,2,9.987941000872524,PARK_ZERO_OFFSET,FUSED_MEDIAN,18,18.241660356698887,16.383979358774443,19.329923688505122,1.688097325230826,False,False
time_offset,2,9.987941000872524,PARK_ZERO_OFFSET,upper_arm_camera,19,46.35224213064317,47.00202594132207,57.53745338475512,3.5436463319718743,False,False
time_offset,2,9.987941000872524,PARK_ZERO_OFFSET,forearm_camera,19,34.03395269148487,35.383072247938145,39.99443323442449,4.356088596839264,False,False
time_offset,2,9.987941000872524,PARK_ZERO_OFFSET,wrist_camera,19,114.60658952815393,116.7120919856888,137.71614227826677,4.857595299621683,False,False
time_offset,2,9.987941000872524,PARK_ZERO_OFFSET,FUSED_MEDIAN,19,14.534428985427928,17.25659554090268,20.2529854932351,1.9990840479338428,False,False
time_offset,2,9.987941000872524,PARK_ZERO_OFFSET,upper_arm_camera,20,41.65061552951845,42.384114290687265,53.66909090054077,3.6606265575052745,False,False
time_offset,2,9.987941000872524,PARK_ZERO_OFFSET,forearm_camera,20,32.740734562877186,33.71170742241725,35.823474166695064,3.553424935118689,False,False
time_offset,2,9.987941000872524,PARK_ZERO_OFFSET,wrist_camera,20,113.78728265241118,115.90249615448492,136.401676583673,4.546828675249757,False,False
time_offset,2,9.987941000872524,PARK_ZERO_OFFSET,FUSED_MEDIAN,20,20.31199671496972,22.146551540544966,28.7436240344799,2.318518878983771,False,False
time_offset,2,9.987941000872524,PARK_ZERO_OFFSET,upper_arm_camera,21,34.95108533910774,35.74796080103072,46.961620021183464,3.648503449680007,False,False
time_offset,2,9.987941000872524,PARK_ZERO_OFFSET,forearm_camera,21,34.4476890703592,35.153691668808925,38.86599322631646,3.035575739294891,False,False
time_offset,2,9.987941000872524,PARK_ZERO_OFFSET,wrist_camera,21,107.44834097934324,109.50389038692686,128.55431245447133,4.06477599472429,False,False
time_offset,2,9.987941000872524,PARK_ZERO_OFFSET,FUSED_MEDIAN,21,25.484711384383075,25.333019714391515,31.499304891337648,2.548137422125939,False,False
time_offset,2,9.987941000872524,PARK_ZERO_OFFSET,upper_arm_camera,22,24.51952811603613,25.50652220994419,35.988516213989485,3.645870371543472,False,False
time_offset,2,9.987941000872524,PARK_ZERO_OFFSET,forearm_camera,22,31.59400366265043,32.14813494478462,37.08567546648118,2.8687272319444532,False,False
time_offset,2,9.987941000872524,PARK_ZERO_OFFSET,wrist_camera,22,97.43673977153624,99.25551028376934,115.33245942916201,3.6844716434986022,False,False
time_offset,2,9.987941000872524,PARK_ZERO_OFFSET,FUSED_MEDIAN,22,23.499700026923534,21.382439961284902,26.810127453387942,2.87409778868057,False,False
time_offset,2,9.987941000872524,PARK_ZERO_OFFSET,upper_arm_camera,23,14.279757364810433,15.581004692115066,23.993241990538227,3.4169424693218304,False,False
time_offset,2,9.987941000872524,PARK_ZERO_OFFSET,forearm_camera,23,27.22257426553089,27.80915048667853,32.91589966594325,3.1141920795197158,False,False
time_offset,2,9.987941000872524,PARK_ZERO_OFFSET,wrist_camera,23,81.87736329420503,83.45950537932465,96.11914106625557,2.9475259831516003,False,False
time_offset,2,9.987941000872524,PARK_ZERO_OFFSET,FUSED_MEDIAN,23,14.279757364810433,14.6158149979976,20.597232727498714,2.9023150568654317,False,False
time_offset,2,9.987941000872524,PARK_ZERO_OFFSET,upper_arm_camera,24,7.914555739280937,9.832214025795453,15.564798474388926,3.357722068588325,False,False
time_offset,2,9.987941000872524,PARK_ZERO_OFFSET,forearm_camera,24,20.873409179684632,21.689993071137618,25.586638892268194,3.5198563141857213,False,False
time_offset,2,9.987941000872524,PARK_ZERO_OFFSET,wrist_camera,24,65.25918271431556,66.42027814792354,74.17223766401612,2.2846789330136827,False,False
time_offset,2,9.987941000872524,PARK_ZERO_OFFSET,FUSED_MEDIAN,24,7.914555739280937,9.496771235303891,14.075938740668033,2.928820995855138,False,False
time_offset,2,9.987941000872524,PARK_ZERO_OFFSET,upper_arm_camera,25,8.827534159366765,10.30565017136462,14.22376128524808,3.099411909929642,False,False
time_offset,2,9.987941000872524,PARK_ZERO_OFFSET,forearm_camera,25,19.399149323796003,20.45271275903809,24.670283059709178,4.260766002825252,False,False
time_offset,2,9.987941000872524,PARK_ZERO_OFFSET,wrist_camera,25,44.68152843098097,45.28788647033201,45.834442391458396,1.4160450677477614,False,False
time_offset,2,9.987941000872524,PARK_ZERO_OFFSET,FUSED_MEDIAN,25,8.888561411180582,12.187681989058488,21.17593099218199,2.8071330388290225,False,False
time_offset,2,9.987941000872524,PARK_ZERO_OFFSET,upper_arm_camera,26,14.84337829362707,15.72283733466576,21.910815319841262,3.0618500043768635,False,False
time_offset,2,9.987941000872524,PARK_ZERO_OFFSET,forearm_camera,26,23.119982758451215,24.108173644043045,31.332552766572444,4.660194078783533,False,False
time_offset,2,9.987941000872524,PARK_ZERO_OFFSET,wrist_camera,26,37.63510883303286,37.79725830067961,40.860902174288675,1.3880448759378314,False,False
time_offset,2,9.987941000872524,PARK_ZERO_OFFSET,FUSED_MEDIAN,26,13.77562791473826,14.977901865492125,20.309831486792472,2.6126962087528427,False,False
time_offset,2,9.987941000872524,PARK_ZERO_OFFSET,upper_arm_camera,27,20.120549809386915,20.741868264636114,27.58912956651647,2.7393631579362094,False,False
time_offset,2,9.987941000872524,PARK_ZERO_OFFSET,forearm_camera,27,35.173566602731825,36.07417647438144,46.57780404706886,5.278480221382802,False,False
time_offset,2,9.987941000872524,PARK_ZERO_OFFSET,wrist_camera,27,64.38921579696668,64.80375030320553,71.14781293313418,2.9908720364638337,False,False
time_offset,2,9.987941000872524,PARK_ZERO_OFFSET,FUSED_MEDIAN,27,18.23478600808292,18.835616536367688,25.14344197773348,2.289877555663556,False,False
time_offset,2,9.987941000872524,PARK_ZERO_OFFSET,upper_arm_camera,28,22.95217433554946,23.508497510793397,30.668082955144374,2.511184093213302,False,False
time_offset,2,9.987941000872524,PARK_ZERO_OFFSET,forearm_camera,28,44.76539828047281,45.711133047162235,57.988816379687975,5.685385241402,False,False
time_offset,2,9.987941000872524,PARK_ZERO_OFFSET,wrist_camera,28,109.99951856352395,110.96171360167729,128.00886594691266,5.541007008134906,False,False
time_offset,2,9.987941000872524,PARK_ZERO_OFFSET,FUSED_MEDIAN,28,20.690787315455715,21.386032340294072,28.291043394101198,2.088714499944418,False,False
time_offset,2,9.987941000872524,PARK_ZERO_OFFSET,upper_arm_camera,29,29.858358958613895,30.372130404490907,38.38075514566363,2.489595972146203,False,False
time_offset,2,9.987941000872524,PARK_ZERO_OFFSET,forearm_camera,29,56.05092990924088,57.12240048671944,71.45946590750154,6.2823117500975,False,False
time_offset,2,9.987941000872524,PARK_ZERO_OFFSET,wrist_camera,29,161.366517255631,162.86434206672635,189.95689605304221,8.701014502692809,False,False
time_offset,2,9.987941000872524,PARK_ZERO_OFFSET,FUSED_MEDIAN,29,27.29764882035294,28.118965550158908,36.27877269348359,2.282302172278345,False,False
time_offset,2,9.987941000872524,PARK_ZERO_OFFSET,upper_arm_camera,30,33.30067975472945,33.84922832881031,42.02083555516384,2.19880496046255,False,False
time_offset,2,9.987941000872524,PARK_ZERO_OFFSET,forearm_camera,30,58.97440757563753,60.26260557564523,75.38910415660861,6.500411875121906,False,False
time_offset,2,9.987941000872524,PARK_ZERO_OFFSET,wrist_camera,30,211.8435966371932,213.7979155176024,250.27591193589276,12.15997066430666,False,False
time_offset,2,9.987941000872524,PARK_ZERO_OFFSET,FUSED_MEDIAN,30,27.844185386212136,28.980649384152827,37.95521733912704,2.925451196184256,False,False
time_offset,2,9.987941000872524,PARK_ZERO_OFFSET,upper_arm_camera,31,32.44269975728825,33.0067460898417,40.766098515842636,1.8858798121687055,False,False
time_offset,2,9.987941000872524,PARK_ZERO_OFFSET,forearm_camera,31,60.82005214005474,62.44263649327703,78.12766469800903,6.807240955124463,False,False
time_offset,2,9.987941000872524,PARK_ZERO_OFFSET,wrist_camera,31,258.6440213051287,260.97712961748306,306.02701170329806,15.700375354234936,False,False
time_offset,2,9.987941000872524,PARK_ZERO_OFFSET,FUSED_MEDIAN,31,27.202888524080596,28.791685262944135,39.11551609250561,3.975999905376891,False,False
time_offset,2,9.987941000872524,PARK_ZERO_OFFSET,upper_arm_camera,32,39.44386889255272,40.094492209968195,48.88741982785698,1.835146730173731,False,False
time_offset,2,9.987941000872524,PARK_ZERO_OFFSET,forearm_camera,32,59.44427893855427,61.41418103362304,76.96235782878337,6.848372118689832,False,False
time_offset,2,9.987941000872524,PARK_ZERO_OFFSET,wrist_camera,32,293.9234410920625,296.50294970499493,348.80237875112846,18.800174775455755,False,False
time_offset,2,9.987941000872524,PARK_ZERO_OFFSET,FUSED_MEDIAN,32,33.174489152390734,35.212101155854235,47.18807562332124,4.867456002331864,False,False
time_offset,2,9.987941000872524,PARK_ZERO_OFFSET,upper_arm_camera,33,42.129360444052715,42.853922597778535,52.1742857589033,1.7298209726162783,False,False
time_offset,2,9.987941000872524,PARK_ZERO_OFFSET,forearm_camera,33,58.65738415931831,61.16520719720942,76.62002451604697,7.2796744118948284,False,False
time_offset,2,9.987941000872524,PARK_ZERO_OFFSET,wrist_camera,33,306.35435493237475,309.0026294604464,365.767134654408,20.73118665382757,False,False
time_offset,2,9.987941000872524,PARK_ZERO_OFFSET,FUSED_MEDIAN,33,43.227194624215954,44.413813070020204,53.59870301383208,5.452292723875507,False,False
time_offset,2,9.987941000872524,PARK_ZERO_OFFSET,upper_arm_camera,34,48.57511434596927,49.41590138468395,59.80446303643757,1.61235309364689,False,False
time_offset,2,9.987941000872524,PARK_ZERO_OFFSET,forearm_camera,34,57.88855689571657,60.82501010825139,75.33673140731902,7.216940154318163,False,False
time_offset,2,9.987941000872524,PARK_ZERO_OFFSET,wrist_camera,34,299.9315790339581,302.4787564962252,360.1674864177632,21.406646195495963,False,False
time_offset,2,9.987941000872524,PARK_ZERO_OFFSET,FUSED_MEDIAN,34,51.81907066473529,53.52701617149944,64.0727764221929,5.670962068896591,False,False
time_offset,2,9.987941000872524,PARK_ZERO_OFFSET,upper_arm_camera,35,50.29528897436788,51.183987859176405,61.85154750653716,1.5152661225036335,False,False
time_offset,2,9.987941000872524,PARK_ZERO_OFFSET,forearm_camera,35,58.93200873951843,62.29276037876695,74.85370855876045,7.438288722390343,False,False
time_offset,2,9.987941000872524,PARK_ZERO_OFFSET,wrist_camera,35,270.5693095813922,272.9332207273946,326.76890760139776,20.79965958824907,False,False
time_offset,2,9.987941000872524,PARK_ZERO_OFFSET,FUSED_MEDIAN,35,57.47262248050849,60.48966308267715,73.70717371074024,5.533666581370899,False,False
time_offset,2,2638.3926039998187,TIME_AWARE_PARK,upper_arm_camera,0,0.4694523488059406,0.4859363012889702,0.62281256788666,0.056767596490879604,True,True
time_offset,2,2638.3926039998187,TIME_AWARE_PARK,forearm_camera,0,9.101675940802382,9.351920230612645,11.45516649107645,0.7449865293183083,False,False
time_offset,2,2638.3926039998187,TIME_AWARE_PARK,wrist_camera,0,20.202418338903826,20.55036493153504,24.778410017215947,1.7577841909131755,False,False
time_offset,2,2638.3926039998187,TIME_AWARE_PARK,FUSED_MEDIAN,0,1.689711888027329,2.048623666635675,3.4085089828056847,0.4508188818520324,True,True
time_offset,2,2638.3926039998187,TIME_AWARE_PARK,upper_arm_camera,1,1.3174473308492671,1.35354830096952,1.6492709233244167,0.032678524335011325,True,True
time_offset,2,2638.3926039998187,TIME_AWARE_PARK,forearm_camera,1,11.699478984146017,11.934231755386707,14.266465878395943,0.606310398428207,False,False
time_offset,2,2638.3926039998187,TIME_AWARE_PARK,wrist_camera,1,26.29571671133789,26.701830998974046,31.940864111409,2.172908051774979,False,False
time_offset,2,2638.3926039998187,TIME_AWARE_PARK,FUSED_MEDIAN,1,3.4065509843043436,2.9491357360964257,3.8891782915882387,0.5846752479911396,False,True
time_offset,2,2638.3926039998187,TIME_AWARE_PARK,upper_arm_camera,2,2.1957445679217824,2.2340711743991952,2.7126463705366612,0.15541243211438088,False,True
time_offset,2,2638.3926039998187,TIME_AWARE_PARK,forearm_camera,2,11.594016113606692,11.85685677195335,14.385435225376533,0.7402711746386696,False,False
time_offset,2,2638.3926039998187,TIME_AWARE_PARK,wrist_camera,2,29.59586294874206,30.060949324937607,36.66826982711362,2.4869652406616076,False,False
time_offset,2,2638.3926039998187,TIME_AWARE_PARK,FUSED_MEDIAN,2,2.387502792553448,2.51070264816776,2.877918007043714,0.6613298101986188,False,True
time_offset,2,2638.3926039998187,TIME_AWARE_PARK,upper_arm_camera,3,1.7086968850209665,1.7268698849141675,2.0282877848990304,0.11426681251764868,True,True
time_offset,2,2638.3926039998187,TIME_AWARE_PARK,forearm_camera,3,12.982310073303916,13.265377058548221,15.970009819176681,0.48712949814618506,False,False
time_offset,2,2638.3926039998187,TIME_AWARE_PARK,wrist_camera,3,33.49422234988807,34.09657564023261,42.4327670613876,2.890218313915488,False,False
time_offset,2,2638.3926039998187,TIME_AWARE_PARK,FUSED_MEDIAN,3,1.7086968850209665,1.7268698849141675,2.0282877848990304,0.8855444710686288,True,True
time_offset,2,2638.3926039998187,TIME_AWARE_PARK,upper_arm_camera,4,1.105768300655139,1.129982464463605,1.319564552262724,0.11688233337308478,True,True
time_offset,2,2638.3926039998187,TIME_AWARE_PARK,forearm_camera,4,10.428726773310707,10.642358229996042,12.805317709455927,0.49863431976205114,False,False
time_offset,2,2638.3926039998187,TIME_AWARE_PARK,wrist_camera,4,33.570274807795094,34.24446356236787,42.96403882280995,2.7815291561418074,False,False
time_offset,2,2638.3926039998187,TIME_AWARE_PARK,FUSED_MEDIAN,4,1.105768300655139,1.129982464463605,1.319564552262724,0.8136366852095299,True,True
time_offset,2,2638.3926039998187,TIME_AWARE_PARK,upper_arm_camera,5,0.9436351542090755,0.9834309125259997,1.2539018844593097,0.18766278118449953,True,True
time_offset,2,2638.3926039998187,TIME_AWARE_PARK,forearm_camera,5,9.497704011348466,9.729948161951555,11.92621562206875,0.4828689587510203,False,False
time_offset,2,2638.3926039998187,TIME_AWARE_PARK,wrist_camera,5,30.309257855408315,30.982795555756713,38.97939073331406,2.473624726280154,False,False
time_offset,2,2638.3926039998187,TIME_AWARE_PARK,FUSED_MEDIAN,5,0.9436351542090755,0.9780349530546801,1.215324657453783,0.7246186900021101,True,True
time_offset,2,2638.3926039998187,TIME_AWARE_PARK,upper_arm_camera,6,2.804320054727201,2.8473317972027137,3.423950762612274,0.22138851465346412,False,True
time_offset,2,2638.3926039998187,TIME_AWARE_PARK,forearm_camera,6,8.699956574972866,8.914341819999478,10.874357612035011,0.4992840565486425,False,False
time_offset,2,2638.3926039998187,TIME_AWARE_PARK,wrist_camera,6,27.21011019803884,27.916164985109436,35.25555888633676,2.1650398213232136,False,False
time_offset,2,2638.3926039998187,TIME_AWARE_PARK,FUSED_MEDIAN,6,2.804320054727201,2.8473317972027137,3.423950762612274,0.6253165909055122,False,True
time_offset,2,2638.3926039998187,TIME_AWARE_PARK,upper_arm_camera,7,0.6505397208973533,0.702406152122751,1.010285026165513,0.15877226431745367,True,True
time_offset,2,2638.3926039998187,TIME_AWARE_PARK,forearm_camera,7,7.534704346339649,7.729766653580775,9.2324633572765,0.395412285254283,False,False
time_offset,2,2638.3926039998187,TIME_AWARE_PARK,wrist_camera,7,23.19237842596045,23.84253144881268,30.112012713187752,1.893451406351241,False,False
time_offset,2,2638.3926039998187,TIME_AWARE_PARK,FUSED_MEDIAN,7,1.6344099969435608,1.719364736339736,2.4622104437855117,0.5634133598200675,True,True
time_offset,2,2638.3926039998187,TIME_AWARE_PARK,upper_arm_camera,8,0.5792299739752444,0.659067109941507,0.8964928157351749,0.21653555220408058,True,True
time_offset,2,2638.3926039998187,TIME_AWARE_PARK,forearm_camera,8,7.9947200339598,8.19932257033239,9.90854909341464,0.5117079054721593,False,False
time_offset,2,2638.3926039998187,TIME_AWARE_PARK,wrist_camera,8,19.647219491144767,20.20846713904597,25.278036254485556,1.5519992323807903,False,False
time_offset,2,2638.3926039998187,TIME_AWARE_PARK,FUSED_MEDIAN,8,4.229488205120427,3.819997791987934,5.138334823164582,0.46216823099537724,False,True
time_offset,2,2638.3926039998187,TIME_AWARE_PARK,upper_arm_camera,9,1.6880580456623822,1.7207065054853188,1.7988846970192707,0.22752006331482091,True,True
time_offset,2,2638.3926039998187,TIME_AWARE_PARK,forearm_camera,9,7.647261823087425,7.788710751279144,9.582580365211806,0.5363863554524618,False,False
time_offset,2,2638.3926039998187,TIME_AWARE_PARK,wrist_camera,9,16.06018160923265,16.555422893777504,20.603175988955766,1.3275437616985488,False,False
time_offset,2,2638.3926039998187,TIME_AWARE_PARK,FUSED_MEDIAN,9,3.5042196159682417,3.8927476561275935,6.056017843598621,0.4317272533127584,False,True
time_offset,2,2638.3926039998187,TIME_AWARE_PARK,upper_arm_camera,10,1.473277173424876,1.5300155124425634,1.8536685663106802,0.2604594451960385,True,True
time_offset,2,2638.3926039998187,TIME_AWARE_PARK,forearm_camera,10,6.089235601233552,6.1773042931393585,7.616316171498877,0.4638839763418303,False,False
time_offset,2,2638.3926039998187,TIME_AWARE_PARK,wrist_camera,10,12.64526969732512,13.013769322113147,15.877876384528237,0.9239399423229877,False,False
time_offset,2,2638.3926039998187,TIME_AWARE_PARK,FUSED_MEDIAN,10,1.1527972725490643,1.6281259792051594,2.397035107457488,0.3207734810623447,True,True
time_offset,2,2638.3926039998187,TIME_AWARE_PARK,upper_arm_camera,11,2.25036561319623,2.2839956062564055,2.857424695305576,0.25803341423407916,False,True
time_offset,2,2638.3926039998187,TIME_AWARE_PARK,forearm_camera,11,8.079171948176066,8.203044065060192,10.08743448959019,0.5982873699018035,False,False
time_offset,2,2638.3926039998187,TIME_AWARE_PARK,wrist_camera,11,9.381105352299313,9.659578794468699,11.660180776257095,0.6783372502990156,False,False
time_offset,2,2638.3926039998187,TIME_AWARE_PARK,FUSED_MEDIAN,11,2.294137706978922,2.314592081530034,3.187460964195339,0.2522091995574912,False,True
time_offset,2,2638.3926039998187,TIME_AWARE_PARK,upper_arm_camera,12,2.427378278181417,2.462554189080848,3.1027431573454907,0.257153888309857,False,True
time_offset,2,2638.3926039998187,TIME_AWARE_PARK,forearm_camera,12,9.976632822648753,10.12190515168962,12.58833784999514,0.8107864979761588,False,False
time_offset,2,2638.3926039998187,TIME_AWARE_PARK,wrist_camera,12,9.121284174770986,9.347449801317723,11.386273858506819,0.45452202598231634,False,False
time_offset,2,2638.3926039998187,TIME_AWARE_PARK,FUSED_MEDIAN,12,3.5351358343191173,3.214889925706863,3.891879946548604,0.1307633317516651,False,True
time_offset,2,2638.3926039998187,TIME_AWARE_PARK,upper_arm_camera,13,5.762234401681491,5.81078263633096,6.943369764725741,0.3909364314969368,False,False
time_offset,2,2638.3926039998187,TIME_AWARE_PARK,forearm_camera,13,9.207689763260943,9.353736018833162,11.641907561651877,0.7738588073987019,False,False
time_offset,2,2638.3926039998187,TIME_AWARE_PARK,wrist_camera,13,8.542776972791563,8.73883384786626,10.649485186296193,0.3863673277801163,False,False
time_offset,2,2638.3926039998187,TIME_AWARE_PARK,FUSED_MEDIAN,13,3.91478339287392,4.092342902753232,5.118948190501672,0.041568791779168245,False,True
time_offset,2,2638.3926039998187,TIME_AWARE_PARK,upper_arm_camera,14,4.658635554119434,4.706101772518699,5.672057628695315,0.3405547937365021,False,True
time_offset,2,2638.3926039998187,TIME_AWARE_PARK,forearm_camera,14,8.202291840003241,8.356800539029294,10.308662868398741,0.7444853080600151,False,False
time_offset,2,2638.3926039998187,TIME_AWARE_PARK,wrist_camera,14,9.483925312021551,9.691875347245267,11.709215028867632,0.4062814788080975,False,False
time_offset,2,2638.3926039998187,TIME_AWARE_PARK,FUSED_MEDIAN,14,3.0520875354344765,3.258532136218107,4.509400179120254,0.022215657704770925,False,True
time_offset,2,2638.3926039998187,TIME_AWARE_PARK,upper_arm_camera,15,5.494843447788405,5.549209357001303,6.614798219503597,0.37201556391285,False,False
time_offset,2,2638.3926039998187,TIME_AWARE_PARK,forearm_camera,15,8.231939110577995,8.388810819270624,10.486588655020448,0.7537763102120435,False,False
time_offset,2,2638.3926039998187,TIME_AWARE_PARK,wrist_camera,15,10.765348955215307,10.943468293595181,12.872097325023127,0.5361594945471128,False,False
time_offset,2,2638.3926039998187,TIME_AWARE_PARK,FUSED_MEDIAN,15,2.709851330122829,2.9147162804850932,4.214335380414454,0.10289091579114884,False,True
time_offset,2,2638.3926039998187,TIME_AWARE_PARK,upper_arm_camera,16,5.748158385634535,5.810877820937031,6.8959697385796135,0.3892537759996642,False,False
time_offset,2,2638.3926039998187,TIME_AWARE_PARK,forearm_camera,16,5.649213466447145,5.80889160917878,7.389186599456712,0.6362209107063912,False,False
time_offset,2,2638.3926039998187,TIME_AWARE_PARK,wrist_camera,16,12.44334004533331,12.64283207760704,14.762982100698215,0.6256052965643771,False,False
time_offset,2,2638.3926039998187,TIME_AWARE_PARK,FUSED_MEDIAN,16,1.969523684610596,2.33696640257396,3.315490572083086,0.16477366149866926,True,True
time_offset,2,2638.3926039998187,TIME_AWARE_PARK,upper_arm_camera,17,6.484397283430073,6.554028535330414,7.650535366383789,0.4316238420352686,False,False
time_offset,2,2638.3926039998187,TIME_AWARE_PARK,forearm_camera,17,3.799166632440502,3.972083223470313,4.9394232544294505,0.5237074620066414,False,True
time_offset,2,2638.3926039998187,TIME_AWARE_PARK,wrist_camera,17,13.440703223879083,13.697455498822903,16.446599543423783,0.617494412978388,False,False
time_offset,2,2638.3926039998187,TIME_AWARE_PARK,FUSED_MEDIAN,17,1.6863164149376795,2.058342124895765,3.1522204141239043,0.17511623127576262,True,True
time_offset,2,2638.3926039998187,TIME_AWARE_PARK,upper_arm_camera,18,7.148060345042681,7.230255471007017,8.597778157600528,0.5004101087356837,False,False
time_offset,2,2638.3926039998187,TIME_AWARE_PARK,forearm_camera,18,3.7684823119007063,3.911299357372112,4.564527493101151,0.4726058969041916,False,True
time_offset,2,2638.3926039998187,TIME_AWARE_PARK,wrist_camera,18,14.674799143250688,14.901885978960086,17.385343559563157,0.6539700751667038,False,False
time_offset,2,2638.3926039998187,TIME_AWARE_PARK,FUSED_MEDIAN,18,2.0634855285551823,2.191688235011336,2.5796097859383016,0.25193989405866,False,True
time_offset,2,2638.3926039998187,TIME_AWARE_PARK,upper_arm_camera,19,6.278870325419389,6.355658294682973,7.690809987929029,0.44336412449373613,False,False
time_offset,2,2638.3926039998187,TIME_AWARE_PARK,forearm_camera,19,3.594416052855787,3.6920889069313962,3.984699741508768,0.3677838168408738,False,True
time_offset,2,2638.3926039998187,TIME_AWARE_PARK,wrist_camera,19,13.28993677903693,13.53883322754489,15.975422234385299,0.6340723687227935,False,False
time_offset,2,2638.3926039998187,TIME_AWARE_PARK,FUSED_MEDIAN,19,2.3560228153591725,2.4928470370609657,2.8032702609923796,0.277996922740134,False,True
time_offset,2,2638.3926039998187,TIME_AWARE_PARK,upper_arm_camera,20,5.688444088399477,5.79406343801422,7.356776999810147,0.5002105497744618,False,False
time_offset,2,2638.3926039998187,TIME_AWARE_PARK,forearm_camera,20,3.3780744666299434,3.450176539249893,3.7412468416404603,0.2988872214787221,False,True
time_offset,2,2638.3926039998187,TIME_AWARE_PARK,wrist_camera,20,14.925490121726977,15.192559979095218,17.9066350780854,0.5605760871190193,False,False
time_offset,2,2638.3926039998187,TIME_AWARE_PARK,FUSED_MEDIAN,20,2.9697090526444563,3.070185918102589,3.3368325933862626,0.3014579755972025,False,True
time_offset,2,2638.3926039998187,TIME_AWARE_PARK,upper_arm_camera,21,5.294532886148209,5.394894051421347,6.90429544210867,0.480689871202325,False,False
time_offset,2,2638.3926039998187,TIME_AWARE_PARK,forearm_camera,21,4.301078576905868,4.3909228824921716,4.515982323060155,0.2952020663591582,False,True
time_offset,2,2638.3926039998187,TIME_AWARE_PARK,wrist_camera,21,14.717061647587633,15.000853669960016,17.831393077695452,0.4575415899793998,False,False
time_offset,2,2638.3926039998187,TIME_AWARE_PARK,FUSED_MEDIAN,21,3.7105051803875293,3.7651190518818503,4.040086116182284,0.2793714868568009,False,True
time_offset,2,2638.3926039998187,TIME_AWARE_PARK,upper_arm_camera,22,2.783913048191982,2.9600363353377976,4.337562181465764,0.5218438991086912,False,True
time_offset,2,2638.3926039998187,TIME_AWARE_PARK,forearm_camera,22,2.8267846015372045,2.8671904653919587,3.3880652978754706,0.2618204080191083,False,True
time_offset,2,2638.3926039998187,TIME_AWARE_PARK,wrist_camera,22,13.841938379432621,14.05225466687112,16.19404724119302,0.5663524120212082,False,False
time_offset,2,2638.3926039998187,TIME_AWARE_PARK,FUSED_MEDIAN,22,2.71903575038345,2.601455101810127,3.2340554733921976,0.41696620669845086,False,True
time_offset,2,2638.3926039998187,TIME_AWARE_PARK,upper_arm_camera,23,1.6466326818752768,1.8176403632737272,2.316150837034381,0.3838302395337759,True,True
time_offset,2,2638.3926039998187,TIME_AWARE_PARK,forearm_camera,23,2.7560753883894153,2.792137435211617,3.310605397429331,0.27302198192426375,False,True
time_offset,2,2638.3926039998187,TIME_AWARE_PARK,wrist_camera,23,10.581448212733893,10.810888116904875,12.666779444667036,0.3832215229134378,False,False
time_offset,2,2638.3926039998187,TIME_AWARE_PARK,FUSED_MEDIAN,23,1.6466326818752768,1.825247553748105,2.316150837034381,0.3285560390849836,True,True
time_offset,2,2638.3926039998187,TIME_AWARE_PARK,upper_arm_camera,24,1.5026699085494652,1.711395452805527,2.429539385430396,0.4322734594193328,True,True
time_offset,2,2638.3926039998187,TIME_AWARE_PARK,forearm_camera,24,2.477384492594853,2.5663728957342475,3.1571376561452116,0.23318911480273166,False,True
time_offset,2,2638.3926039998187,TIME_AWARE_PARK,wrist_camera,24,9.241486995063827,9.417172254727966,10.673253921271685,0.3715244143860113,False,False
time_offset,2,2638.3926039998187,TIME_AWARE_PARK,FUSED_MEDIAN,24,1.5026699085494652,1.705978008283591,2.429539385430396,0.3391845215751934,True,True
time_offset,2,2638.3926039998187,TIME_AWARE_PARK,upper_arm_camera,25,2.4630707730697217,2.5595376487450348,3.1037183029904605,0.33048258422361343,False,True
time_offset,2,2638.3926039998187,TIME_AWARE_PARK,forearm_camera,25,2.2048430675605952,2.322666867378229,3.2881914710850793,0.4509236123325723,False,True
time_offset,2,2638.3926039998187,TIME_AWARE_PARK,wrist_camera,25,5.374565934633485,5.467880220492188,5.672179699187321,0.19710759876346134,False,False
time_offset,2,2638.3926039998187,TIME_AWARE_PARK,FUSED_MEDIAN,25,2.090213404727413,2.3483574144801707,3.612886990279516,0.2981099587622625,False,True
time_offset,2,2638.3926039998187,TIME_AWARE_PARK,upper_arm_camera,26,2.668956507490006,2.777361269939683,3.782303247138577,0.47579575295063625,False,True
time_offset,2,2638.3926039998187,TIME_AWARE_PARK,forearm_camera,26,1.043084269666602,1.1670634053690485,1.5628422524772825,0.35843520947197627,True,True
time_offset,2,2638.3926039998187,TIME_AWARE_PARK,wrist_camera,26,3.940420187645602,3.992767174264407,4.45242574714623,0.17372105598847645,False,True
time_offset,2,2638.3926039998187,TIME_AWARE_PARK,FUSED_MEDIAN,26,2.3365563330000825,2.2302794837436393,2.8892213064994934,0.3058830785258473,False,True
time_offset,2,2638.3926039998187,TIME_AWARE_PARK,upper_arm_camera,27,3.094484804092811,3.1699425871408797,4.085486238444594,0.3499675402923535,False,True
time_offset,2,2638.3926039998187,TIME_AWARE_PARK,forearm_camera,27,3.4264200651504324,3.5128426179774728,4.572658723524724,0.4884574156859326,False,True
time_offset,2,2638.3926039998187,TIME_AWARE_PARK,wrist_camera,27,7.051412112510979,7.08541158171312,7.537885244023107,0.30345220386062305,False,False
time_offset,2,2638.3926039998187,TIME_AWARE_PARK,FUSED_MEDIAN,27,2.5879874085229315,2.6642173233739483,3.5200223514409847,0.2447839120127713,False,True
time_offset,2,2638.3926039998187,TIME_AWARE_PARK,upper_arm_camera,28,2.056883651288002,2.164946818831114,2.9925754840481695,0.3258909456018677,False,True
time_offset,2,2638.3926039998187,TIME_AWARE_PARK,forearm_camera,28,4.489907888030756,4.591775570801943,5.779973062777979,0.48527838626246944,False,True
time_offset,2,2638.3926039998187,TIME_AWARE_PARK,wrist_camera,28,12.830033798005616,12.931279383754314,14.778500377102398,0.5970665494604751,False,False
time_offset,2,2638.3926039998187,TIME_AWARE_PARK,FUSED_MEDIAN,28,2.056883651288002,2.156884830942065,2.9925754840481695,0.22309712839142137,False,True
time_offset,2,2638.3926039998187,TIME_AWARE_PARK,upper_arm_camera,29,6.035818416330521,6.111335695912746,7.567826733144514,0.4880525559550384,False,False
time_offset,2,2638.3926039998187,TIME_AWARE_PARK,forearm_camera,29,8.12772650282222,8.241625231237574,10.10024549926655,0.731185671400359,False,False
time_offset,2,2638.3926039998187,TIME_AWARE_PARK,wrist_camera,29,18.517780667379967,18.68497089995054,21.695830458765943,0.9652033031995586,False,False
time_offset,2,2638.3926039998187,TIME_AWARE_PARK,FUSED_MEDIAN,29,5.997727847378632,6.09454795590383,7.559387242806738,0.27244654020824405,False,False
time_offset,2,2638.3926039998187,TIME_AWARE_PARK,upper_arm_camera,30,6.185127262725908,6.278618680079424,7.699495422594792,0.36036956764744343,False,False
time_offset,2,2638.3926039998187,TIME_AWARE_PARK,forearm_camera,30,5.921341315672863,6.057732394712015,7.65462212050116,0.6380226209454005,False,False
time_offset,2,2638.3926039998187,TIME_AWARE_PARK,wrist_camera,30,23.663717378265694,23.88031580952216,28.0093722285221,1.345507122912087,False,False
time_offset,2,2638.3926039998187,TIME_AWARE_PARK,FUSED_MEDIAN,30,4.632242604515726,4.756145065705898,6.019465146372747,0.31252183203716033,False,True
time_offset,2,2638.3926039998187,TIME_AWARE_PARK,upper_arm_camera,31,2.3751608378003235,2.457885138282256,3.095229767877449,0.23510430102382546,False,True
time_offset,2,2638.3926039998187,TIME_AWARE_PARK,forearm_camera,31,5.23939256690767,5.453672033208779,6.894509351133775,0.6853828739907011,False,False
time_offset,2,2638.3926039998187,TIME_AWARE_PARK,wrist_camera,31,31.52933443105782,31.810637992545523,37.215370952499114,1.8520065473516831,False,False
time_offset,2,2638.3926039998187,TIME_AWARE_PARK,FUSED_MEDIAN,31,1.754534744327285,2.0466836591396667,3.0063482639998704,0.5672441856389756,True,True
time_offset,2,2638.3926039998187,TIME_AWARE_PARK,upper_arm_camera,32,5.7836279166166715,5.878754139987547,7.145076038169469,0.26239002189239574,False,False
time_offset,2,2638.3926039998187,TIME_AWARE_PARK,forearm_camera,32,4.562534618695724,4.740928589115423,5.779020840324954,0.5173248190688596,False,True
time_offset,2,2638.3926039998187,TIME_AWARE_PARK,wrist_camera,32,39.25696460431203,39.59191821843111,46.300851630446864,2.388918995287774,False,False
time_offset,2,2638.3926039998187,TIME_AWARE_PARK,FUSED_MEDIAN,32,4.562534618695724,4.505003676460956,5.779020840324954,0.6960496789525258,False,True
time_offset,2,2638.3926039998187,TIME_AWARE_PARK,upper_arm_camera,33,4.916500867579323,5.016032236107679,6.251901982720755,0.27202511265954965,False,True
time_offset,2,2638.3926039998187,TIME_AWARE_PARK,forearm_camera,33,5.155434430700219,5.43233923878134,6.718615255130417,0.7705307682845252,False,False
time_offset,2,2638.3926039998187,TIME_AWARE_PARK,wrist_camera,33,39.287187460879444,39.63882619020003,46.842694816938796,2.626431691830127,False,False
time_offset,2,2638.3926039998187,TIME_AWARE_PARK,FUSED_MEDIAN,33,4.735297917643131,4.813805240223762,5.72213309415667,0.7411386144590197,False,True
time_offset,2,2638.3926039998187,TIME_AWARE_PARK,upper_arm_camera,34,7.769607071063199,7.906918551291758,9.582796250062449,0.26632675826117436,False,False
time_offset,2,2638.3926039998187,TIME_AWARE_PARK,forearm_camera,34,6.568030707893234,6.78511241429845,8.15881153259217,0.5902325413897178,False,False
time_offset,2,2638.3926039998187,TIME_AWARE_PARK,wrist_camera,34,39.12632181829232,39.456521587640076,46.837119834421195,2.7194964449237418,False,False
time_offset,2,2638.3926039998187,TIME_AWARE_PARK,FUSED_MEDIAN,34,8.112789391263897,8.156562092744204,9.759120019041568,0.7559044032760889,False,False
time_offset,2,2638.3926039998187,TIME_AWARE_PARK,upper_arm_camera,35,6.2688671002491985,6.376796592219066,7.762767326491923,0.27547559579894,False,False
time_offset,2,2638.3926039998187,TIME_AWARE_PARK,forearm_camera,35,6.538256706021625,6.8718476085627955,8.505557709436433,0.7716442894165951,False,False
time_offset,2,2638.3926039998187,TIME_AWARE_PARK,wrist_camera,35,35.65267940617641,35.9683420088367,43.05959049650735,2.6786982821956546,False,False
time_offset,2,2638.3926039998187,TIME_AWARE_PARK,FUSED_MEDIAN,35,6.7439780603231805,7.108808396594025,8.505557709436433,0.7915514981421907,False,False
gaussian,3,14.122978000159492,PARK,upper_arm_camera,0,0.862656339986468,0.8733841343855246,1.0474755113145287,0.05765155976282723,True,True
gaussian,3,14.122978000159492,PARK,forearm_camera,0,1.9845534325438943,1.9957549368097416,2.338716264121822,0.11598456859432908,True,True
gaussian,3,14.122978000159492,PARK,wrist_camera,0,0.6739524880345096,0.7038788377363567,0.9468704590092861,0.0982752259199867,True,True
gaussian,3,14.122978000159492,PARK,FUSED_MEDIAN,0,0.39677415610151523,0.4386388561910704,0.6967263521541902,0.0457694114124319,True,True
gaussian,3,14.122978000159492,PARK,upper_arm_camera,1,0.5120332714477157,0.5125832090027197,0.5388925834189511,0.0078964216101578,True,True
gaussian,3,14.122978000159492,PARK,forearm_camera,1,0.7184695667425981,0.7239619234956693,0.7857960225183417,0.02292398574100549,True,True
gaussian,3,14.122978000159492,PARK,wrist_camera,1,4.714633108770713,4.747529851864202,5.394817816887422,0.2329192645821004,False,True
gaussian,3,14.122978000159492,PARK,FUSED_MEDIAN,1,0.7882300647721431,0.7920981109683279,0.8582222368123955,0.07072999659625699,True,True
gaussian,3,14.122978000159492,PARK,upper_arm_camera,2,0.24400433530387228,0.24904754759289935,0.2957014418333994,0.021595197070486218,True,True
gaussian,3,14.122978000159492,PARK,forearm_camera,2,1.1161784841860865,1.1366280049694348,1.4339672368806664,0.13252115010131,True,True
gaussian,3,14.122978000159492,PARK,wrist_camera,2,3.1094267294174465,3.1450495715222955,3.6553203337074356,0.144802330464034,False,True
gaussian,3,14.122978000159492,PARK,FUSED_MEDIAN,2,0.2957395036829731,0.28981647060103394,0.3607630659663031,0.04529214535063979,True,True
gaussian,3,14.122978000159492,PARK,upper_arm_camera,3,0.5839640262009833,0.5865031296011834,0.6497598633170388,0.009609891248083265,True,True
gaussian,3,14.122978000159492,PARK,forearm_camera,3,1.7088956966449684,1.717608987701516,1.8933207176693359,0.05328299047336789,True,True
gaussian,3,14.122978000159492,PARK,wrist_camera,3,0.9596416003732994,0.9657401631626943,1.0687534912625605,0.058015769217697265,True,True
gaussian,3,14.122978000159492,PARK,FUSED_MEDIAN,3,0.8504272275380558,0.8588023153603758,1.030855788314398,0.02789161663371247,True,True
gaussian,3,14.122978000159492,PARK,upper_arm_camera,4,0.24356890325306216,0.24525491091912796,0.2563522818985525,0.013794687317138846,True,True
gaussian,3,14.122978000159492,PARK,forearm_camera,4,1.3520879593021595,1.3800899505242075,1.7965212764118295,0.14103761158984718,True,True
gaussian,3,14.122978000159492,PARK,wrist_camera,4,0.9895418670966909,0.9996569286665213,1.1426712816371578,0.02775661934563305,True,True
gaussian,3,14.122978000159492,PARK,FUSED_MEDIAN,4,0.5546397247310942,0.5426409541096953,0.6096898331735087,0.04937944257857733,True,True
gaussian,3,14.122978000159492,PARK,upper_arm_camera,5,2.1495668887856687,2.2378392572832975,2.9184833326014488,0.1891042705071842,False,True
gaussian,3,14.122978000159492,PARK,forearm_camera,5,1.1646809736007018,1.1829821057352923,1.4371240360688844,0.08421246592130022,True,True
gaussian,3,14.122978000159492,PARK,wrist_camera,5,2.512353953029729,2.5266428823374074,2.8066831293095578,0.05538051778305831,False,True
gaussian,3,14.122978000159492,PARK,FUSED_MEDIAN,5,1.192360802626059,1.2398911277106617,1.7108619802516751,0.09012238483332562,True,True
gaussian,3,14.122978000159492,PARK,upper_arm_camera,6,0.8975824512792667,0.9024622647632947,1.0060959611646574,0.044861364504621054,True,True
gaussian,3,14.122978000159492,PARK,forearm_camera,6,0.7671255731854311,0.7725629218295624,0.8263399209799225,0.04145665722470807,True,True
gaussian,3,14.122978000159492,PARK,wrist_camera,6,2.552317153590638,2.5683749884851355,2.963342862492349,0.14707637596350057,False,True
gaussian,3,14.122978000159492,PARK,FUSED_MEDIAN,6,0.7013120449656473,0.7064226123966648,0.7818670092566612,0.04287040182286901,True,True
gaussian,3,14.122978000159492,PARK,upper_arm_camera,7,1.1060244291766772,1.1094597374113289,1.1825747291921374,0.033500451980095734,True,True
gaussian,3,14.122978000159492,PARK,forearm_camera,7,0.9606250621891882,0.9773246434200753,1.1434032291751177,0.07313424479321043,True,True
gaussian,3,14.122978000159492,PARK,wrist_camera,7,0.6441608014265379,0.678964838585303,0.8189689398329194,0.030482169224496775,True,True
gaussian,3,14.122978000159492,PARK,FUSED_MEDIAN,7,0.5477534103513302,0.5867354644068133,0.7972096344790703,0.03144880356561045,True,True
gaussian,3,14.122978000159492,PARK,upper_arm_camera,8,1.1014830278334502,1.1061717318910713,1.2601040371847212,0.05284289281231441,True,True
gaussian,3,14.122978000159492,PARK,forearm_camera,8,1.5583563846132527,1.5710635935396258,1.8167705352988945,0.07904186465042662,True,True
gaussian,3,14.122978000159492,PARK,wrist_camera,8,1.8183245426661874,1.860972951561041,2.285748008671153,0.19327149581227926,True,True
gaussian,3,14.122978000159492,PARK,FUSED_MEDIAN,8,1.0140309009714745,1.011566637981495,1.161528165269114,0.05403303535480883,True,True
gaussian,3,14.122978000159492,PARK,upper_arm_camera,9,0.5059966814585384,0.5128620452362381,0.6069274253748496,0.023573046765203477,True,True
gaussian,3,14.122978000159492,PARK,forearm_camera,9,0.6978238138166107,0.7081548501309103,0.7839825702498253,0.06809033450570877,True,True
gaussian,3,14.122978000159492,PARK,wrist_camera,9,1.8032217570557159,1.811904262735743,2.0300062932960317,0.07464416589040124,True,True
gaussian,3,14.122978000159492,PARK,FUSED_MEDIAN,9,0.4800403599022744,0.439620390520533,0.5183559431541083,0.021451415826593552,True,True
gaussian,3,14.122978000159492,PARK,upper_arm_camera,10,1.045348270670598,1.0785149949268495,1.3670296899349847,0.1827903270000328,True,True
gaussian,3,14.122978000159492,PARK,forearm_camera,10,2.2734482813093484,2.3284959140166754,2.839244549454202,0.19224364124087567,False,True
gaussian,3,14.122978000159492,PARK,wrist_camera,10,1.0477118512603938,1.0803552188624785,1.2789000131183514,0.1375869736187115,True,True
gaussian,3,14.122978000159492,PARK,FUSED_MEDIAN,10,0.9859699174349918,0.9794425427196676,1.3589553754850885,0.07958749258900744,True,True
gaussian,3,14.122978000159492,PARK,upper_arm_camera,11,0.6576000591920453,0.667027470032227,0.7889934896026422,0.029395358732772565,True,True
gaussian,3,14.122978000159492,PARK,forearm_camera,11,0.5448618017794579,0.5566377708008348,0.7037209028174851,0.04385579081905628,True,True
gaussian,3,14.122978000159492,PARK,wrist_camera,11,0.5366733830325554,0.5771363686619274,0.7144372487057229,0.08172049832192706,True,True
gaussian,3,14.122978000159492,PARK,FUSED_MEDIAN,11,0.5634026063003476,0.5608189737291167,0.6352771977260121,0.01875767367569356,True,True
gaussian,3,14.122978000159492,PARK,upper_arm_camera,12,1.1228362103496505,1.1360175958955134,1.3803117835333973,0.0715825274351367,True,True
gaussian,3,14.122978000159492,PARK,forearm_camera,12,0.2369095246850439,0.2689950459957821,0.3377835403773448,0.08747729337001703,True,True
gaussian,3,14.122978000159492,PARK,wrist_camera,12,2.081280214852553,2.0951099038948406,2.4158678646441087,0.11518126434382378,False,True
gaussian,3,14.122978000159492,PARK,FUSED_MEDIAN,12,0.2369095246850439,0.2689950459957821,0.3377835403773448,0.02944295882902201,True,True
gaussian,3,14.122978000159492,PARK,upper_arm_camera,13,0.3809582298002603,0.3847562525761967,0.45084823787004985,0.02613743183415896,True,True
gaussian,3,14.122978000159492,PARK,forearm_camera,13,0.5883598957462222,0.6099482606691261,0.7182639369071394,0.08954435789318956,True,True
gaussian,3,14.122978000159492,PARK,wrist_camera,13,1.7810068881597827,1.8144684052028506,2.2477165343375685,0.118472078484163,True,True
gaussian,3,14.122978000159492,PARK,FUSED_MEDIAN,13,0.6069390850345814,0.6086117473232588,0.6412219310375278,0.04950833160143418,True,True
gaussian,3,14.122978000159492,PARK,upper_arm_camera,14,0.43622867154437817,0.4705445285030211,0.6594065682844934,0.06766616486757984,True,True
gaussian,3,14.122978000159492,PARK,forearm_camera,14,0.9675714310728377,0.9723321689358534,1.0859441760349466,0.04294344117050026,True,True
gaussian,3,14.122978000159492,PARK,wrist_camera,14,1.1796792782694465,1.2042404500812622,1.4558889633058514,0.09056157902457804,True,True
gaussian,3,14.122978000159492,PARK,FUSED_MEDIAN,14,0.43622867154437817,0.4191399020790703,0.5164248520958067,0.0443448901249942,True,True
gaussian,3,14.122978000159492,PARK,upper_arm_camera,15,1.100515491944298,1.1206127539285948,1.3680280586384916,0.08642846485594641,True,True
gaussian,3,14.122978000159492,PARK,forearm_camera,15,0.8865859485032312,0.8979310863016495,1.0946235534213582,0.07546196400245533,True,True
gaussian,3,14.122978000159492,PARK,wrist_camera,15,4.601622722549925,4.639172280557612,5.328201436546005,0.2143685628409334,False,True
gaussian,3,14.122978000159492,PARK,FUSED_MEDIAN,15,1.0335520143383792,1.051198855368633,1.2464982551748454,0.11955680427221366,True,True
gaussian,3,14.122978000159492,PARK,upper_arm_camera,16,0.6422254811167346,0.6549831772377722,0.7826007842161193,0.07546044130176541,True,True
gaussian,3,14.122978000159492,PARK,forearm_camera,16,0.8852922773002535,0.8888558045338465,0.9822922393660245,0.03179684863947608,True,True
gaussian,3,14.122978000159492,PARK,wrist_camera,16,3.2366749674425024,3.2490914329664573,3.611739292675556,0.09562817411138741,False,True
gaussian,3,14.122978000159492,PARK,FUSED_MEDIAN,16,0.8319383169318938,0.8325239827060963,0.9386510222465816,0.05102579663282753,True,True
gaussian,3,14.122978000159492,PARK,upper_arm_camera,17,3.1583493752316327,3.2140022867884563,3.8508125039226226,0.125773805879249,False,True
gaussian,3,14.122978000159492,PARK,forearm_camera,17,0.8645403090575001,0.8698805167670958,1.0263695334605556,0.05490166520239849,True,True
gaussian,3,14.122978000159492,PARK,wrist_camera,17,2.67341732267995,2.70712879028666,3.204248875718171,0.11780358632460226,False,True
gaussian,3,14.122978000159492,PARK,FUSED_MEDIAN,17,2.1984663835612204,2.2281277241630844,2.595638960322179,0.01980713578476354,False,True
gaussian,3,14.122978000159492,PARK,upper_arm_camera,18,1.6718830159273186,1.7441126441145245,2.2774215886869107,0.19003592238213887,True,True
gaussian,3,14.122978000159492,PARK,forearm_camera,18,0.8864790228729682,0.8894348381891614,0.9541127133379813,0.030234575439034246,True,True
gaussian,3,14.122978000159492,PARK,wrist_camera,18,0.2809004546459777,0.31497101643038095,0.44416864944900253,0.03543375669293819,True,True
gaussian,3,14.122978000159492,PARK,FUSED_MEDIAN,18,0.6463307494480584,0.6274806501466635,0.7662628232292266,0.07499070117395933,True,True
gaussian,3,14.122978000159492,PARK,upper_arm_camera,19,1.5031725505186915,1.5340934222688651,1.9292123916414707,0.1513235034321057,True,True
gaussian,3,14.122978000159492,PARK,forearm_camera,19,1.821454532603842,1.8339617074091958,2.0225044825780474,0.08481092838717913,True,True
gaussian,3,14.122978000159492,PARK,wrist_camera,19,0.32836427605156454,0.35669292135450564,0.47870826326214383,0.012520752015037603,True,True
gaussian,3,14.122978000159492,PARK,FUSED_MEDIAN,19,0.6924507324811195,0.6986237455326251,0.7621331868279939,0.05368151699107594,True,True
gaussian,3,14.122978000159492,PARK,upper_arm_camera,20,1.1600145486797264,1.174207937450617,1.4421209424220276,0.08691455317022247,True,True
gaussian,3,14.122978000159492,PARK,forearm_camera,20,0.8441296523017393,0.8478139320011664,0.9259687628673465,0.015542720743222396,True,True
gaussian,3,14.122978000159492,PARK,wrist_camera,20,0.8844568069427448,0.9314331093030518,1.2306558328064372,0.1700132579609721,True,True
gaussian,3,14.122978000159492,PARK,FUSED_MEDIAN,20,0.8127915199948235,0.8425241417721954,0.9560400341884114,0.036646821424582816,True,True
gaussian,3,14.122978000159492,PARK,upper_arm_camera,21,2.371453408953322,2.3923627942621675,2.701237478992136,0.07656173671471808,False,True
gaussian,3,14.122978000159492,PARK,forearm_camera,21,2.131028563181175,2.1438878812222524,2.3074265079806486,0.09747046722310673,False,True
gaussian,3,14.122978000159492,PARK,wrist_camera,21,2.5525762133373844,2.5699465139833597,2.9437481863814914,0.08032227349809765,False,True
gaussian,3,14.122978000159492,PARK,FUSED_MEDIAN,21,1.9945938700291552,2.008505664028194,2.1855672777405846,0.06932569131178319,True,True
gaussian,3,14.122978000159492,PARK,upper_arm_camera,22,0.8132911526794302,0.8215934500051,0.9250549321044516,0.03776037325489448,True,True
gaussian,3,14.122978000159492,PARK,forearm_camera,22,0.7520601247023717,0.7587998232425462,0.8986287063834096,0.05295610146232613,True,True
gaussian,3,14.122978000159492,PARK,wrist_camera,22,1.3852869830456078,1.403603800774121,1.5811744394172356,0.14393995884538363,True,True
gaussian,3,14.122978000159492,PARK,FUSED_MEDIAN,22,0.8132911526794302,0.8215934500051,0.9250549321044516,0.043726801938263817,True,True
gaussian,3,14.122978000159492,PARK,upper_arm_camera,23,0.9461072233615514,0.9577445366602017,1.1176601736880272,0.01611136574747972,True,True
gaussian,3,14.122978000159492,PARK,forearm_camera,23,0.3179847069546524,0.32473556857239544,0.38147452758023964,0.02381185130772433,True,True
gaussian,3,14.122978000159492,PARK,wrist_camera,23,0.9904863695280604,0.9957704411896304,1.0369869134931502,0.06403877744937454,True,True
gaussian,3,14.122978000159492,PARK,FUSED_MEDIAN,23,0.3179847069546524,0.32333342310209034,0.3593620036881463,0.012142618459793473,True,True
gaussian,3,14.122978000159492,PARK,upper_arm_camera,24,0.6774323660129443,0.6928350252708768,0.8742749787430282,0.06842594195007008,True,True
gaussian,3,14.122978000159492,PARK,forearm_camera,24,2.580452540650249,2.60260489308659,3.026435290097335,0.09228531049644378,False,True
gaussian,3,14.122978000159492,PARK,wrist_camera,24,3.1620982100448902,3.186766772347364,3.6440291674231533,0.15236971220386297,False,True
gaussian,3,14.122978000159492,PARK,FUSED_MEDIAN,24,1.5138897032382734,1.522908333007261,1.7985219608065786,0.05260267779947772,True,True
gaussian,3,14.122978000159492,PARK,upper_arm_camera,25,0.6995825916373123,0.701980377694489,0.7410645666613864,0.026956800866457402,True,True
gaussian,3,14.122978000159492,PARK,forearm_camera,25,0.48195521884033043,0.521454563699723,0.7866432792517677,0.11837574862473384,True,True
gaussian,3,14.122978000159492,PARK,wrist_camera,25,0.6410734443166082,0.6595728521027283,0.8285951562287479,0.06019094602687806,True,True
gaussian,3,14.122978000159492,PARK,FUSED_MEDIAN,25,0.46360294057062934,0.4462058560422802,0.5525124787833628,0.060467384388980756,True,True
gaussian,3,14.122978000159492,PARK,upper_arm_camera,26,0.7864836812653323,0.7899058768918532,0.8441403588753266,0.039122603807970426,True,True
gaussian,3,14.122978000159492,PARK,forearm_camera,26,0.5281997457806265,0.542015462136291,0.6743740947306386,0.04424409138538624,True,True
gaussian,3,14.122978000159492,PARK,wrist_camera,26,0.6733977674168393,0.6795129291756025,0.8016012050254383,0.052073556932218025,True,True
gaussian,3,14.122978000159492,PARK,FUSED_MEDIAN,26,0.6733977674168393,0.6700205221280466,0.7691833010184744,0.04155294704940951,True,True
gaussian,3,14.122978000159492,PARK,upper_arm_camera,27,0.4521185463786989,0.4588719853667275,0.5069391024328928,0.05502279791092367,True,True
gaussian,3,14.122978000159492,PARK,forearm_camera,27,1.1458896687479134,1.1592333682524742,1.3412955979996133,0.032715642215914845,True,True
gaussian,3,14.122978000159492,PARK,wrist_camera,27,3.0331658726249056,3.0485374053065266,3.389236901187458,0.14375244677813312,False,True
gaussian,3,14.122978000159492,PARK,FUSED_MEDIAN,27,0.8480647338577018,0.8571155168158554,0.9886913871828722,0.06402323757074825,True,True
gaussian,3,14.122978000159492,PARK,upper_arm_camera,28,0.6451774760319643,0.6476608709138413,0.7121637506579132,0.0115794874883624,True,True
gaussian,3,14.122978000159492,PARK,forearm_camera,28,1.6143236831396974,1.6267429184892472,1.874981301107937,0.06663677803845587,True,True
gaussian,3,14.122978000159492,PARK,wrist_camera,28,1.4559392286764752,1.4672219415050678,1.6463686046466488,0.06694381762167624,True,True
gaussian,3,14.122978000159492,PARK,FUSED_MEDIAN,28,1.2383477295149707,1.2524832021257413,1.4212168424769736,0.028838800839694163,True,True
gaussian,3,14.122978000159492,PARK,upper_arm_camera,29,0.6142209482780525,0.6194957712787805,0.6931397589233305,0.05380944905950606,True,True
gaussian,3,14.122978000159492,PARK,forearm_camera,29,1.6258926784004157,1.6493394080016117,1.9530532215811307,0.11271909101947741,True,True
gaussian,3,14.122978000159492,PARK,wrist_camera,29,0.912722804691143,0.9304042987696134,1.0789378459134877,0.07811245013710204,True,True
gaussian,3,14.122978000159492,PARK,FUSED_MEDIAN,29,0.7747477908933215,0.8108944177113611,0.9059004512781941,0.06261387114338038,True,True
gaussian,3,14.122978000159492,PARK,upper_arm_camera,30,0.8283843019496903,0.8295082565475795,0.8736262724788466,0.007281958808983696,True,True
gaussian,3,14.122978000159492,PARK,forearm_camera,30,1.4994844030762757,1.5260889637097093,1.7355731780971277,0.15537681984748777,True,True
gaussian,3,14.122978000159492,PARK,wrist_camera,30,0.8651544717383672,0.8696648873692729,0.9996698924006799,0.04766757774161087,True,True
gaussian,3,14.122978000159492,PARK,FUSED_MEDIAN,30,0.575543807594375,0.6368714818085583,0.8559475287489472,0.06483563827855289,True,True
gaussian,3,14.122978000159492,PARK,upper_arm_camera,31,1.2663205437447045,1.2814269530542135,1.5011132209095621,0.036901988376876554,True,True
gaussian,3,14.122978000159492,PARK,forearm_camera,31,1.9821652302883264,2.0035157691709746,2.303760009646201,0.10686414218064674,True,True
gaussian,3,14.122978000159492,PARK,wrist_camera,31,1.4801623836060536,1.5220843564044204,1.912016373358996,0.024846693101173795,True,True
gaussian,3,14.122978000159492,PARK,FUSED_MEDIAN,31,1.3781654548446456,1.3773303755606843,1.638309971319826,0.05605904943842346,True,True
gaussian,3,14.122978000159492,PARK,upper_arm_camera,32,0.6237817245868512,0.6355884877066532,0.6701731576155682,0.07345281089718773,True,True
gaussian,3,14.122978000159492,PARK,forearm_camera,32,0.30212964401810627,0.30508433593459655,0.3638089131175287,0.01751053043873837,True,True
gaussian,3,14.122978000159492,PARK,wrist_camera,32,1.7219638753862265,1.7348152250174333,1.9450862413394867,0.034530168490895755,True,True
gaussian,3,14.122978000159492,PARK,FUSED_MEDIAN,32,0.39173707072648317,0.40876416172535884,0.4953264320709353,0.029253027851993067,True,True
gaussian,3,14.122978000159492,PARK,upper_arm_camera,33,2.7415502537859684,2.76633088759025,3.2011670985434275,0.17009743215038303,False,True
gaussian,3,14.122978000159492,PARK,forearm_camera,33,0.6644193983133452,0.6701643681049666,0.7356509205715596,0.03314291968058566,True,True
gaussian,3,14.122978000159492,PARK,wrist_camera,33,0.5200770268107381,0.5290383303128336,0.6439734421262852,0.032289646089910404,True,True
gaussian,3,14.122978000159492,PARK,FUSED_MEDIAN,33,0.28194929183891987,0.3068689741472471,0.3304816233173496,0.07007651806137175,True,True
gaussian,3,14.122978000159492,PARK,upper_arm_camera,34,1.2784116970390142,1.288116269221647,1.4734883579613007,0.04716170259449549,True,True
gaussian,3,14.122978000159492,PARK,forearm_camera,34,0.24010644744179988,0.25777352266517206,0.3262644147991585,0.046996443082635925,True,True
gaussian,3,14.122978000159492,PARK,wrist_camera,34,0.7026040820732081,0.7329085779387694,0.9206655973306571,0.057475447842024824,True,True
gaussian,3,14.122978000159492,PARK,FUSED_MEDIAN,34,0.2973399313512218,0.3240171010856573,0.4162176265860899,0.022596347059566944,True,True
gaussian,3,14.122978000159492,PARK,upper_arm_camera,35,2.0662860635715106,2.088531272172864,2.370497094939426,0.10309304807881035,False,True
gaussian,3,14.122978000159492,PARK,forearm_camera,35,1.0569337725080254,1.061373370854688,1.1833725266761543,0.04424129853950777,True,True
gaussian,3,14.122978000159492,PARK,wrist_camera,35,0.9818730079660856,0.9893042290815056,1.145686559379361,0.05690977599989578,True,True
gaussian,3,14.122978000159492,PARK,FUSED_MEDIAN,35,1.113117193332919,1.1078701635246393,1.3015164630360077,0.03826246551436219,True,True
gaussian,3,385.08549299876904,JOINT_HUBER,upper_arm_camera,0,1.0355533015624288,1.057943115126238,1.274201018557495,0.04306583810487377,True,True
gaussian,3,385.08549299876904,JOINT_HUBER,forearm_camera,0,1.6202472593994224,1.6319934023300615,1.9374916699223717,0.10207735470571991,True,True
gaussian,3,385.08549299876904,JOINT_HUBER,wrist_camera,0,0.7818877682154054,0.8117506077110765,0.9547288678089632,0.10509575279640825,True,True
gaussian,3,385.08549299876904,JOINT_HUBER,FUSED_MEDIAN,0,0.4437591474692495,0.48975905105687323,0.606537401026393,0.06823637446173715,True,True
gaussian,3,385.08549299876904,JOINT_HUBER,upper_arm_camera,1,1.148534661028159,1.157822572907848,1.3072824107322127,0.03609605337826676,True,True
gaussian,3,385.08549299876904,JOINT_HUBER,forearm_camera,1,0.9765695515579184,0.9892074012429567,1.1468959724970935,0.02915987670797363,True,True
gaussian,3,385.08549299876904,JOINT_HUBER,wrist_camera,1,4.404479858162092,4.431644268025959,5.014058696532266,0.20518088615199562,False,True
gaussian,3,385.08549299876904,JOINT_HUBER,FUSED_MEDIAN,1,1.1680601622188742,1.1781292926319467,1.32871511961125,0.0570841051204408,True,True
gaussian,3,385.08549299876904,JOINT_HUBER,upper_arm_camera,2,0.9557252197631685,0.9664219028262732,1.0984856764992332,0.05209357031916555,True,True
gaussian,3,385.08549299876904,JOINT_HUBER,forearm_camera,2,1.070228424305036,1.09532587007375,1.4021098297822456,0.11859113086004579,True,True
gaussian,3,385.08549299876904,JOINT_HUBER,wrist_camera,2,3.057500248497282,3.0934257549945983,3.600351514690449,0.1179064792630525,False,True
gaussian,3,385.08549299876904,JOINT_HUBER,FUSED_MEDIAN,2,0.5417936179811257,0.5282809224947242,0.698002211809728,0.06234569686502214,True,True
gaussian,3,385.08549299876904,JOINT_HUBER,upper_arm_camera,3,0.7730943261873856,0.7835708897858473,0.8787125880110173,0.060846024637708,True,True
gaussian,3,385.08549299876904,JOINT_HUBER,forearm_camera,3,2.029953284601693,2.042477396301893,2.3026814985777566,0.08459782583235392,False,True
gaussian,3,385.08549299876904,JOINT_HUBER,wrist_camera,3,1.0958930289082947,1.0973985270868234,1.1313803263059734,0.027304012480971467,True,True
gaussian,3,385.08549299876904,JOINT_HUBER,FUSED_MEDIAN,3,1.0360989089293509,1.0389620444381216,1.0731876100471196,0.05004346458347075,True,True
gaussian,3,385.08549299876904,JOINT_HUBER,upper_arm_camera,4,0.704531915913165,0.7195987831328866,0.8637602386609082,0.03940430843048682,True,True
gaussian,3,385.08549299876904,JOINT_HUBER,forearm_camera,4,1.59293385965734,1.6207097205443182,2.094145515729939,0.16597684042980382,True,True
gaussian,3,385.08549299876904,JOINT_HUBER,wrist_camera,4,0.9383709028786055,0.9431662151352046,1.0415523310399595,0.021870052577345703,True,True
gaussian,3,385.08549299876904,JOINT_HUBER,FUSED_MEDIAN,4,0.8656443872892202,0.8723218077873885,1.0103501342308485,0.06081652349366238,True,True
gaussian,3,385.08549299876904,JOINT_HUBER,upper_arm_camera,5,1.6412773350830197,1.7351602990407393,2.4468968665428195,0.23824072048218195,True,True
gaussian,3,385.08549299876904,JOINT_HUBER,forearm_camera,5,1.4134491840411736,1.4349271035862952,1.6928757699993289,0.0797775663936119,True,True
gaussian,3,385.08549299876904,JOINT_HUBER,wrist_camera,5,2.35782296979404,2.370453735803955,2.6462946819795232,0.06728764247726128,False,True
gaussian,3,385.08549299876904,JOINT_HUBER,FUSED_MEDIAN,5,1.5665656273959605,1.6138384674180521,2.2308905123604528,0.11108660600461213,True,True
gaussian,3,385.08549299876904,JOINT_HUBER,upper_arm_camera,6,1.2278538522632048,1.2417288810287261,1.4656309864926977,0.06033106678873926,True,True
gaussian,3,385.08549299876904,JOINT_HUBER,forearm_camera,6,0.8938923739746747,0.8996992870818264,1.0150741745561962,0.04571700560609592,True,True
gaussian,3,385.08549299876904,JOINT_HUBER,wrist_camera,6,2.394704607131386,2.4064374713443275,2.7122581080132377,0.11576891790606862,False,True
gaussian,3,385.08549299876904,JOINT_HUBER,FUSED_MEDIAN,6,0.7660394816055985,0.7728500662372428,0.8944905565803496,0.043350835587478216,True,True
gaussian,3,385.08549299876904,JOINT_HUBER,upper_arm_camera,7,1.0696222165147247,1.0796593382507806,1.1414363215078518,0.09158426668372381,True,True
gaussian,3,385.08549299876904,JOINT_HUBER,forearm_camera,7,0.8518029834366116,0.8618711811846126,0.9675722420875023,0.06088903416244135,True,True
gaussian,3,385.08549299876904,JOINT_HUBER,wrist_camera,7,0.43549550755899014,0.5110206776438013,0.7134154887387205,0.0454477472281257,True,True
gaussian,3,385.08549299876904,JOINT_HUBER,FUSED_MEDIAN,7,0.45521618982650724,0.5360938470437862,0.7134154887387205,0.05482464962456379,True,True
gaussian,3,385.08549299876904,JOINT_HUBER,upper_arm_camera,8,0.5564082407016582,0.5644835635412364,0.6616653741909999,0.011523677663003001,True,True
gaussian,3,385.08549299876904,JOINT_HUBER,forearm_camera,8,1.9387019460797414,1.9554726322040357,2.2821892131352266,0.08579721449767128,True,True
gaussian,3,385.08549299876904,JOINT_HUBER,wrist_camera,8,1.644191418812192,1.6850387085275125,2.1077079762825734,0.17428430284627555,True,True
gaussian,3,385.08549299876904,JOINT_HUBER,FUSED_MEDIAN,8,1.1677340513494316,1.1629414809518175,1.3772294895678068,0.07525169784527057,True,True
gaussian,3,385.08549299876904,JOINT_HUBER,upper_arm_camera,9,1.4503166274530848,1.4558234292505814,1.6202220749104315,0.04732058376746205,True,True
gaussian,3,385.08549299876904,JOINT_HUBER,forearm_camera,9,0.47740516431196356,0.4839259130990735,0.5883585935885505,0.054655840603441024,True,True
gaussian,3,385.08549299876904,JOINT_HUBER,wrist_camera,9,2.4568698139791145,2.469908521249045,2.774822426379613,0.08927420306795723,False,True
gaussian,3,385.08549299876904,JOINT_HUBER,FUSED_MEDIAN,9,0.47740516431196356,0.4839259130990735,0.5883585935885505,0.01899047267621933,True,True
gaussian,3,385.08549299876904,JOINT_HUBER,upper_arm_camera,10,1.5557217172963251,1.5975785538171021,2.071243102984138,0.22619151162050088,True,True
gaussian,3,385.08549299876904,JOINT_HUBER,forearm_camera,10,2.001312769157751,2.05421250874942,2.5310893938141295,0.1659512258008636,False,True
gaussian,3,385.08549299876904,JOINT_HUBER,wrist_camera,10,1.2017066721757632,1.2350540394515046,1.4979630514047064,0.11146064326356046,True,True
gaussian,3,385.08549299876904,JOINT_HUBER,FUSED_MEDIAN,10,1.2421655433516703,1.2928584901468103,1.8039205881847977,0.09508637556423125,True,True
gaussian,3,385.08549299876904,JOINT_HUBER,upper_arm_camera,11,0.5385290768822509,0.5444316084733374,0.637184484525444,0.035607839417420614,True,True
gaussian,3,385.08549299876904,JOINT_HUBER,forearm_camera,11,0.6152010815675314,0.6259806808430998,0.7531996803451823,0.048270690926217254,True,True
gaussian,3,385.08549299876904,JOINT_HUBER,wrist_camera,11,0.8075330874800459,0.8419746076479169,1.0728730473084962,0.05332558901757042,True,True
gaussian,3,385.08549299876904,JOINT_HUBER,FUSED_MEDIAN,11,0.5385290768822509,0.5406982443459986,0.637184484525444,0.03906864655754262,True,True
gaussian,3,385.08549299876904,JOINT_HUBER,upper_arm_camera,12,0.2282929576358444,0.24985699183994972,0.31880021759602867,0.06932135617278076,True,True
gaussian,3,385.08549299876904,JOINT_HUBER,forearm_camera,12,0.39561397908991236,0.42139705406860084,0.6060017747508673,0.07667506452867714,True,True
gaussian,3,385.08549299876904,JOINT_HUBER,wrist_camera,12,2.232876575449473,2.2448079243644092,2.537459207210245,0.10397667848367745,False,True
gaussian,3,385.08549299876904,JOINT_HUBER,FUSED_MEDIAN,12,0.4140532555104421,0.4378456595330008,0.6060017747508673,0.04013824743118211,True,True
gaussian,3,385.08549299876904,JOINT_HUBER,upper_arm_camera,13,0.3697947555741045,0.39014954336489066,0.5212076089938172,0.026442336815310837,True,True
gaussian,3,385.08549299876904,JOINT_HUBER,forearm_camera,13,0.8739284986312831,0.8851117911440789,0.9086418117606143,0.08690620067078472,True,True
gaussian,3,385.08549299876904,JOINT_HUBER,wrist_camera,13,1.7349146881972664,1.7724360318476757,2.256017647937282,0.1457491036925004,True,True
gaussian,3,385.08549299876904,JOINT_HUBER,FUSED_MEDIAN,13,0.8739284986312831,0.8545307068596137,0.9086418117606143,0.058752837864652525,True,True
gaussian,3,385.08549299876904,JOINT_HUBER,upper_arm_camera,14,0.8048025374380431,0.851866979528232,1.1197551866820117,0.07486805878210394,True,True
gaussian,3,385.08549299876904,JOINT_HUBER,forearm_camera,14,0.9060488212531792,0.9115035974366937,1.043158348421321,0.04974890933367454,True,True
gaussian,3,385.08549299876904,JOINT_HUBER,wrist_camera,14,0.9298926036789775,0.9536489942812117,1.1126069584336384,0.1009521080961791,True,True
gaussian,3,385.08549299876904,JOINT_HUBER,FUSED_MEDIAN,14,0.6224552914028537,0.6633733810257781,0.8873546647126046,0.06882959721318063,True,True
gaussian,3,385.08549299876904,JOINT_HUBER,upper_arm_camera,15,0.5457706549250272,0.5499518070344529,0.6226280688527416,0.03271378421486912,True,True
gaussian,3,385.08549299876904,JOINT_HUBER,forearm_camera,15,0.886239680644504,0.8916666947499969,1.0049460810678132,0.0507883214469625,True,True
gaussian,3,385.08549299876904,JOINT_HUBER,wrist_camera,15,4.259588776555768,4.294991072998144,4.942501819723047,0.2086214529875242,False,True
gaussian,3,385.08549299876904,JOINT_HUBER,FUSED_MEDIAN,15,0.886239680644504,0.8916666947499969,1.0049460810678132,0.09689442963165776,True,True
gaussian,3,385.08549299876904,JOINT_HUBER,upper_arm_camera,16,1.249486913566019,1.2729653655967543,1.5474658699435124,0.10177053075002981,True,True
gaussian,3,385.08549299876904,JOINT_HUBER,forearm_camera,16,0.703573680618468,0.7082149657317299,0.800046253805124,0.013771494577846,True,True
gaussian,3,385.08549299876904,JOINT_HUBER,wrist_camera,16,2.9926617153091613,3.0079997046592943,3.374148242232475,0.0737755794698827,False,True
gaussian,3,385.08549299876904,JOINT_HUBER,FUSED_MEDIAN,16,0.7829634016355712,0.8009939372314357,1.0034648170446887,0.05985261477916316,True,True
gaussian,3,385.08549299876904,JOINT_HUBER,upper_arm_camera,17,3.908615626339749,3.974860244907271,4.694514188454554,0.1613386220473639,False,True
gaussian,3,385.08549299876904,JOINT_HUBER,forearm_camera,17,0.43850507891880874,0.442235923389961,0.4996521100737641,0.03673781956571279,True,True
gaussian,3,385.08549299876904,JOINT_HUBER,wrist_camera,17,2.4576495741782534,2.486144297550432,2.9020230055583953,0.11899516741639052,False,True
gaussian,3,385.08549299876904,JOINT_HUBER,FUSED_MEDIAN,17,1.8651263816869963,1.917699341698539,2.2918883160698234,0.03760010222898702,True,True
gaussian,3,385.08549299876904,JOINT_HUBER,upper_arm_camera,18,2.22743416555546,2.3016462067389587,2.9039889161732493,0.17148859187775395,False,True
gaussian,3,385.08549299876904,JOINT_HUBER,forearm_camera,18,0.8963546209528612,0.8992239861355322,0.962465445376428,0.03169051642387191,True,True
gaussian,3,385.08549299876904,JOINT_HUBER,wrist_camera,18,0.38196165541937255,0.4055856376984888,0.4637568409121268,0.010493932161581938,True,True
gaussian,3,385.08549299876904,JOINT_HUBER,FUSED_MEDIAN,18,0.6982285855555705,0.7273740003533002,0.8074900235518222,0.06582541625844907,True,True
gaussian,3,385.08549299876904,JOINT_HUBER,upper_arm_camera,19,0.7942604406567317,0.8369863974083134,1.103403594481411,0.15606240482085104,True,True
gaussian,3,385.08549299876904,JOINT_HUBER,forearm_camera,19,1.6608021865857192,1.6780987196637758,1.8980337687384214,0.06612767947826009,True,True
gaussian,3,385.08549299876904,JOINT_HUBER,wrist_camera,19,0.41455402988233914,0.4296518258320631,0.5017251776817597,0.028383557402324087,True,True
gaussian,3,385.08549299876904,JOINT_HUBER,FUSED_MEDIAN,19,0.6327789355033958,0.637177091401847,0.6795117394132197,0.07232380317420256,True,True
gaussian,3,385.08549299876904,JOINT_HUBER,upper_arm_camera,20,1.1821710687229823,1.214173590910082,1.6119983137446943,0.13023828656096292,True,True
gaussian,3,385.08549299876904,JOINT_HUBER,forearm_camera,20,0.9981773984343967,1.0083794527162222,1.1356069802342332,0.036222382936206284,True,True
gaussian,3,385.08549299876904,JOINT_HUBER,wrist_camera,20,0.6961265428576907,0.735699381608566,1.078016807562784,0.1466621520417058,True,True
gaussian,3,385.08549299876904,JOINT_HUBER,FUSED_MEDIAN,20,0.6342573994173543,0.6678604541548356,0.8071378967615084,0.01799519552390551,True,True
gaussian,3,385.08549299876904,JOINT_HUBER,upper_arm_camera,21,3.0846020813994666,3.1150643440953676,3.5861524846505897,0.09654326142840133,False,True
gaussian,3,385.08549299876904,JOINT_HUBER,forearm_camera,21,1.7118110681885954,1.727409703192685,1.8125302746603125,0.11506809661187271,True,True
gaussian,3,385.08549299876904,JOINT_HUBER,wrist_camera,21,2.460945845346236,2.4841367775152943,2.886606877974235,0.05634526641951527,False,True
gaussian,3,385.08549299876904,JOINT_HUBER,FUSED_MEDIAN,21,1.660333542401597,1.6799477317034586,1.8250654169848426,0.08099460956438757,True,True
gaussian,3,385.08549299876904,JOINT_HUBER,upper_arm_camera,22,0.7235290455922693,0.7288417044722636,0.7933948735036652,0.03732233986728137,True,True
gaussian,3,385.08549299876904,JOINT_HUBER,forearm_camera,22,0.4526508030429269,0.46522957312546326,0.6133710990747644,0.04803542692795709,True,True
gaussian,3,385.08549299876904,JOINT_HUBER,wrist_camera,22,1.6946967131980322,1.7091898399256718,1.9384112847286852,0.1284003402158327,True,True
gaussian,3,385.08549299876904,JOINT_HUBER,FUSED_MEDIAN,22,0.7235290455922693,0.72454411551997,0.7933948735036652,0.06184072550954249,True,True
gaussian,3,385.08549299876904,JOINT_HUBER,upper_arm_camera,23,0.5694080940681798,0.6042840117308449,0.7873505726475378,0.05290623750350441,True,True
gaussian,3,385.08549299876904,JOINT_HUBER,forearm_camera,23,0.47511657262459306,0.4944313294920557,0.6273282980979734,0.022791903837818636,True,True
gaussian,3,385.08549299876904,JOINT_HUBER,wrist_camera,23,0.9982619340082738,1.000507947818733,1.056487755886562,0.03949353863533343,True,True
gaussian,3,385.08549299876904,JOINT_HUBER,FUSED_MEDIAN,23,0.48092458230812707,0.5183495523227769,0.6273282980979734,0.021693275942567602,True,True
gaussian,3,385.08549299876904,JOINT_HUBER,upper_arm_camera,24,0.8416258315164281,0.8562207143475195,1.0041837435498753,0.05328000619414531,True,True
gaussian,3,385.08549299876904,JOINT_HUBER,forearm_camera,24,2.192103505660744,2.2077482410917626,2.5560740238676694,0.08561456901923799,False,True
gaussian,3,385.08549299876904,JOINT_HUBER,wrist_camera,24,2.9409718990943294,2.96160654781806,3.3375771479894345,0.1250871899989247,False,True
gaussian,3,385.08549299876904,JOINT_HUBER,FUSED_MEDIAN,24,1.6602771474228912,1.6717832188259083,1.9459431742155917,0.05142084308723408,True,True
gaussian,3,385.08549299876904,JOINT_HUBER,upper_arm_camera,25,1.2075734442497612,1.2148054511594084,1.3661538728161888,0.0451538462952254,True,True
gaussian,3,385.08549299876904,JOINT_HUBER,forearm_camera,25,0.7826809210960725,0.8134697377888092,1.1621430076522754,0.13379507779520836,True,True
gaussian,3,385.08549299876904,JOINT_HUBER,wrist_camera,25,0.2320690763803989,0.2646707696538283,0.3891980124915017,0.07507643367066882,True,True
gaussian,3,385.08549299876904,JOINT_HUBER,FUSED_MEDIAN,25,0.2277053775007036,0.2481323958963223,0.33949694952851583,0.0818979637404855,True,True
gaussian,3,385.08549299876904,JOINT_HUBER,upper_arm_camera,26,1.395709507362995,1.4092167784990115,1.5708651721389248,0.10132345394271437,True,True
gaussian,3,385.08549299876904,JOINT_HUBER,forearm_camera,26,0.36915299536011553,0.38774828270833755,0.5273559548714671,0.05873713536941799,True,True
gaussian,3,385.08549299876904,JOINT_HUBER,wrist_camera,26,0.6882424491264999,0.6940673933435463,0.780753569849105,0.0278425017179193,True,True
gaussian,3,385.08549299876904,JOINT_HUBER,FUSED_MEDIAN,26,0.6918020425621026,0.7078450837200811,0.780753569849105,0.0594563187629914,True,True
gaussian,3,385.08549299876904,JOINT_HUBER,upper_arm_camera,27,0.3008982213528094,0.32249675980209097,0.4374975050905046,0.010743672641997132,True,True
gaussian,3,385.08549299876904,JOINT_HUBER,forearm_camera,27,0.8606742071065204,0.8682148276993171,1.0060506024623548,0.03855204202578177,True,True
gaussian,3,385.08549299876904,JOINT_HUBER,wrist_camera,27,2.8317034870002056,2.8475313232857764,3.2358151295334996,0.14630704359359392,False,True
gaussian,3,385.08549299876904,JOINT_HUBER,FUSED_MEDIAN,27,0.8267493305153419,0.8375388128939525,0.9851781648060978,0.05840966488823702,True,True
gaussian,3,385.08549299876904,JOINT_HUBER,upper_arm_camera,28,0.6188310655006302,0.6270045201890967,0.687837269614592,0.055213640662908764,True,True
gaussian,3,385.08549299876904,JOINT_HUBER,forearm_camera,28,1.3214367799310656,1.3327332265723875,1.5437337080890856,0.03942755271561506,True,True
gaussian,3,385.08549299876904,JOINT_HUBER,wrist_camera,28,1.86982269165709,1.8867566741900468,2.166057282884378,0.087525445284899,True,True
gaussian,3,385.08549299876904,JOINT_HUBER,FUSED_MEDIAN,28,1.3214367799310656,1.3168225402207638,1.5437337080890856,0.05411885211103452,True,True
gaussian,3,385.08549299876904,JOINT_HUBER,upper_arm_camera,29,1.181781563991401,1.1988753016763352,1.4917055430780588,0.09791576450521866,True,True
gaussian,3,385.08549299876904,JOINT_HUBER,forearm_camera,29,1.6979217158910822,1.7181059908899137,2.032366767656997,0.12363329589567094,True,True
gaussian,3,385.08549299876904,JOINT_HUBER,wrist_camera,29,1.0395509556205584,1.0481612682970696,1.1564294794639078,0.051933879636118445,True,True
gaussian,3,385.08549299876904,JOINT_HUBER,FUSED_MEDIAN,29,1.0682316817805786,1.0840907934132151,1.2599187638077938,0.07242977768557615,True,True
gaussian,3,385.08549299876904,JOINT_HUBER,upper_arm_camera,30,0.942600102703483,0.9495396836446781,1.1179863524403417,0.05674556197637086,True,True
gaussian,3,385.08549299876904,JOINT_HUBER,forearm_camera,30,1.659172000461639,1.688153652116023,2.004013891817093,0.16092630235968458,True,True
gaussian,3,385.08549299876904,JOINT_HUBER,wrist_camera,30,0.8294109954921794,0.831437191817299,0.8740874526868023,0.024245305235247438,True,True
gaussian,3,385.08549299876904,JOINT_HUBER,FUSED_MEDIAN,30,0.817032606584725,0.8718625424511612,1.1179863524403417,0.07782119921060184,True,True
gaussian,3,385.08549299876904,JOINT_HUBER,upper_arm_camera,31,0.935326917176933,0.9571589653115169,1.253774580597246,0.09582970451115883,True,True
gaussian,3,385.08549299876904,JOINT_HUBER,forearm_camera,31,1.462471194284315,1.4799293821894544,1.7116298595272141,0.07908766717613971,True,True
gaussian,3,385.08549299876904,JOINT_HUBER,wrist_camera,31,1.9094706800610293,1.9490451770507782,2.3805313149824276,0.05036956850613425,True,True
gaussian,3,385.08549299876904,JOINT_HUBER,FUSED_MEDIAN,31,0.9949247207494212,1.040405782765231,1.2738182772174176,0.07025550275251691,True,True
gaussian,3,385.08549299876904,JOINT_HUBER,upper_arm_camera,32,1.5588367816399986,1.5663895778259767,1.7321726496358034,0.05703222465625226,True,True
gaussian,3,385.08549299876904,JOINT_HUBER,forearm_camera,32,0.4598128427686077,0.46089351464908135,0.490259724733936,0.008000986392803527,True,True
gaussian,3,385.08549299876904,JOINT_HUBER,wrist_camera,32,2.2838033093215877,2.2978110430717593,2.580441290193832,0.031306421353981546,False,True
gaussian,3,385.08549299876904,JOINT_HUBER,FUSED_MEDIAN,32,0.5328757071340396,0.5360293854683478,0.5912639828471401,0.027899115663392315,True,True
gaussian,3,385.08549299876904,JOINT_HUBER,upper_arm_camera,33,2.4850195120346448,2.5117447479304778,2.9905963597151737,0.17649851841726447,False,True
gaussian,3,385.08549299876904,JOINT_HUBER,forearm_camera,33,0.8130889646737789,0.8170182197358616,0.9094525189574628,0.038246268463495714,True,True
gaussian,3,385.08549299876904,JOINT_HUBER,wrist_camera,33,0.8227294014580241,0.8249800036494416,0.8702370493961161,0.016521123875774136,True,True
gaussian,3,385.08549299876904,JOINT_HUBER,FUSED_MEDIAN,33,0.6793929989855898,0.6764581027518677,0.7076486106180502,0.06101908509185521,True,True
gaussian,3,385.08549299876904,JOINT_HUBER,upper_arm_camera,34,0.6055988471066012,0.6187165442065123,0.7144260489508323,0.0382072082288487,True,True
gaussian,3,385.08549299876904,JOINT_HUBER,forearm_camera,34,0.3926402639023032,0.4183799142583679,0.5846782702993358,0.0418390804468792,True,True
gaussian,3,385.08549299876904,JOINT_HUBER,wrist_camera,34,0.8724308755193284,0.8922594215068076,1.0761261822051278,0.03532986698080188,True,True
gaussian,3,385.08549299876904,JOINT_HUBER,FUSED_MEDIAN,34,0.3650968678829315,0.36528065869538107,0.47119949129617933,0.01852617692250925,True,True
gaussian,3,385.08549299876904,JOINT_HUBER,upper_arm_camera,35,1.2487225055725963,1.266138125431203,1.4758741946881067,0.07606738879619006,True,True
gaussian,3,385.08549299876904,JOINT_HUBER,forearm_camera,35,0.6125008648767403,0.6183510029352747,0.6676819756648287,0.046830481296171615,True,True
gaussian,3,385.08549299876904,JOINT_HUBER,wrist_camera,35,0.4986553799836965,0.5097392049036775,0.6120803871592366,0.033602048102145926,True,True
gaussian,3,385.08549299876904,JOINT_HUBER,FUSED_MEDIAN,35,0.5823875189365882,0.5848591871848657,0.652151837906085,0.03824139519846385,True,True
outliers,3,14.14927700170665,PARK,upper_arm_camera,0,5.966337137923715,6.074748690247222,7.234614720475383,0.1452538520425208,False,False
outliers,3,14.14927700170665,PARK,forearm_camera,0,4.764162608310098,4.812917611861331,5.547848170256567,0.2708507151151212,False,True
outliers,3,14.14927700170665,PARK,wrist_camera,0,5.429682026697559,5.473965141563964,6.39087867850815,0.2801203208907227,False,False
outliers,3,14.14927700170665,PARK,FUSED_MEDIAN,0,4.492709939613616,4.506347442833787,5.324726366172806,0.2250080940494092,False,True
outliers,3,14.14927700170665,PARK,upper_arm_camera,1,6.792421619921187,6.8817089922420465,8.028241251025776,0.07542137664112332,False,False
outliers,3,14.14927700170665,PARK,forearm_camera,1,5.654776305135723,5.6937263443188355,6.487287633012399,0.2294969079476325,False,False
outliers,3,14.14927700170665,PARK,wrist_camera,1,3.5822968352475972,3.5956820608111726,3.9441041375383197,0.1857520695067105,False,True
outliers,3,14.14927700170665,PARK,FUSED_MEDIAN,1,5.150946445626732,5.167139150125494,5.650802774620222,0.040434733759309754,False,False
outliers,3,14.14927700170665,PARK,upper_arm_camera,2,5.912868919400522,6.00426144353489,7.175840624407812,0.24621237175880983,False,False
outliers,3,14.14927700170665,PARK,forearm_camera,2,3.8055483974799826,3.8819841454076816,4.623270297431776,0.26506180699085263,False,True
outliers,3,14.14927700170665,PARK,wrist_camera,2,5.183813225973448,5.2528584413355714,6.23744225692884,0.12203481004587366,False,False
outliers,3,14.14927700170665,PARK,FUSED_MEDIAN,2,2.5355426177847313,2.5925497750899167,3.212704697899539,0.17565326704272932,False,True
outliers,3,14.14927700170665,PARK,upper_arm_camera,3,5.31177837277719,5.401722967330851,6.465524406887756,0.34878341603375057,False,False
outliers,3,14.14927700170665,PARK,forearm_camera,3,5.477285315287758,5.52724277842468,6.339032345619877,0.26414368986521336,False,False
outliers,3,14.14927700170665,PARK,wrist_camera,3,3.1870127626872304,3.20818009696077,3.425386384090554,0.24912923457348096,False,True
outliers,3,14.14927700170665,PARK,FUSED_MEDIAN,3,4.26562996390237,4.302700772324197,4.808482828692795,0.19887531050651985,False,True
outliers,3,14.14927700170665,PARK,upper_arm_camera,4,6.383493717502046,6.475559876902076,7.6659614044943,0.1461254254711157,False,False
outliers,3,14.14927700170665,PARK,forearm_camera,4,2.9978156426722613,3.0440656415402483,3.4543207661710116,0.3635107488348957,False,True
outliers,3,14.14927700170665,PARK,wrist_camera,4,1.9935367306260585,2.03915795904368,2.5587211323883072,0.2592310406925038,True,True
outliers,3,14.14927700170665,PARK,FUSED_MEDIAN,4,1.3457864905189258,1.5247534475954387,2.067216522924139,0.1892201666729868,True,True
outliers,3,14.14927700170665,PARK,upper_arm_camera,5,4.120149554809165,4.189359886885366,4.857845784905279,0.3484466208145064,False,True
outliers,3,14.14927700170665,PARK,forearm_camera,5,4.254666609906272,4.322593117395751,4.951935640884371,0.2626083321357472,False,True
outliers,3,14.14927700170665,PARK,wrist_camera,5,4.489976736549111,4.516228141347521,5.260322805642798,0.2307814111283406,False,True
outliers,3,14.14927700170665,PARK,FUSED_MEDIAN,5,2.460507250800087,2.647241519987438,3.3369465670506377,0.26264409131479566,False,True
outliers,3,14.14927700170665,PARK,upper_arm_camera,6,6.195335377414662,6.296563757144992,7.54861512940181,0.15419732464804609,False,False
outliers,3,14.14927700170665,PARK,forearm_camera,6,4.55537154366844,4.602280058487077,5.189325497208551,0.2772509250737696,False,True
outliers,3,14.14927700170665,PARK,wrist_camera,6,3.6657953343368974,3.684887486236108,4.080971866576631,0.17439372583081894,False,True
outliers,3,14.14927700170665,PARK,FUSED_MEDIAN,6,3.3861912597564734,3.4069555744507194,3.7760647680392827,0.1396497779431143,False,True
outliers,3,14.14927700170665,PARK,upper_arm_camera,7,1.0283384612098756,1.2768854863076262,1.5442103360753887,0.43020460518521714,True,True
outliers,3,14.14927700170665,PARK,forearm_camera,7,4.4888124074444224,4.538603744795383,5.134771282675003,0.22523156620789092,False,True
outliers,3,14.14927700170665,PARK,wrist_camera,7,1.989583040385289,2.1565937757360163,2.8814671661377345,0.23319917060372428,True,True
outliers,3,14.14927700170665,PARK,FUSED_MEDIAN,7,1.614502587923073,1.765552174441625,2.3140444873711754,0.20523088775164916,True,True
outliers,3,14.14927700170665,PARK,upper_arm_camera,8,6.099020216895292,6.167449989025238,7.302603515724143,0.33149481644575074,False,False
outliers,3,14.14927700170665,PARK,forearm_camera,8,6.436019318475259,6.47528053784299,7.3099485149473615,0.30819054180711347,False,False
outliers,3,14.14927700170665,PARK,wrist_camera,8,4.226947444403845,4.257054291027189,5.040911755007782,0.2655858789619642,False,True
outliers,3,14.14927700170665,PARK,FUSED_MEDIAN,8,5.476178766979997,5.369982167985484,6.312902813996874,0.2796555194701542,False,False
outliers,3,14.14927700170665,PARK,upper_arm_camera,9,6.74490675104729,6.828339689913567,8.006747511282668,0.11678055141754044,False,False
outliers,3,14.14927700170665,PARK,forearm_camera,9,5.458562469706553,5.485171942340225,6.161331090503448,0.25356066671325,False,False
outliers,3,14.14927700170665,PARK,wrist_camera,9,6.887040136880637,6.94438263068899,7.93286995848409,0.19080518812606567,False,False
outliers,3,14.14927700170665,PARK,FUSED_MEDIAN,9,2.853956840809177,2.9404199956897874,3.5679927181156947,0.07197657614331565,False,True
outliers,3,14.14927700170665,PARK,upper_arm_camera,10,6.277847497603946,6.380535265735306,7.6893195190816375,0.4556485563776315,False,False
outliers,3,14.14927700170665,PARK,forearm_camera,10,5.143102629504747,5.200767863978073,5.960824469106284,0.306652367548861,False,False
outliers,3,14.14927700170665,PARK,wrist_camera,10,2.39133800468084,2.51714874852941,3.3495875573545155,0.043259650687409175,False,True
outliers,3,14.14927700170665,PARK,FUSED_MEDIAN,10,3.5284821364792047,3.450519823267164,4.772990573675975,0.21409330531028445,False,True
outliers,3,14.14927700170665,PARK,upper_arm_camera,11,4.267483395273871,4.356196968094555,5.440619384194425,0.3297488568833041,False,True
outliers,3,14.14927700170665,PARK,forearm_camera,11,4.556068069198072,4.601712229150385,5.134164814594561,0.2983999441309506,False,True
outliers,3,14.14927700170665,PARK,wrist_camera,11,2.7823276902730454,2.8692770773304637,3.6460195268008793,0.16827563054513484,False,True
outliers,3,14.14927700170665,PARK,FUSED_MEDIAN,11,3.9808189426233906,4.075006753594851,5.020601624690643,0.223014081965021,False,True
outliers,3,14.14927700170665,PARK,upper_arm_camera,12,4.87374771802033,4.947203843379893,5.862486553560095,0.303940837793075,False,True
outliers,3,14.14927700170665,PARK,forearm_camera,12,4.182111075408846,4.234025297265799,4.989393266988983,0.27415997877713155,False,True
outliers,3,14.14927700170665,PARK,wrist_camera,12,5.735054177767711,5.773973739237668,6.371085040271461,0.2238901554897243,False,False
outliers,3,14.14927700170665,PARK,FUSED_MEDIAN,12,3.3545886915799277,3.448528845334022,4.1447338715543625,0.13808549275912785,False,True
outliers,3,14.14927700170665,PARK,upper_arm_camera,13,6.180617853295269,6.269245365193941,7.439746992116094,0.20108949640547508,False,False
outliers,3,14.14927700170665,PARK,forearm_camera,13,3.457200179131966,3.500474736467263,3.7886243029755526,0.3135877030874987,False,True
outliers,3,14.14927700170665,PARK,wrist_camera,13,3.098588497351106,3.204416047607769,4.235434350190197,0.3892413365078319,False,True
outliers,3,14.14927700170665,PARK,FUSED_MEDIAN,13,2.234566215010067,2.364660297958884,2.687734710033039,0.11896228955759396,False,True
outliers,3,14.14927700170665,PARK,upper_arm_camera,14,5.74214563088426,5.860257664782458,7.08164297302361,0.16534443599098622,False,False
outliers,3,14.14927700170665,PARK,forearm_camera,14,4.2544149928305774,4.2950008465374365,4.942675540337398,0.2995287575008598,False,True
outliers,3,14.14927700170665,PARK,wrist_camera,14,3.982467645502293,4.0294826405381325,4.8694803580345605,0.2856340242662669,False,True
outliers,3,14.14927700170665,PARK,FUSED_MEDIAN,14,3.5553145334118725,3.6331369874210706,4.4333715133520855,0.23795912728481036,False,True
outliers,3,14.14927700170665,PARK,upper_arm_camera,15,5.586226523432675,5.643619539139225,6.589655054550895,0.2764239377825506,False,False
outliers,3,14.14927700170665,PARK,forearm_camera,15,3.8819117063711466,3.9214630415724456,4.3258350403572585,0.17973250894314283,False,True
outliers,3,14.14927700170665,PARK,wrist_camera,15,2.6998907868345765,2.7330005730464064,3.215141755286117,0.21030471972713022,False,True
outliers,3,14.14927700170665,PARK,FUSED_MEDIAN,15,3.2479831193024546,3.3016144588825234,3.980818212401101,0.06643624239426292,False,True
outliers,3,14.14927700170665,PARK,upper_arm_camera,16,6.124420569112878,6.229978899037887,7.385634830449083,0.21012964845732168,False,False
outliers,3,14.14927700170665,PARK,forearm_camera,16,2.8867478347221054,2.9140524576871645,3.072845719605408,0.2627491870981117,False,True
outliers,3,14.14927700170665,PARK,wrist_camera,16,5.699642090110665,5.741267850548401,6.4611642671569935,0.1844893528241024,False,False
outliers,3,14.14927700170665,PARK,FUSED_MEDIAN,16,0.8251461649480878,1.1076917709010423,1.842029888069851,0.13253960785861008,True,True
outliers,3,14.14927700170665,PARK,upper_arm_camera,17,8.816735847917895,8.96703746322838,10.598221710393968,0.35561547751079353,False,False
outliers,3,14.14927700170665,PARK,forearm_camera,17,3.005019722992111,3.0462008382380876,3.504500836737716,0.2643725508167456,False,True
outliers,3,14.14927700170665,PARK,wrist_camera,17,3.5980188936706865,3.638669587114973,4.340604082553219,0.25815373197939834,False,True
outliers,3,14.14927700170665,PARK,FUSED_MEDIAN,17,1.7434673510591385,1.8816686678041141,2.4309199403458615,0.1826263965797267,True,True
outliers,3,14.14927700170665,PARK,upper_arm_camera,18,6.851328061667831,6.961102419934169,8.32016824244262,0.1951109974856638,False,False
outliers,3,14.14927700170665,PARK,forearm_camera,18,4.153079193772324,4.197951235488669,4.76913750609722,0.268896056829657,False,True
outliers,3,14.14927700170665,PARK,wrist_camera,18,1.5792332578698876,1.6932310373060244,2.3143933162910595,0.24595875706654335,True,True
outliers,3,14.14927700170665,PARK,FUSED_MEDIAN,18,2.161645566705884,2.232961741217155,2.5274802030775487,0.0978279536015344,False,True
outliers,3,14.14927700170665,PARK,upper_arm_camera,19,5.041897441957509,5.103072775548039,6.1987932118769695,0.3003507255873368,False,False
outliers,3,14.14927700170665,PARK,forearm_camera,19,5.380126956682625,5.4127572246161115,5.884645756283734,0.2690762969746263,False,False
outliers,3,14.14927700170665,PARK,wrist_camera,19,2.755397421335718,2.810863067211466,3.15118272459722,0.2814449870648118,False,True
outliers,3,14.14927700170665,PARK,FUSED_MEDIAN,19,1.3134562681601556,1.4299603042983868,1.7437976208065227,0.20705525928486912,True,True
outliers,3,14.14927700170665,PARK,upper_arm_camera,20,5.227220984173672,5.327447215067942,6.33372914045374,0.32116841159602244,False,False
outliers,3,14.14927700170665,PARK,forearm_camera,20,4.665475627234907,4.716946832729928,5.405543265856411,0.1563440015951639,False,True
outliers,3,14.14927700170665,PARK,wrist_camera,20,1.8980279900353334,1.94976987094139,2.397053675021685,0.12477623739283916,True,True
outliers,3,14.14927700170665,PARK,FUSED_MEDIAN,20,1.5403729816428071,1.6345941990442379,2.215601180102145,0.13565492105473956,True,True
outliers,3,14.14927700170665,PARK,upper_arm_camera,21,8.910051504732756,9.00423646111863,10.453364039828747,0.382865726036183,False,False
outliers,3,14.14927700170665,PARK,forearm_camera,21,5.013652073831338,5.037276386059277,5.505439924921398,0.20742841442506416,False,False
outliers,3,14.14927700170665,PARK,wrist_camera,21,4.8884088033556115,4.969158086902491,5.9530169613624695,0.09730160634778388,False,True
outliers,3,14.14927700170665,PARK,FUSED_MEDIAN,21,4.194178653231728,4.2646230469834645,4.902064733330518,0.16781755282806055,False,True
outliers,3,14.14927700170665,PARK,upper_arm_camera,22,2.4356657327119318,2.5359881736552827,3.363450999202111,0.3973824045601196,False,True
outliers,3,14.14927700170665,PARK,forearm_camera,22,3.702331419841368,3.7527547067747298,4.384104131709243,0.2521829613957926,False,True
outliers,3,14.14927700170665,PARK,wrist_camera,22,4.744209290117103,4.7819868338513025,5.415995086110273,0.2781233818656077,False,True
outliers,3,14.14927700170665,PARK,FUSED_MEDIAN,22,1.8106499652265111,1.9862300708753717,3.062240205048816,0.19516992245017187,True,True
outliers,3,14.14927700170665,PARK,upper_arm_camera,23,2.2486064493594355,2.3750674563898,3.1407409768504375,0.402632850409396,False,True
outliers,3,14.14927700170665,PARK,forearm_camera,23,4.839782151132367,4.890904755103921,5.598715701858255,0.18073116991084293,False,True
outliers,3,14.14927700170665,PARK,wrist_camera,23,4.439235570683423,4.472580645691473,5.06661411654535,0.25098368605897653,False,True
outliers,3,14.14927700170665,PARK,FUSED_MEDIAN,23,1.7634690294466409,1.88640419797233,2.595728642344483,0.10027595919899503,True,True
outliers,3,14.14927700170665,PARK,upper_arm_camera,24,5.880048663592467,5.976513877386698,7.074324633548364,0.11485341656055474,False,False
outliers,3,14.14927700170665,PARK,forearm_camera,24,2.816814908877008,2.853244593187385,3.3244860141370496,0.2853052225718012,False,True
outliers,3,14.14927700170665,PARK,wrist_camera,24,4.313831687344069,4.341100136657968,4.933778019373262,0.20851505009114465,False,True
outliers,3,14.14927700170665,PARK,FUSED_MEDIAN,24,3.9211002812228437,3.9390947667922434,4.3804809388584465,0.06313053223582366,False,True
outliers,3,14.14927700170665,PARK,upper_arm_camera,25,6.021898659403027,6.115573698489706,7.154374408354569,0.1653947343415002,False,False
outliers,3,14.14927700170665,PARK,forearm_camera,25,3.1736000691113095,3.2284588760313375,3.7932856246727296,0.3800457507933921,False,True
outliers,3,14.14927700170665,PARK,wrist_camera,25,4.7186807709744425,4.7537557058633135,5.576228882589746,0.28490761384141583,False,True
outliers,3,14.14927700170665,PARK,FUSED_MEDIAN,25,2.3981408801216815,2.542679257066854,3.1685283646248767,0.22708062495240042,False,True
outliers,3,14.14927700170665,PARK,upper_arm_camera,26,5.974950733359167,6.053417618426128,7.158042332198075,0.37404858306144534,False,False
outliers,3,14.14927700170665,PARK,forearm_camera,26,2.930505270757949,2.9659885415469214,3.0870594627110797,0.3088235247143594,False,True
outliers,3,14.14927700170665,PARK,wrist_camera,26,3.5859354914526564,3.64554772197853,4.340137259929401,0.12651904093126295,False,True
outliers,3,14.14927700170665,PARK,FUSED_MEDIAN,26,3.582766701821235,3.640490608998669,4.186913202457348,0.18288840763898193,False,True
outliers,3,14.14927700170665,PARK,upper_arm_camera,27,5.256489042636525,5.3561654130896414,6.392137288593737,0.18063460064674602,False,False
outliers,3,14.14927700170665,PARK,forearm_camera,27,3.5478608212928204,3.578715539325983,4.027989865403122,0.22809466036829407,False,True
outliers,3,14.14927700170665,PARK,wrist_camera,27,3.1836923055172592,3.2164147037729904,3.781892111003359,0.3011606752442866,False,True
outliers,3,14.14927700170665,PARK,FUSED_MEDIAN,27,3.1854181688434733,3.210718304379035,3.9487062802031954,0.017331084885087184,False,True
outliers,3,14.14927700170665,PARK,upper_arm_camera,28,5.415691527331402,5.503638357116116,6.541958826981094,0.24469555684628422,False,False
outliers,3,14.14927700170665,PARK,forearm_camera,28,3.0758473595725704,3.121524213906397,3.3918247541229425,0.24670769764498485,False,True
outliers,3,14.14927700170665,PARK,wrist_camera,28,5.569939873454444,5.628914814114013,6.5073328322428825,0.2631385443771442,False,False
outliers,3,14.14927700170665,PARK,FUSED_MEDIAN,28,2.870502384802889,2.8908257707385436,3.326187963447882,0.24622595549511256,False,True
outliers,3,14.14927700170665,PARK,upper_arm_camera,29,6.045959768473842,6.14083322566946,7.36411600133691,0.3087620016959534,False,False
outliers,3,14.14927700170665,PARK,forearm_camera,29,3.7936113168740717,3.8458796157318442,4.412973766268161,0.21733996858845822,False,True
outliers,3,14.14927700170665,PARK,wrist_camera,29,4.08485550452884,4.109344544502098,4.500560063781328,0.24386451914595997,False,True
outliers,3,14.14927700170665,PARK,FUSED_MEDIAN,29,3.4234431952404494,3.503961800967187,4.083346320562363,0.13316004820087177,False,True
outliers,3,14.14927700170665,PARK,upper_arm_camera,30,5.806708775028427,5.889649544127942,7.034440286104352,0.3195235832235983,False,False
outliers,3,14.14927700170665,PARK,forearm_camera,30,3.888328227489804,3.9584544949906535,4.707220512231159,0.3945805536543038,False,True
outliers,3,14.14927700170665,PARK,wrist_camera,30,2.4898520287542474,2.528896479657494,3.0378905582378017,0.24398687702944144,False,True
outliers,3,14.14927700170665,PARK,FUSED_MEDIAN,30,2.863982657901351,3.091106323633683,3.9733928815652244,0.20156085855980063,False,True
outliers,3,14.14927700170665,PARK,upper_arm_camera,31,5.442301110168943,5.513861735513347,6.723414972590128,0.39663924889087815,False,False
outliers,3,14.14927700170665,PARK,forearm_camera,31,3.5641638421425417,3.58228561660459,4.017897570539003,0.1983355663862634,False,True
outliers,3,14.14927700170665,PARK,wrist_camera,31,5.344857349630529,5.420249054782857,6.300853880529258,0.27404246810263677,False,False
outliers,3,14.14927700170665,PARK,FUSED_MEDIAN,31,4.174058656183113,4.227025315698045,4.893065319692986,0.16522668992368486,False,True
outliers,3,14.14927700170665,PARK,upper_arm_camera,32,7.1395244786542165,7.222348917087838,8.3721667154755,0.08076868075599883,False,False
outliers,3,14.14927700170665,PARK,forearm_camera,32,5.026645934598691,5.05387791438309,5.744457053151861,0.22685058946425982,False,False
outliers,3,14.14927700170665,PARK,wrist_camera,32,6.6875605556208795,6.729957437808983,7.651271500862179,0.22213162399301042,False,False
outliers,3,14.14927700170665,PARK,FUSED_MEDIAN,32,2.7337493569012783,2.8316292788294213,3.2450600980984916,0.15087757188097875,False,True
outliers,3,14.14927700170665,PARK,upper_arm_camera,33,1.763506132278099,1.8677853652319811,2.5605839737447003,0.3538280112797692,True,True
outliers,3,14.14927700170665,PARK,forearm_camera,33,4.362716891241173,4.384125055117803,4.6447565193085865,0.2875648108781941,False,True
outliers,3,14.14927700170665,PARK,wrist_camera,33,2.9337892376173045,2.981962325458066,3.3176534241294204,0.26767028333095383,False,True
outliers,3,14.14927700170665,PARK,FUSED_MEDIAN,33,3.0366070581146967,3.112715383532537,3.3914524036228997,0.18794228699754392,False,True
outliers,3,14.14927700170665,PARK,upper_arm_camera,34,4.889628316585092,4.954531942240992,6.033078322507566,0.38705407613558945,False,True
outliers,3,14.14927700170665,PARK,forearm_camera,34,3.0667946688646244,3.143754577584304,3.681950423865449,0.2053064420546759,False,True
outliers,3,14.14927700170665,PARK,wrist_camera,34,2.078106938917382,2.107012687078048,2.4465792985632717,0.23065945102305596,False,True
outliers,3,14.14927700170665,PARK,FUSED_MEDIAN,34,1.0542320944297705,1.130435860113608,1.4552263907690106,0.225008343755957,True,True
outliers,3,14.14927700170665,PARK,upper_arm_camera,35,4.619372772866532,4.690969375613674,5.613950197322341,0.24627029656478452,False,True
outliers,3,14.14927700170665,PARK,forearm_camera,35,3.0556063513301255,3.0904737604111654,3.1833454165104977,0.29504462435486933,False,True
outliers,3,14.14927700170665,PARK,wrist_camera,35,4.119299141288853,4.17469693392422,4.913636140221503,0.11880606960076931,False,True
outliers,3,14.14927700170665,PARK,FUSED_MEDIAN,35,3.1775469446691553,3.2678886101427866,3.922134471735409,0.1668909540542286,False,True
outliers,3,615.2750860001106,JOINT_HUBER,upper_arm_camera,0,1.311096772434792,1.3398618381641387,1.6074604536877557,0.05910294244967422,True,True
outliers,3,615.2750860001106,JOINT_HUBER,forearm_camera,0,1.0783642039361332,1.0829100637545095,1.2277669678879164,0.05728480026548867,True,True
outliers,3,615.2750860001106,JOINT_HUBER,wrist_camera,0,0.9604577116076759,0.987177969706912,1.137581414097031,0.1374557213067591,True,True
outliers,3,615.2750860001106,JOINT_HUBER,FUSED_MEDIAN,0,0.6614621208077807,0.6687790493753749,0.7496151563248441,0.0474451891781103,True,True
outliers,3,615.2750860001106,JOINT_HUBER,upper_arm_camera,1,1.0504349448903056,1.0622481417253147,1.2516288718183648,0.048373301733277266,True,True
outliers,3,615.2750860001106,JOINT_HUBER,forearm_camera,1,2.0719283951887166,2.076766465031858,2.2468894624057647,0.046357201230006445,False,True
outliers,3,615.2750860001106,JOINT_HUBER,wrist_camera,1,3.855810142331911,3.8879534613441167,4.354952871127715,0.20595165866163498,False,True
outliers,3,615.2750860001106,JOINT_HUBER,FUSED_MEDIAN,1,2.0719283951887166,2.0691412018316906,2.2468894624057647,0.08804791298197644,False,True
outliers,3,615.2750860001106,JOINT_HUBER,upper_arm_camera,2,1.8387285900481984,1.8526757023905858,2.100161772615618,0.02664827109075086,True,True
outliers,3,615.2750860001106,JOINT_HUBER,forearm_camera,2,0.9836940660668682,0.9889056328589237,1.1245487935441945,0.06485894706486282,True,True
outliers,3,615.2750860001106,JOINT_HUBER,wrist_camera,2,3.0228121506692087,3.0641535194575216,3.697123923935161,0.1880509570734857,False,True
outliers,3,615.2750860001106,JOINT_HUBER,FUSED_MEDIAN,2,0.6273782504502556,0.6291553028896809,0.7257976663901343,0.06030428922128456,True,True
outliers,3,615.2750860001106,JOINT_HUBER,upper_arm_camera,3,1.1457644632900144,1.1553734526718753,1.3166991635746974,0.02775305115496085,True,True
outliers,3,615.2750860001106,JOINT_HUBER,forearm_camera,3,2.0734746979190555,2.0786385389084,2.249630069771548,0.0946998156493339,False,True
outliers,3,615.2750860001106,JOINT_HUBER,wrist_camera,3,1.252408165606476,1.272417928314614,1.5510655056486131,0.06358506778288317,True,True
outliers,3,615.2750860001106,JOINT_HUBER,FUSED_MEDIAN,3,1.252408165606476,1.272417928314614,1.5510655056486131,0.039294001319422005,True,True
outliers,3,615.2750860001106,JOINT_HUBER,upper_arm_camera,4,0.7219306892249993,0.7349506435321596,0.8612531214089725,0.048275538659191056,True,True
outliers,3,615.2750860001106,JOINT_HUBER,forearm_camera,4,0.7386912427729602,0.7884074687730975,1.1488786183925717,0.135626277559468,True,True
outliers,3,615.2750860001106,JOINT_HUBER,wrist_camera,4,0.958191356019654,0.9780634684182375,1.1558885693324896,0.05859138090030759,True,True
outliers,3,615.2750860001106,JOINT_HUBER,FUSED_MEDIAN,4,0.6954906956029694,0.7113381043878125,0.8301543155825414,0.01951043835388268,True,True
outliers,3,615.2750860001106,JOINT_HUBER,upper_arm_camera,5,2.0251585669879124,2.0878173473992594,2.7644400747826823,0.19204507736152923,False,True
outliers,3,615.2750860001106,JOINT_HUBER,forearm_camera,5,1.1403820154539595,1.1462444048832907,1.2477560691948872,0.050225324556671454,True,True
outliers,3,615.2750860001106,JOINT_HUBER,wrist_camera,5,3.591195827597172,3.6147893202150962,4.089283246709167,0.04769474480153288,False,True
outliers,3,615.2750860001106,JOINT_HUBER,FUSED_MEDIAN,5,1.7458133055094225,1.7382740969208963,2.0136933681975964,0.08229534998432828,True,True
outliers,3,615.2750860001106,JOINT_HUBER,upper_arm_camera,6,1.299076797136647,1.318025856497112,1.5521337185920268,0.04103283138225623,True,True
outliers,3,615.2750860001106,JOINT_HUBER,forearm_camera,6,0.9854149522584292,0.9877589382502867,1.064590984200874,0.024378738139570373,True,True
outliers,3,615.2750860001106,JOINT_HUBER,wrist_camera,6,2.151014738039944,2.1621143790853723,2.474143006564922,0.13737978431952966,False,True
outliers,3,615.2750860001106,JOINT_HUBER,FUSED_MEDIAN,6,0.8542964820785071,0.8648036506879455,0.9066863143610661,0.04534598508736856,True,True
outliers,3,615.2750860001106,JOINT_HUBER,upper_arm_camera,7,0.35104712313093134,0.38086420136290794,0.5206793411240159,0.07492709420809912,True,True
outliers,3,615.2750860001106,JOINT_HUBER,forearm_camera,7,0.7123742181059722,0.726512008369876,0.8525222425930904,0.026771203348099945,True,True
outliers,3,615.2750860001106,JOINT_HUBER,wrist_camera,7,0.6894514146947329,0.720607602027895,0.8072636251786328,0.09419868950019594,True,True
outliers,3,615.2750860001106,JOINT_HUBER,FUSED_MEDIAN,7,0.35104712313093134,0.3805213129363612,0.5184181167208545,0.05578055499250797,True,True
outliers,3,615.2750860001106,JOINT_HUBER,upper_arm_camera,8,1.1426541209102248,1.1596822518914975,1.3606599455392612,0.05647532837232581,True,True
outliers,3,615.2750860001106,JOINT_HUBER,forearm_camera,8,1.0417941025046886,1.0528634015001448,1.1770019722850216,0.055010721511909784,True,True
outliers,3,615.2750860001106,JOINT_HUBER,wrist_camera,8,2.7100126424566575,2.746187226105053,3.0928552186248517,0.20023399898663252,False,True
outliers,3,615.2750860001106,JOINT_HUBER,FUSED_MEDIAN,8,1.3683069026599897,1.3810187025666991,1.624264195479622,0.08691928274329608,True,True
outliers,3,615.2750860001106,JOINT_HUBER,upper_arm_camera,9,0.6731365263082077,0.6833915708582996,0.7882930389024457,0.0334832631482784,True,True
outliers,3,615.2750860001106,JOINT_HUBER,forearm_camera,9,1.5160523278680718,1.5190901169317734,1.6213047653854336,0.008665274886358874,True,True
outliers,3,615.2750860001106,JOINT_HUBER,wrist_camera,9,1.09037634248067,1.0983479961484053,1.1770223222056397,0.05492127939941381,True,True
outliers,3,615.2750860001106,JOINT_HUBER,FUSED_MEDIAN,9,0.5407237739784976,0.5523133338316761,0.6410863943580204,0.02245829442276744,True,True
outliers,3,615.2750860001106,JOINT_HUBER,upper_arm_camera,10,1.0590020595342278,1.1262620121077824,1.307325425524003,0.24754639949666912,True,True
outliers,3,615.2750860001106,JOINT_HUBER,forearm_camera,10,2.0118488695901156,2.0465740809573383,2.3765931129728446,0.17009515184448415,False,True
outliers,3,615.2750860001106,JOINT_HUBER,wrist_camera,10,1.132573589942625,1.1739514010457255,1.502170101051592,0.16882229043361957,True,True
outliers,3,615.2750860001106,JOINT_HUBER,FUSED_MEDIAN,10,0.9823084433179414,1.045336928142206,1.1986044295626843,0.08737785255226978,True,True
outliers,3,615.2750860001106,JOINT_HUBER,upper_arm_camera,11,0.8720522437690498,0.8789934142905186,0.9835597182440942,0.026931026794185683,True,True
outliers,3,615.2750860001106,JOINT_HUBER,forearm_camera,11,0.7946752010644789,0.7963572488367107,0.8524065418473359,0.010592361535628626,True,True
outliers,3,615.2750860001106,JOINT_HUBER,wrist_camera,11,0.8130518744641567,0.8668738248839215,1.1773019422359219,0.10953366946357639,True,True
outliers,3,615.2750860001106,JOINT_HUBER,FUSED_MEDIAN,11,0.7310807269272371,0.765008355070437,0.9685606030156255,0.04627234221785557,True,True
outliers,3,615.2750860001106,JOINT_HUBER,upper_arm_camera,12,0.7243499519096134,0.7284929314687051,0.7949600630161815,0.0058530025019959755,True,True
outliers,3,615.2750860001106,JOINT_HUBER,forearm_camera,12,0.32818522787113497,0.3309414224683271,0.3533442315137546,0.02241091313873912,True,True
outliers,3,615.2750860001106,JOINT_HUBER,wrist_camera,12,2.1453810079738274,2.1616818170202388,2.479235943619921,0.09845400046285903,False,True
outliers,3,615.2750860001106,JOINT_HUBER,FUSED_MEDIAN,12,0.60113242954904,0.6015267204350303,0.6098574795961796,0.03929347989412724,True,True
outliers,3,615.2750860001106,JOINT_HUBER,upper_arm_camera,13,0.5402031626891604,0.5575892601664754,0.6850565159198277,0.07803549197324147,True,True
outliers,3,615.2750860001106,JOINT_HUBER,forearm_camera,13,1.3370654751046025,1.3392973584833412,1.4279565895102508,0.032382282148940934,True,True
outliers,3,615.2750860001106,JOINT_HUBER,wrist_camera,13,1.870829566343765,1.9023200275103234,2.3430875947524656,0.16796349076742126,True,True
outliers,3,615.2750860001106,JOINT_HUBER,FUSED_MEDIAN,13,1.0839998489900178,1.0957088144056342,1.2157582524489068,0.030582339229006574,True,True
outliers,3,615.2750860001106,JOINT_HUBER,upper_arm_camera,14,1.4158669475863488,1.4421977709301288,1.6945672281635051,0.0278852228491096,True,True
outliers,3,615.2750860001106,JOINT_HUBER,forearm_camera,14,0.9286598249141887,0.9303510313437127,1.0013437741961764,0.016039270496941493,True,True
outliers,3,615.2750860001106,JOINT_HUBER,wrist_camera,14,1.514384355439473,1.5468612550632543,1.9055097479490672,0.16410357002570183,True,True
outliers,3,615.2750860001106,JOINT_HUBER,FUSED_MEDIAN,14,0.8584755415676498,0.8713033604190259,1.007652019215236,0.044797436832454796,True,True
outliers,3,615.2750860001106,JOINT_HUBER,upper_arm_camera,15,0.638738630489094,0.6525138519916925,0.8159097392122757,0.0595845656689278,True,True
outliers,3,615.2750860001106,JOINT_HUBER,forearm_camera,15,1.1028807966322836,1.1141588416023323,1.273270435115152,0.0506815701449839,True,True
outliers,3,615.2750860001106,JOINT_HUBER,wrist_camera,15,5.3824731410862094,5.433005483267293,6.250413519370686,0.24025491171762275,False,False
outliers,3,615.2750860001106,JOINT_HUBER,FUSED_MEDIAN,15,0.8272247844138692,0.8389895286075846,0.9291117639477657,0.09916458876821249,True,True
outliers,3,615.2750860001106,JOINT_HUBER,upper_arm_camera,16,1.2315672843288406,1.2462512917566524,1.4260560615073017,0.031422031084588284,True,True
outliers,3,615.2750860001106,JOINT_HUBER,forearm_camera,16,1.08624133587324,1.0989827447615588,1.2791603858390317,0.052717622621570016,True,True
outliers,3,615.2750860001106,JOINT_HUBER,wrist_camera,16,4.151496893979614,4.170960649380204,4.725004692362976,0.1577748749737804,False,True
outliers,3,615.2750860001106,JOINT_HUBER,FUSED_MEDIAN,16,1.1737937053738212,1.186311549531168,1.3606904818748604,0.05563578213494159,True,True
outliers,3,615.2750860001106,JOINT_HUBER,upper_arm_camera,17,4.693280039968576,4.754418193593792,5.5967591718210015,0.18786163744074805,False,True
outliers,3,615.2750860001106,JOINT_HUBER,forearm_camera,17,0.5108090381014353,0.5354579170673845,0.6999070263976004,0.026085826149805105,True,True
outliers,3,615.2750860001106,JOINT_HUBER,wrist_camera,17,3.052755736998999,3.0942700749466137,3.6337891113526415,0.09489475737251381,False,True
outliers,3,615.2750860001106,JOINT_HUBER,FUSED_MEDIAN,17,2.581039546222816,2.6176481294530527,3.1428633900193597,0.042686920485524485,False,True
outliers,3,615.2750860001106,JOINT_HUBER,upper_arm_camera,18,2.12579068880382,2.1816362104909834,2.651953124494906,0.1161782341619378,False,True
outliers,3,615.2750860001106,JOINT_HUBER,forearm_camera,18,0.8586391043494563,0.8635210331036378,0.9712773504843235,0.03847771643015567,True,True
outliers,3,615.2750860001106,JOINT_HUBER,wrist_camera,18,0.37787070684139495,0.4014821443993081,0.5451409319132947,0.07260992606695513,True,True
outliers,3,615.2750860001106,JOINT_HUBER,FUSED_MEDIAN,18,0.3936728751733097,0.4420431806904453,0.5946968489496887,0.052749412590733985,True,True
outliers,3,615.2750860001106,JOINT_HUBER,upper_arm_camera,19,1.0774319997905408,1.1034135722831864,1.407955684393169,0.1114038793218165,True,True
outliers,3,615.2750860001106,JOINT_HUBER,forearm_camera,19,2.399508172390015,2.4201647035564906,2.75511110710875,0.08698972097392949,False,True
outliers,3,615.2750860001106,JOINT_HUBER,wrist_camera,19,1.400681065930966,1.415476339220478,1.6463355683640273,0.06325980604389936,True,True
outliers,3,615.2750860001106,JOINT_HUBER,FUSED_MEDIAN,19,1.400681065930966,1.415476339220478,1.6463355683640273,0.043555040800432654,True,True
outliers,3,615.2750860001106,JOINT_HUBER,upper_arm_camera,20,1.039294458603619,1.056550195078581,1.2042737320195591,0.07546081606083099,True,True
outliers,3,615.2750860001106,JOINT_HUBER,forearm_camera,20,0.7785655408961714,0.7864520982693455,0.8441259748572522,0.07764950242493242,True,True
outliers,3,615.2750860001106,JOINT_HUBER,wrist_camera,20,0.5368918900233131,0.6538018526462389,1.1610948037605928,0.2289584273665019,True,True
outliers,3,615.2750860001106,JOINT_HUBER,FUSED_MEDIAN,20,0.3882321815998413,0.39286826839473105,0.5242156264989848,0.07659469578743403,True,True
outliers,3,615.2750860001106,JOINT_HUBER,upper_arm_camera,21,2.899373318005634,2.9426967778804234,3.438223860568515,0.11364531885071694,False,True
outliers,3,615.2750860001106,JOINT_HUBER,forearm_camera,21,3.1891506587964074,3.2069911312387136,3.417049518202082,0.16403451096921107,False,True
outliers,3,615.2750860001106,JOINT_HUBER,wrist_camera,21,3.4435164441624955,3.461191834652631,3.923926006818394,0.12300461629051426,False,True
outliers,3,615.2750860001106,JOINT_HUBER,FUSED_MEDIAN,21,2.899373318005634,2.9408262200614517,3.438223860568515,0.0831679814989084,False,True
outliers,3,615.2750860001106,JOINT_HUBER,upper_arm_camera,22,1.5828945609098657,1.597848442990468,1.8459104587040789,0.08075875787246055,True,True
outliers,3,615.2750860001106,JOINT_HUBER,forearm_camera,22,0.5663635701094741,0.5699390012561744,0.5870348705306552,0.02936550946234634,True,True
outliers,3,615.2750860001106,JOINT_HUBER,wrist_camera,22,0.4564221092091409,0.49850438185416523,0.5989934505249629,0.10957790615718453,True,True
outliers,3,615.2750860001106,JOINT_HUBER,FUSED_MEDIAN,22,0.4124174071608616,0.4380048279990585,0.5870554424427609,0.05609035817788721,True,True
outliers,3,615.2750860001106,JOINT_HUBER,upper_arm_camera,23,1.5214566505253715,1.5529071322660712,1.8830741510569382,0.040598970233584844,True,True
outliers,3,615.2750860001106,JOINT_HUBER,forearm_camera,23,1.7788285949143476,1.7834468013184595,1.9144159044260132,0.054776787001814986,True,True
outliers,3,615.2750860001106,JOINT_HUBER,wrist_camera,23,1.17760102874983,1.1898286370083306,1.3542129508476053,0.06739178661468186,True,True
outliers,3,615.2750860001106,JOINT_HUBER,FUSED_MEDIAN,23,0.5782045669254742,0.6094229240168205,0.7349360208694093,0.014309651375705374,True,True
outliers,3,615.2750860001106,JOINT_HUBER,upper_arm_camera,24,1.1883401864047627,1.203941681779721,1.3811155560536854,0.05987218429243367,True,True
outliers,3,615.2750860001106,JOINT_HUBER,forearm_camera,24,2.0068747835207796,2.0276846737206786,2.358834848437584,0.06286365842816273,False,True
outliers,3,615.2750860001106,JOINT_HUBER,wrist_camera,24,2.774541375817449,2.796001641182859,3.2553648233355075,0.12755888091398987,False,True
outliers,3,615.2750860001106,JOINT_HUBER,FUSED_MEDIAN,24,1.4477338013971697,1.4615724503824474,1.6775951491930983,0.04438963594049991,True,True
outliers,3,615.2750860001106,JOINT_HUBER,upper_arm_camera,25,1.416077200625212,1.4232222176937765,1.5820224755341994,0.034115846073896665,True,True
outliers,3,615.2750860001106,JOINT_HUBER,forearm_camera,25,1.2317248682187172,1.2378866901857157,1.4361398350821837,0.06915692650392011,True,True
outliers,3,615.2750860001106,JOINT_HUBER,wrist_camera,25,1.645994305884951,1.6644674616978634,2.0315041649263654,0.1318696478194234,True,True
outliers,3,615.2750860001106,JOINT_HUBER,FUSED_MEDIAN,25,0.99182457227657,0.9991380401361883,1.0930046032063294,0.04817412107067216,True,True
outliers,3,615.2750860001106,JOINT_HUBER,upper_arm_camera,26,1.9959639348351754,2.011916837684547,2.2911290820869707,0.049871436891221047,True,True
outliers,3,615.2750860001106,JOINT_HUBER,forearm_camera,26,1.024325337926971,1.025137627698749,1.0690070576703117,0.018660384205614954,True,True
outliers,3,615.2750860001106,JOINT_HUBER,wrist_camera,26,1.7701264342360632,1.7813254291029437,2.009990521871917,0.08933630667562577,True,True
outliers,3,615.2750860001106,JOINT_HUBER,FUSED_MEDIAN,26,1.0247697187233036,1.0267528154844818,1.0690070576703117,0.04612615722587021,True,True
outliers,3,615.2750860001106,JOINT_HUBER,upper_arm_camera,27,1.352533772458343,1.366948142846292,1.653239254651913,0.08434967993234697,True,True
outliers,3,615.2750860001106,JOINT_HUBER,forearm_camera,27,0.8304580206597575,0.8421050221303717,0.947658526970773,0.05513127222574033,True,True
outliers,3,615.2750860001106,JOINT_HUBER,wrist_camera,27,4.011238588195442,4.038130946857457,4.581199814128594,0.21816826842762752,False,True
outliers,3,615.2750860001106,JOINT_HUBER,FUSED_MEDIAN,27,0.9760171742547019,0.996488051338505,1.107643104742768,0.06819142753599075,True,True
outliers,3,615.2750860001106,JOINT_HUBER,upper_arm_camera,28,1.021116887886084,1.0320799198782067,1.1870533598510817,0.016446644464159325,True,True
outliers,3,615.2750860001106,JOINT_HUBER,forearm_camera,28,1.0521493968278006,1.0555297570321178,1.119977004890062,0.04295537856925346,True,True
outliers,3,615.2750860001106,JOINT_HUBER,wrist_camera,28,1.5433165788577725,1.5510197512960129,1.7797728592971183,0.10422270454889242,True,True
outliers,3,615.2750860001106,JOINT_HUBER,FUSED_MEDIAN,28,0.33052604399330143,0.34229726733820465,0.41268255360760675,0.02533716351671642,True,True
outliers,3,615.2750860001106,JOINT_HUBER,upper_arm_camera,29,1.7855195088349722,1.8008881293666683,2.0628722189098947,0.04704833390356606,True,True
outliers,3,615.2750860001106,JOINT_HUBER,forearm_camera,29,1.478043225602258,1.519143713596465,1.8620307207385947,0.1525124213598711,True,True
outliers,3,615.2750860001106,JOINT_HUBER,wrist_camera,29,0.6754561687045527,0.7156353479270695,0.9365963795915169,0.07594453621452185,True,True
outliers,3,615.2750860001106,JOINT_HUBER,FUSED_MEDIAN,29,0.6958913037028086,0.5999574374762281,0.7244203203056482,0.056326167291327375,True,True
outliers,3,615.2750860001106,JOINT_HUBER,upper_arm_camera,30,1.1494595113834016,1.1603778865474428,1.3084340062928088,0.017816171278931623,True,True
outliers,3,615.2750860001106,JOINT_HUBER,forearm_camera,30,1.4955681904321292,1.5301146824575984,1.8386688100657043,0.1115386398110915,True,True
outliers,3,615.2750860001106,JOINT_HUBER,wrist_camera,30,1.6893972405485531,1.7021459178453837,1.9163540011423057,0.05349186877119527,True,True
outliers,3,615.2750860001106,JOINT_HUBER,FUSED_MEDIAN,30,1.3045325501212848,1.3149173011949316,1.6679556422957178,0.05295573894472978,True,True
outliers,3,615.2750860001106,JOINT_HUBER,upper_arm_camera,31,1.024104152300378,1.0324695672219986,1.1980747125501352,0.06207744290751772,True,True
outliers,3,615.2750860001106,JOINT_HUBER,forearm_camera,31,1.7469058849970456,1.773763390042068,2.127618703054685,0.133245247318181,True,True
outliers,3,615.2750860001106,JOINT_HUBER,wrist_camera,31,1.3315707418258997,1.3548542884559032,1.6389665608410022,0.0432760839387291,True,True
outliers,3,615.2750860001106,JOINT_HUBER,FUSED_MEDIAN,31,1.0348382337260946,1.0349426367571033,1.242323322565767,0.06492412646964474,True,True
outliers,3,615.2750860001106,JOINT_HUBER,upper_arm_camera,32,1.0554588100420264,1.0696150230054091,1.2127587230437675,0.08558193821952728,True,True
outliers,3,615.2750860001106,JOINT_HUBER,forearm_camera,32,1.4252909462213597,1.4300882117152391,1.5491161530261273,0.05867796313128902,True,True
outliers,3,615.2750860001106,JOINT_HUBER,wrist_camera,32,1.3587481304499966,1.3631957263145738,1.4991788244386406,0.050635280932742735,True,True
outliers,3,615.2750860001106,JOINT_HUBER,FUSED_MEDIAN,32,1.1028356179314085,1.1147490519400496,1.253159651300231,0.04289001493758787,True,True
outliers,3,615.2750860001106,JOINT_HUBER,upper_arm_camera,33,2.380905114456267,2.397415540030334,2.732684451673442,0.12497739224404432,False,True
outliers,3,615.2750860001106,JOINT_HUBER,forearm_camera,33,0.8214756754500885,0.8237146164695469,0.8662840505033984,0.026330720767877118,True,True
outliers,3,615.2750860001106,JOINT_HUBER,wrist_camera,33,1.3345312643567655,1.3409648346853933,1.4438630917395874,0.06967598394561511,True,True
outliers,3,615.2750860001106,JOINT_HUBER,FUSED_MEDIAN,33,0.2892802948118971,0.3149842630982361,0.4427371548548404,0.04481951907956114,True,True
outliers,3,615.2750860001106,JOINT_HUBER,upper_arm_camera,34,0.38458480804768086,0.38627455668782484,0.4290241888601498,0.018666426908443442,True,True
outliers,3,615.2750860001106,JOINT_HUBER,forearm_camera,34,0.6980657391015875,0.7035791226788217,0.7552099472845921,0.040998999349475214,True,True
outliers,3,615.2750860001106,JOINT_HUBER,wrist_camera,34,1.78671581128727,1.8231654961758275,2.2290568748130224,0.03907041405091202,True,True
outliers,3,615.2750860001106,JOINT_HUBER,FUSED_MEDIAN,34,0.4333479717185782,0.4410182862094463,0.507063838054422,0.0280911584625772,True,True
outliers,3,615.2750860001106,JOINT_HUBER,upper_arm_camera,35,0.7817922440514324,0.8079647918180697,1.1128574804212277,0.11244332220216556,True,True
outliers,3,615.2750860001106,JOINT_HUBER,forearm_camera,35,0.752526021862522,0.7546575116064935,0.8135486187360497,0.010480895007714696,True,True
outliers,3,615.2750860001106,JOINT_HUBER,wrist_camera,35,1.6124148416110162,1.6263167259980895,1.9622903962081941,0.11335625301720165,True,True
outliers,3,615.2750860001106,JOINT_HUBER,FUSED_MEDIAN,35,0.7817922440514324,0.807483361945291,1.1097081808913378,0.07796636868266923,True,True
time_offset,3,9.86516900047718,PARK_ZERO_OFFSET,upper_arm_camera,0,3.7213702684026058,3.8003900326083944,4.617888138227663,0.03318354562501012,False,True
time_offset,3,9.86516900047718,PARK_ZERO_OFFSET,forearm_camera,0,92.4886760960856,95.12981693239897,117.95221714830745,8.06450873386498,False,False
time_offset,3,9.86516900047718,PARK_ZERO_OFFSET,wrist_camera,0,174.03835069618637,176.75798023484376,209.96840610919153,14.411511530418489,False,False
time_offset,3,9.86516900047718,PARK_ZERO_OFFSET,FUSED_MEDIAN,0,8.992433858980238,12.902525757654006,19.884319023304485,3.6957353254364826,False,False
time_offset,3,9.86516900047718,PARK_ZERO_OFFSET,upper_arm_camera,1,3.4101821089849476,3.4595849702522172,4.0556242678205505,0.18976259616671642,False,True
time_offset,3,9.86516900047718,PARK_ZERO_OFFSET,forearm_camera,1,111.86022035515525,114.63483168499921,141.36269773786051,8.235634086054072,False,False
time_offset,3,9.86516900047718,PARK_ZERO_OFFSET,wrist_camera,1,219.950262969341,223.3718922890664,268.93112430537997,18.32105751259223,False,False
time_offset,3,9.86516900047718,PARK_ZERO_OFFSET,FUSED_MEDIAN,1,3.4101821089849476,3.4595849702522172,4.0556242678205505,4.946343200163462,False,False
time_offset,3,9.86516900047718,PARK_ZERO_OFFSET,upper_arm_camera,2,3.857429987888615,3.928007019916608,4.794346501339628,0.3375298859015187,False,True
time_offset,3,9.86516900047718,PARK_ZERO_OFFSET,forearm_camera,2,121.44440767593748,124.23329918767917,151.54425558787537,7.9573948231585865,False,False
time_offset,3,9.86516900047718,PARK_ZERO_OFFSET,wrist_camera,2,248.71160312251408,252.74752039691745,310.0486745062364,20.857983053605274,False,False
time_offset,3,9.86516900047718,PARK_ZERO_OFFSET,FUSED_MEDIAN,2,3.857429987888615,3.928007019916608,4.794346501339628,5.908117937135581,False,False
time_offset,3,9.86516900047718,PARK_ZERO_OFFSET,upper_arm_camera,3,6.662955035710435,6.750411836164528,8.139139240405179,0.5135152095667839,False,False
time_offset,3,9.86516900047718,PARK_ZERO_OFFSET,forearm_camera,3,126.51261988334822,129.25557765713108,155.37824662162924,7.245930119622387,False,False
time_offset,3,9.86516900047718,PARK_ZERO_OFFSET,wrist_camera,3,257.8247989660205,262.42525610410684,326.52086030871436,21.61397639052939,False,False
time_offset,3,9.86516900047718,PARK_ZERO_OFFSET,FUSED_MEDIAN,3,6.662955035710435,6.750411836164528,8.139139240405179,6.2234392040992565,False,False
time_offset,3,9.86516900047718,PARK_ZERO_OFFSET,upper_arm_camera,4,7.999901979836981,8.12199932739136,10.033328888870054,0.6954047441513886,False,False
time_offset,3,9.86516900047718,PARK_ZERO_OFFSET,forearm_camera,4,123.15976207256377,125.78127147927704,151.12433326154976,6.383873190850668,False,False
time_offset,3,9.86516900047718,PARK_ZERO_OFFSET,wrist_camera,4,250.61302265826114,255.76139812670098,321.3795672084213,20.769810488851334,False,False
time_offset,3,9.86516900047718,PARK_ZERO_OFFSET,FUSED_MEDIAN,4,7.999901979836981,8.12199932739136,10.033328888870054,5.936955253583358,False,False
time_offset,3,9.86516900047718,PARK_ZERO_OFFSET,upper_arm_camera,5,8.671872896318082,8.841872800091622,11.287555322477598,0.8903007587065329,False,False
time_offset,3,9.86516900047718,PARK_ZERO_OFFSET,forearm_camera,5,112.72483584642141,115.16171111967411,139.535144710764,5.38383483517097,False,False
time_offset,3,9.86516900047718,PARK_ZERO_OFFSET,wrist_camera,5,231.9539575187411,237.41784948532853,299.781310020774,18.990380016680728,False,False
time_offset,3,9.86516900047718,PARK_ZERO_OFFSET,FUSED_MEDIAN,5,8.671872896318082,8.841872800091622,11.287555322477598,5.306098429738738,False,False
time_offset,3,9.86516900047718,PARK_ZERO_OFFSET,upper_arm_camera,6,9.552936369275356,9.77505203850561,12.68992293793329,1.1364495490637903,False,False
time_offset,3,9.86516900047718,PARK_ZERO_OFFSET,forearm_camera,6,99.03732980862964,101.26829883011007,122.8045687279333,4.479768797848836,False,False
time_offset,3,9.86516900047718,PARK_ZERO_OFFSET,wrist_camera,6,205.8403003923472,211.33153777349034,267.38547615154084,16.505847575818574,False,False
time_offset,3,9.86516900047718,PARK_ZERO_OFFSET,FUSED_MEDIAN,6,9.552936369275356,9.77505203850561,12.68992293793329,4.508414293502611,False,False
time_offset,3,9.86516900047718,PARK_ZERO_OFFSET,upper_arm_camera,7,8.91522398501267,9.16551337157181,11.952070351102156,1.2440982518946733,False,False
time_offset,3,9.86516900047718,PARK_ZERO_OFFSET,forearm_camera,7,85.79034909940478,87.76110424519972,105.18717368558514,4.036029752977197,False,False
time_offset,3,9.86516900047718,PARK_ZERO_OFFSET,wrist_camera,7,174.30119034323153,179.4368711621016,226.74588196492107,13.956965363889287,False,False
time_offset,3,9.86516900047718,PARK_ZERO_OFFSET,FUSED_MEDIAN,7,10.731241677746876,13.17329297095447,19.863613183614753,3.7069484411294553,False,False
time_offset,3,9.86516900047718,PARK_ZERO_OFFSET,upper_arm_camera,8,6.153954323572965,6.503552886083195,8.373869993981948,1.3779665256287041,False,False
time_offset,3,9.86516900047718,PARK_ZERO_OFFSET,forearm_camera,8,76.55053016790652,78.34289047967557,93.1026137877975,4.354915297819701,False,False
time_offset,3,9.86516900047718,PARK_ZERO_OFFSET,wrist_camera,8,141.50325068626776,145.94676973711563,183.130558927621,11.38750624351607,False,False
time_offset,3,9.86516900047718,PARK_ZERO_OFFSET,FUSED_MEDIAN,8,29.89541865965829,26.29046306099035,36.341925913789524,2.932528712680818,False,False
time_offset,3,9.86516900047718,PARK_ZERO_OFFSET,upper_arm_camera,9,7.29106211795533,7.641440999459907,8.30803870450718,1.5356822232595568,False,False
time_offset,3,9.86516900047718,PARK_ZERO_OFFSET,forearm_camera,9,74.79725036030452,76.50196065326053,94.11987850209488,5.177521930960301,False,False
time_offset,3,9.86516900047718,PARK_ZERO_OFFSET,wrist_camera,9,111.43764821299125,115.02280737213394,142.4280092938637,8.905892143634684,False,False
time_offset,3,9.86516900047718,PARK_ZERO_OFFSET,FUSED_MEDIAN,9,15.798931016787709,19.930086473794066,35.998524495536216,2.2910989198219482,False,False
time_offset,3,9.86516900047718,PARK_ZERO_OFFSET,upper_arm_camera,10,9.35118600880466,9.655093481407876,11.63676603391856,1.6661780734922182,False,False
time_offset,3,9.86516900047718,PARK_ZERO_OFFSET,forearm_camera,10,77.96347348936703,79.51209158846875,99.80306047537506,6.048037772795319,False,False
time_offset,3,9.86516900047718,PARK_ZERO_OFFSET,wrist_camera,10,89.52719632980018,92.30339350756653,111.97028077345607,6.63091037555573,False,False
time_offset,3,9.86516900047718,PARK_ZERO_OFFSET,FUSED_MEDIAN,10,9.35118600880466,10.98260990894684,14.231743689916525,1.7340008398803624,False,False
time_offset,3,9.86516900047718,PARK_ZERO_OFFSET,upper_arm_camera,11,15.434804207911217,15.679998262827919,19.379760157411003,1.786721411826959,False,False
time_offset,3,9.86516900047718,PARK_ZERO_OFFSET,forearm_camera,11,86.68830780023421,88.19639121051024,110.92104138477524,6.92238185071045,False,False
time_offset,3,9.86516900047718,PARK_ZERO_OFFSET,wrist_camera,11,74.56001548545532,76.60434692663812,92.81598424347196,4.592221324488148,False,False
time_offset,3,9.86516900047718,PARK_ZERO_OFFSET,FUSED_MEDIAN,11,20.030275304228823,20.569543271869705,28.381959648644894,1.266952701600226,False,False
time_offset,3,9.86516900047718,PARK_ZERO_OFFSET,upper_arm_camera,12,20.00110181786959,20.258381186339868,25.219544775286657,1.963504031991127,False,False
time_offset,3,9.86516900047718,PARK_ZERO_OFFSET,forearm_camera,12,90.92066922595912,92.4069239326479,115.9455955136029,7.437201081548699,False,False
time_offset,3,9.86516900047718,PARK_ZERO_OFFSET,wrist_camera,12,68.4083022167136,69.99984918003602,85.17514197689674,3.3657872419907684,False,False
time_offset,3,9.86516900047718,PARK_ZERO_OFFSET,FUSED_MEDIAN,12,29.074674999197935,26.678622831070655,33.34598051619221,0.938350314365102,False,False
time_offset,3,9.86516900047718,PARK_ZERO_OFFSET,upper_arm_camera,13,27.178338175087823,27.465430013004468,33.6320052962572,2.190847524651905,False,False
time_offset,3,9.86516900047718,PARK_ZERO_OFFSET,forearm_camera,13,94.4708861631831,95.9777134142585,119.61269865546154,7.798467958875288,False,False
time_offset,3,9.86516900047718,PARK_ZERO_OFFSET,wrist_camera,13,68.66757541047352,70.22986169230187,85.49211450009103,3.1431541690102125,False,False
time_offset,3,9.86516900047718,PARK_ZERO_OFFSET,FUSED_MEDIAN,13,28.342641504160436,29.113601259824875,37.04122594795427,0.918960883471171,False,False
time_offset,3,9.86516900047718,PARK_ZERO_OFFSET,upper_arm_camera,14,32.66055570143942,32.99574380576182,40.12248490496183,2.440876473320524,False,False
time_offset,3,9.86516900047718,PARK_ZERO_OFFSET,forearm_camera,14,90.74362210563116,92.28262250054372,114.82552800505887,7.797238107684933,False,False
time_offset,3,9.86516900047718,PARK_ZERO_OFFSET,wrist_camera,14,75.72291199250293,77.33482430443216,93.1116597223777,3.742399120693033,False,False
time_offset,3,9.86516900047718,PARK_ZERO_OFFSET,FUSED_MEDIAN,14,21.97279249785041,24.407521675018998,36.44056091710348,0.9630952688346311,False,False
time_offset,3,9.86516900047718,PARK_ZERO_OFFSET,upper_arm_camera,15,38.97849215975412,39.374900631911004,47.066522667693505,2.681020927983592,False,False
time_offset,3,9.86516900047718,PARK_ZERO_OFFSET,forearm_camera,15,82.79020040613817,84.33493087070086,104.82354931252075,7.4784087528498535,False,False
time_offset,3,9.86516900047718,PARK_ZERO_OFFSET,wrist_camera,15,86.97792885324685,88.69465946995135,105.89046385132954,4.250337641759072,False,False
time_offset,3,9.86516900047718,PARK_ZERO_OFFSET,FUSED_MEDIAN,15,18.393171900429177,20.801786878914502,32.71412846165887,1.0574561974493224,False,False
time_offset,3,9.86516900047718,PARK_ZERO_OFFSET,upper_arm_camera,16,44.063795816909824,44.533294906836815,52.77372582255554,2.996899201492926,False,False
time_offset,3,9.86516900047718,PARK_ZERO_OFFSET,forearm_camera,16,70.3282005542667,71.94627331986078,89.99928149101348,7.073106900720493,False,False
time_offset,3,9.86516900047718,PARK_ZERO_OFFSET,wrist_camera,16,98.90637773646796,100.77471389376333,119.75104464621732,4.7795210009204245,False,False
time_offset,3,9.86516900047718,PARK_ZERO_OFFSET,FUSED_MEDIAN,16,14.322321458931524,17.43040645370077,27.294847945929952,1.203999446562338,False,False
time_offset,3,9.86516900047718,PARK_ZERO_OFFSET,upper_arm_camera,17,46.88206629685484,47.41973579393228,55.47578811805976,3.233077453515892,False,False
time_offset,3,9.86516900047718,PARK_ZERO_OFFSET,forearm_camera,17,54.86171882603439,56.49083708597771,70.70848237467982,6.223370631917194,False,False
time_offset,3,9.86516900047718,PARK_ZERO_OFFSET,wrist_camera,17,108.88595673332932,110.90217751433366,131.60657036472554,5.050505489617029,False,False
time_offset,3,9.86516900047718,PARK_ZERO_OFFSET,FUSED_MEDIAN,17,13.905166460132781,17.000757378617568,21.52845028954857,1.3824404729308142,False,False
time_offset,3,9.86516900047718,PARK_ZERO_OFFSET,upper_arm_camera,18,47.77599058617508,48.37544964101128,57.82796635754862,3.427213146875726,False,False
time_offset,3,9.86516900047718,PARK_ZERO_OFFSET,forearm_camera,18,40.99957600024508,42.63067071377687,52.4574422320157,5.372635866085973,False,False
time_offset,3,9.86516900047718,PARK_ZERO_OFFSET,wrist_camera,18,115.03555791494647,117.11227752163124,138.56130409503695,4.977482258970245,False,False
time_offset,3,9.86516900047718,PARK_ZERO_OFFSET,FUSED_MEDIAN,18,18.468371703848007,16.18501473167154,19.16347055122161,1.6428544229212338,False,False
time_offset,3,9.86516900047718,PARK_ZERO_OFFSET,upper_arm_camera,19,45.1746549156243,45.83690416888679,56.50025733335397,3.585271281482727,False,False
time_offset,3,9.86516900047718,PARK_ZERO_OFFSET,forearm_camera,19,33.64486739566781,35.028605197082875,39.46073398361982,4.390064576292358,False,False
time_offset,3,9.86516900047718,PARK_ZERO_OFFSET,wrist_camera,19,117.58349669448249,119.713858401558,141.1328337311822,4.986950772791571,False,False
time_offset,3,9.86516900047718,PARK_ZERO_OFFSET,FUSED_MEDIAN,19,13.07629384820012,16.039522318873857,19.624404747940655,2.0655941561089417,False,False
time_offset,3,9.86516900047718,PARK_ZERO_OFFSET,upper_arm_camera,20,42.32854324476192,43.036538702670626,54.2395671701561,3.631447539519502,False,False
time_offset,3,9.86516900047718,PARK_ZERO_OFFSET,forearm_camera,20,32.84261192305569,33.828806779309026,36.0390728573067,3.594868617944284,False,False
time_offset,3,9.86516900047718,PARK_ZERO_OFFSET,wrist_camera,20,113.90597419996645,116.01717374411044,136.42600193447788,4.589465380094177,False,False
time_offset,3,9.86516900047718,PARK_ZERO_OFFSET,FUSED_MEDIAN,20,20.490753302096916,22.26043660383085,28.869537951709756,2.322159055186548,False,False
time_offset,3,9.86516900047718,PARK_ZERO_OFFSET,upper_arm_camera,21,34.056200415420264,34.855184455493465,45.97666260188722,3.634239699821117,False,False
time_offset,3,9.86516900047718,PARK_ZERO_OFFSET,forearm_camera,21,33.393099354263995,34.101122145783435,38.172176788613285,3.057519885026279,False,False
time_offset,3,9.86516900047718,PARK_ZERO_OFFSET,wrist_camera,21,107.6342373137944,109.65358004779411,128.30248722647502,4.207761850263673,False,False
time_offset,3,9.86516900047718,PARK_ZERO_OFFSET,FUSED_MEDIAN,21,24.52460324842709,24.40737949235559,30.74827217073734,2.613412109329917,False,False
time_offset,3,9.86516900047718,PARK_ZERO_OFFSET,upper_arm_camera,22,25.675034571744078,26.60471178252394,37.14989529909576,3.6401637870357777,False,False
time_offset,3,9.86516900047718,PARK_ZERO_OFFSET,forearm_camera,22,31.56898186051073,32.18530413282736,36.80711934933967,2.908993493550656,False,False
time_offset,3,9.86516900047718,PARK_ZERO_OFFSET,wrist_camera,22,96.72551780758104,98.57905666975324,114.6661271509669,3.6581286292088366,False,False
time_offset,3,9.86516900047718,PARK_ZERO_OFFSET,FUSED_MEDIAN,22,23.0905121748303,21.33208838673953,26.403805992388428,2.8364050792851745,False,False
time_offset,3,9.86516900047718,PARK_ZERO_OFFSET,upper_arm_camera,23,15.034712707986724,16.288221523581395,25.09527540726796,3.488708519172686,False,False
time_offset,3,9.86516900047718,PARK_ZERO_OFFSET,forearm_camera,23,27.145098552067772,27.756701078565076,32.67363665979344,3.1439383114134967,False,False
time_offset,3,9.86516900047718,PARK_ZERO_OFFSET,wrist_camera,23,82.14992015011553,83.6775794887477,95.87718888015755,3.0239157227484172,False,False
time_offset,3,9.86516900047718,PARK_ZERO_OFFSET,FUSED_MEDIAN,23,15.034712707986724,14.367965338102758,20.32145585289629,2.9396352308954112,False,False
time_offset,3,9.86516900047718,PARK_ZERO_OFFSET,upper_arm_camera,24,6.950632407188843,9.014632387023052,14.349090763262291,3.3589951823146675,False,False
time_offset,3,9.86516900047718,PARK_ZERO_OFFSET,forearm_camera,24,20.618293794561662,21.45905061171996,25.226537312928787,3.6411421750012813,False,False
time_offset,3,9.86516900047718,PARK_ZERO_OFFSET,wrist_camera,24,65.17696692783561,66.29696369961813,73.87939686940015,2.2604930542705994,False,False
time_offset,3,9.86516900047718,PARK_ZERO_OFFSET,FUSED_MEDIAN,24,6.950632407188843,8.6066951499519,12.142739637803214,2.961971112865983,False,False
time_offset,3,9.86516900047718,PARK_ZERO_OFFSET,upper_arm_camera,25,7.869511411803674,9.486105056900133,13.584773614815523,3.1486891445445857,False,False
time_offset,3,9.86516900047718,PARK_ZERO_OFFSET,forearm_camera,25,19.765495068664762,20.800177538722668,24.812691509838846,4.23354737593551,False,False
time_offset,3,9.86516900047718,PARK_ZERO_OFFSET,wrist_camera,25,44.967312791042005,45.5873180716695,46.30546059216518,1.4317662373117948,False,False
time_offset,3,9.86516900047718,PARK_ZERO_OFFSET,FUSED_MEDIAN,25,8.676414201574422,11.690347747493773,19.96536317413512,2.8267010506068333,False,False
time_offset,3,9.86516900047718,PARK_ZERO_OFFSET,upper_arm_camera,26,14.513879556198674,15.346645715795061,21.369422077883826,2.9694257849734123,False,False
time_offset,3,9.86516900047718,PARK_ZERO_OFFSET,forearm_camera,26,25.162502726734473,26.12736421711658,33.93102582364482,4.76180285348344,False,False
time_offset,3,9.86516900047718,PARK_ZERO_OFFSET,wrist_camera,26,37.90631008599562,38.09882938737167,41.12202928273016,1.620874712371021,False,False
time_offset,3,9.86516900047718,PARK_ZERO_OFFSET,FUSED_MEDIAN,26,14.14698157481495,15.40186288017205,20.531754465183152,2.605312127239821,False,False
time_offset,3,9.86516900047718,PARK_ZERO_OFFSET,upper_arm_camera,27,19.742143482001374,20.358138923704598,27.128931010917658,2.72591035447544,False,False
time_offset,3,9.86516900047718,PARK_ZERO_OFFSET,forearm_camera,27,35.40416612070123,36.29831588121154,46.798225255538696,5.282278895695957,False,False
time_offset,3,9.86516900047718,PARK_ZERO_OFFSET,wrist_camera,27,64.60673432778655,65.01814729340846,71.34054416657827,2.976695915865436,False,False
time_offset,3,9.86516900047718,PARK_ZERO_OFFSET,FUSED_MEDIAN,27,18.06720805037682,18.659143303447326,24.882321017503923,2.2865901967645725,False,False
time_offset,3,9.86516900047718,PARK_ZERO_OFFSET,upper_arm_camera,28,24.260548582504747,24.77868472446057,31.99414138726341,2.4980146567623023,False,False
time_offset,3,9.86516900047718,PARK_ZERO_OFFSET,forearm_camera,28,45.450142553168334,46.39280596430014,58.808750043310205,5.773167207384978,False,False
time_offset,3,9.86516900047718,PARK_ZERO_OFFSET,wrist_camera,28,109.08298579196244,110.02186820143609,126.79405214641551,5.391780455177457,False,False
time_offset,3,9.86516900047718,PARK_ZERO_OFFSET,FUSED_MEDIAN,28,22.22440992591199,22.854010785068045,29.762579467137037,2.081089259919551,False,False
time_offset,3,9.86516900047718,PARK_ZERO_OFFSET,upper_arm_camera,29,27.938846951068975,28.423613545161622,35.79286842529172,2.2494470720592017,False,False
time_offset,3,9.86516900047718,PARK_ZERO_OFFSET,forearm_camera,29,53.12852154556765,54.196629442447545,68.0271990824356,6.114355970242924,False,False
time_offset,3,9.86516900047718,PARK_ZERO_OFFSET,wrist_camera,29,166.3096100471171,167.8326134560811,195.87505156288478,8.993426388301927,False,False
time_offset,3,9.86516900047718,PARK_ZERO_OFFSET,FUSED_MEDIAN,29,24.668678521474828,25.48504849871257,33.03028539044448,2.29252273336314,False,False
time_offset,3,9.86516900047718,PARK_ZERO_OFFSET,upper_arm_camera,30,31.840159472984755,32.3656407972614,40.21129346508849,2.12171893809707,False,False
time_offset,3,9.86516900047718,PARK_ZERO_OFFSET,forearm_camera,30,58.648194178864664,59.94359062710152,74.74209405719061,6.62973225379839,False,False
time_offset,3,9.86516900047718,PARK_ZERO_OFFSET,wrist_camera,30,213.50251844006053,215.44769878448093,252.0030611709137,12.172811803373051,False,False
time_offset,3,9.86516900047718,PARK_ZERO_OFFSET,FUSED_MEDIAN,30,26.482231623281297,27.617183930618886,36.06737245808813,2.979871853308131,False,False
time_offset,3,9.86516900047718,PARK_ZERO_OFFSET,upper_arm_camera,31,33.95377353105477,34.50595471793023,42.48267807580236,1.9618405721418493,False,False
time_offset,3,9.86516900047718,PARK_ZERO_OFFSET,forearm_camera,31,61.716409903729975,63.273955414755875,79.00973402626805,6.778621014144719,False,False
time_offset,3,9.86516900047718,PARK_ZERO_OFFSET,wrist_camera,31,260.7128779227769,263.052165031547,308.3938152670409,15.745299353401611,False,False
time_offset,3,9.86516900047718,PARK_ZERO_OFFSET,FUSED_MEDIAN,31,29.21065627628883,30.67068587612562,40.94313787756082,3.8778766801189,False,False
time_offset,3,9.86516900047718,PARK_ZERO_OFFSET,upper_arm_camera,32,38.636404271707015,39.27648708309564,47.896550558575825,1.796434769072694,False,False
time_offset,3,9.86516900047718,PARK_ZERO_OFFSET,forearm_camera,32,61.955409125552954,63.91404942846318,79.9813477360769,6.972225787666818,False,False
time_offset,3,9.86516900047718,PARK_ZERO_OFFSET,wrist_camera,32,291.39133672913977,293.94405422774946,345.76105425823783,18.5810586943603,False,False
time_offset,3,9.86516900047718,PARK_ZERO_OFFSET,FUSED_MEDIAN,32,32.84392773958863,34.90851398784126,47.024230850911636,4.752015479543206,False,False
time_offset,3,9.86516900047718,PARK_ZERO_OFFSET,upper_arm_camera,33,42.613509902403315,43.328223153844654,52.56847342744183,1.6639618568271188,False,False
time_offset,3,9.86516900047718,PARK_ZERO_OFFSET,forearm_camera,33,58.90477179366518,61.415270209377795,76.87530066231595,7.244382493950931,False,False
time_offset,3,9.86516900047718,PARK_ZERO_OFFSET,wrist_camera,33,305.56359765042015,308.1998949919899,364.80138309208553,20.667103801575845,False,False
time_offset,3,9.86516900047718,PARK_ZERO_OFFSET,FUSED_MEDIAN,33,43.76094498764223,44.89706473854201,53.84224235914307,5.461534436050436,False,False
time_offset,3,9.86516900047718,PARK_ZERO_OFFSET,upper_arm_camera,34,47.35781238688337,48.155535333739394,58.049901271907686,1.401906131925147,False,False
time_offset,3,9.86516900047718,PARK_ZERO_OFFSET,forearm_camera,34,57.432439216974124,60.460721031753394,75.08955671978514,7.3997567074068336,False,False
time_offset,3,9.86516900047718,PARK_ZERO_OFFSET,wrist_camera,34,299.88626302014967,302.4428496121662,360.2093374409017,21.428237981794943,False,False
time_offset,3,9.86516900047718,PARK_ZERO_OFFSET,FUSED_MEDIAN,34,50.355551562797736,52.028805422326236,62.06856146687587,5.7251935216913905,False,False
time_offset,3,9.86516900047718,PARK_ZERO_OFFSET,upper_arm_camera,35,50.847499847004336,51.741113368389726,62.411666808128366,1.4205378931841324,False,False
time_offset,3,9.86516900047718,PARK_ZERO_OFFSET,forearm_camera,35,59.03650197031167,62.36242402331115,75.40470803861768,7.364373926591573,False,False
time_offset,3,9.86516900047718,PARK_ZERO_OFFSET,wrist_camera,35,271.43994645197444,273.8017290674645,327.66046741690604,20.854603193980306,False,False
time_offset,3,9.86516900047718,PARK_ZERO_OFFSET,FUSED_MEDIAN,35,57.26288129384036,60.20526932927497,73.1313924220336,5.527692542735576,False,False
time_offset,3,2645.170720999886,TIME_AWARE_PARK,upper_arm_camera,0,0.8576694816522618,0.8641652193849682,0.8905568424962476,0.009120184256818308,True,True
time_offset,3,2645.170720999886,TIME_AWARE_PARK,forearm_camera,0,8.22869018303293,8.430849118194894,10.13218495587629,0.6251359466406301,False,False
time_offset,3,2645.170720999886,TIME_AWARE_PARK,wrist_camera,0,21.570496696061866,21.91542428030048,26.100230597292587,1.7967143347738375,False,False
time_offset,3,2645.170720999886,TIME_AWARE_PARK,FUSED_MEDIAN,0,1.7275457333181485,2.0588956439598007,3.2656488074848125,0.48048272034949996,True,True
time_offset,3,2645.170720999886,TIME_AWARE_PARK,upper_arm_camera,1,1.0224093739605824,1.0306402444831917,1.205882796691434,0.0617687998687583,True,True
time_offset,3,2645.170720999886,TIME_AWARE_PARK,forearm_camera,1,11.655897371524793,11.902567270506665,14.474505664133018,0.7167200513943655,False,False
time_offset,3,2645.170720999886,TIME_AWARE_PARK,wrist_camera,1,30.020837275325935,30.48971339303909,36.50753780989396,2.4956322395559236,False,False
time_offset,3,2645.170720999886,TIME_AWARE_PARK,FUSED_MEDIAN,1,3.200890177344814,2.921191577103458,3.810349661070119,0.6527395018149988,False,True
time_offset,3,2645.170720999886,TIME_AWARE_PARK,upper_arm_camera,2,0.6396391755199439,0.6510484401571797,0.7331856038969998,0.054741679653821054,True,True
time_offset,3,2645.170720999886,TIME_AWARE_PARK,forearm_camera,2,10.351813663075012,10.581131762626761,12.888196888323344,0.6928428568178451,False,False
time_offset,3,2645.170720999886,TIME_AWARE_PARK,wrist_camera,2,35.4779924179565,36.042573621145436,43.988494436132406,2.9714489857377635,False,False
time_offset,3,2645.170720999886,TIME_AWARE_PARK,FUSED_MEDIAN,2,0.6396391755199439,0.7629845182397106,1.0747955352568392,0.8524754551423921,True,True
time_offset,3,2645.170720999886,TIME_AWARE_PARK,upper_arm_camera,3,1.0648088892846923,1.074230991306973,1.2631255006753557,0.06743326505877313,True,True
time_offset,3,2645.170720999886,TIME_AWARE_PARK,forearm_camera,3,11.346978298871027,11.577852670512321,13.781481998791248,0.5647166593402958,False,False
time_offset,3,2645.170720999886,TIME_AWARE_PARK,wrist_camera,3,37.41922145449216,38.053855011550496,47.13009988969272,3.120073357275743,False,False
time_offset,3,2645.170720999886,TIME_AWARE_PARK,FUSED_MEDIAN,3,1.0648088892846923,1.074230991306973,1.2631255006753557,0.9244634013768098,True,True
time_offset,3,2645.170720999886,TIME_AWARE_PARK,upper_arm_camera,4,0.99776780525321,1.0128414943795103,1.2490117955989641,0.07890319608532194,True,True
time_offset,3,2645.170720999886,TIME_AWARE_PARK,forearm_camera,4,10.955114026036734,11.177343082934595,13.468294072981418,0.5117419670345299,False,False
time_offset,3,2645.170720999886,TIME_AWARE_PARK,wrist_camera,4,36.959043411832056,37.69888915049909,47.288878418893965,3.011331903915192,False,False
time_offset,3,2645.170720999886,TIME_AWARE_PARK,FUSED_MEDIAN,4,0.99776780525321,1.0128414943795103,1.2490117955989641,0.8851090135950676,True,True
time_offset,3,2645.170720999886,TIME_AWARE_PARK,upper_arm_camera,5,0.5076736329306247,0.5427439564655552,0.8280555346482316,0.10226312333558997,True,True
time_offset,3,2645.170720999886,TIME_AWARE_PARK,forearm_camera,5,9.239592944211335,9.443477062478069,11.504339624477899,0.41773298817745413,False,False
time_offset,3,2645.170720999886,TIME_AWARE_PARK,wrist_camera,5,34.61359779609696,35.40769775434902,44.63523328273103,2.8787958990290634,False,False
time_offset,3,2645.170720999886,TIME_AWARE_PARK,FUSED_MEDIAN,5,0.5076736329306247,0.5427439564655552,0.8280555346482316,0.8565098779034171,True,True
time_offset,3,2645.170720999886,TIME_AWARE_PARK,upper_arm_camera,6,1.0708091592587314,1.117676531668559,1.540580895884916,0.18363608358975134,True,True
time_offset,3,2645.170720999886,TIME_AWARE_PARK,forearm_camera,6,7.9808687778615495,8.167968137690755,9.748029204094516,0.29944524541197753,False,False
time_offset,3,2645.170720999886,TIME_AWARE_PARK,wrist_camera,6,31.595460609458122,32.40832097572427,40.95906442308412,2.4826591350140323,False,False
time_offset,3,2645.170720999886,TIME_AWARE_PARK,FUSED_MEDIAN,6,1.2735143331141539,1.4816784377299872,1.969624115283524,0.7918119358032842,True,True
time_offset,3,2645.170720999886,TIME_AWARE_PARK,upper_arm_camera,7,0.9756186225733997,1.0046682702349363,1.2606540710678495,0.13950942896685506,True,True
time_offset,3,2645.170720999886,TIME_AWARE_PARK,forearm_camera,7,6.895985441435157,7.020939371012207,8.19813938430209,0.24622419820856434,False,False
time_offset,3,2645.170720999886,TIME_AWARE_PARK,wrist_camera,7,26.80424867738672,27.57489085698485,34.85595988256637,2.127044666390534,False,False
time_offset,3,2645.170720999886,TIME_AWARE_PARK,FUSED_MEDIAN,7,2.43806131619993,2.4521633861028285,2.7976342088957633,0.7019105661328662,False,True
time_offset,3,2645.170720999886,TIME_AWARE_PARK,upper_arm_camera,8,0.8976282664943577,0.9450104774979994,1.320027854761066,0.1682028662225191,True,True
time_offset,3,2645.170720999886,TIME_AWARE_PARK,forearm_camera,8,6.306696938290784,6.423876079280377,7.607507830620967,0.3333895488680399,False,False
time_offset,3,2645.170720999886,TIME_AWARE_PARK,wrist_camera,8,21.553621339328803,22.188175160211173,27.726419746677376,1.737016868661427,False,False
time_offset,3,2645.170720999886,TIME_AWARE_PARK,FUSED_MEDIAN,8,3.433961508362174,3.197623099990358,4.137277144878467,0.5513624120861086,False,True
time_offset,3,2645.170720999886,TIME_AWARE_PARK,upper_arm_camera,9,1.2995972030473444,1.3403428253019287,1.697223884595909,0.18778734965442254,True,True
time_offset,3,2645.170720999886,TIME_AWARE_PARK,forearm_camera,9,6.871750609273499,7.051940266868774,8.836520407040727,0.4947889985635358,False,False
time_offset,3,2645.170720999886,TIME_AWARE_PARK,wrist_camera,9,16.598848652724275,17.100532119542358,21.163911445516025,1.3572317559583582,False,False
time_offset,3,2645.170720999886,TIME_AWARE_PARK,FUSED_MEDIAN,9,2.86135428112335,3.162317423824859,4.7939256877486125,0.4394791204343999,False,True
time_offset,3,2645.170720999886,TIME_AWARE_PARK,upper_arm_camera,10,1.379372727175651,1.4104509953641378,1.6741883861703197,0.20344011740441317,True,True
time_offset,3,2645.170720999886,TIME_AWARE_PARK,forearm_camera,10,6.598976776161251,6.729059136380564,8.525537539288798,0.5516095832383653,False,False
time_offset,3,2645.170720999886,TIME_AWARE_PARK,wrist_camera,10,14.069853768714303,14.503953479789898,17.67968224838353,1.0621100454294838,False,False
time_offset,3,2645.170720999886,TIME_AWARE_PARK,FUSED_MEDIAN,10,1.2456048875142556,1.55850099427337,2.0515453395084697,0.34208131066510633,True,True
time_offset,3,2645.170720999886,TIME_AWARE_PARK,upper_arm_camera,11,3.4357271595602725,3.4717434353870824,4.115957206854934,0.20957569129444525,False,True
time_offset,3,2645.170720999886,TIME_AWARE_PARK,forearm_camera,11,8.850192869184061,8.991345831214053,11.191795487587811,0.6809557122250902,False,False
time_offset,3,2645.170720999886,TIME_AWARE_PARK,wrist_camera,11,11.248988136943762,11.56785854542626,13.932777748200513,0.7246423401486356,False,False
time_offset,3,2645.170720999886,TIME_AWARE_PARK,FUSED_MEDIAN,11,3.6486914070654715,3.6332533644041174,4.519317107508764,0.21650048136185418,False,True
time_offset,3,2645.170720999886,TIME_AWARE_PARK,upper_arm_camera,12,2.5373808385849435,2.5676784802402968,3.176726442548058,0.23254817810150102,False,True
time_offset,3,2645.170720999886,TIME_AWARE_PARK,forearm_camera,12,7.400930671982683,7.525138674278168,9.517908869874269,0.6372834264599255,False,False
time_offset,3,2645.170720999886,TIME_AWARE_PARK,wrist_camera,12,10.238782289875243,10.451850899288072,12.589924752176987,0.5620125265490151,False,False
time_offset,3,2645.170720999886,TIME_AWARE_PARK,FUSED_MEDIAN,12,2.9014689430521265,2.9321641999841233,3.7065607226233817,0.08493911473780724,False,True
time_offset,3,2645.170720999886,TIME_AWARE_PARK,upper_arm_camera,13,3.877552350916745,3.910955919969389,4.676892989698908,0.273882899510992,False,True
time_offset,3,2645.170720999886,TIME_AWARE_PARK,forearm_camera,13,8.687845210032261,8.819572311112374,10.89530172694354,0.699375630611614,False,False
time_offset,3,2645.170720999886,TIME_AWARE_PARK,wrist_camera,13,9.614163113053973,9.873095602674358,12.246433805495087,0.43330769997695506,False,False
time_offset,3,2645.170720999886,TIME_AWARE_PARK,FUSED_MEDIAN,13,3.5529692959364856,3.776245413402855,4.716645989437809,0.047382087181554976,False,True
time_offset,3,2645.170720999886,TIME_AWARE_PARK,upper_arm_camera,14,4.021437782039137,4.071213118890752,5.030175195829863,0.30496838396508347,False,True
time_offset,3,2645.170720999886,TIME_AWARE_PARK,forearm_camera,14,7.38445356416186,7.5301253582130805,9.455957109729107,0.6836388418654554,False,False
time_offset,3,2645.170720999886,TIME_AWARE_PARK,wrist_camera,14,10.604097415212028,10.828820578256694,13.086735428780738,0.512475886445131,False,False
time_offset,3,2645.170720999886,TIME_AWARE_PARK,FUSED_MEDIAN,14,2.6388563035876915,2.904954800561561,4.3418499776022665,0.027384518605213074,False,True
time_offset,3,2645.170720999886,TIME_AWARE_PARK,upper_arm_camera,15,4.564587854427743,4.60875249620359,5.420603617940693,0.30058757833894995,False,True
time_offset,3,2645.170720999886,TIME_AWARE_PARK,forearm_camera,15,6.929823663676615,7.058009386166461,8.729659921990136,0.6231707710658493,False,False
time_offset,3,2645.170720999886,TIME_AWARE_PARK,wrist_camera,15,12.374239305438465,12.585601829847022,14.927751639436243,0.49741239106963325,False,False
time_offset,3,2645.170720999886,TIME_AWARE_PARK,FUSED_MEDIAN,15,2.3266468120352064,2.539859035179821,3.788275607293322,0.09758547150969978,False,True
time_offset,3,2645.170720999886,TIME_AWARE_PARK,upper_arm_camera,16,5.343788560414191,5.403276575860936,6.465227501538118,0.37551912939964843,False,False
time_offset,3,2645.170720999886,TIME_AWARE_PARK,forearm_camera,16,6.160514998923072,6.343103158608009,8.129976901714082,0.7173112654037646,False,False
time_offset,3,2645.170720999886,TIME_AWARE_PARK,wrist_camera,16,14.095443893558766,14.341116618812622,16.8958402268284,0.6877416427367138,False,False
time_offset,3,2645.170720999886,TIME_AWARE_PARK,FUSED_MEDIAN,16,1.7124846349036518,2.169211046589111,3.2584983590651335,0.16603490784497826,True,True
time_offset,3,2645.170720999886,TIME_AWARE_PARK,upper_arm_camera,17,5.4613860152785145,5.5305764757615865,6.515030545730924,0.39581720730012404,False,False
time_offset,3,2645.170720999886,TIME_AWARE_PARK,forearm_camera,17,4.35336825741275,4.515564617678411,5.617966562632383,0.5541415693331564,False,True
time_offset,3,2645.170720999886,TIME_AWARE_PARK,wrist_camera,17,15.705039860384938,16.003297637849432,19.026112601047476,0.7895874683903905,False,False
time_offset,3,2645.170720999886,TIME_AWARE_PARK,FUSED_MEDIAN,17,1.5711333786463284,1.9683102767588787,3.0498483988706475,0.22979124225213868,True,True
time_offset,3,2645.170720999886,TIME_AWARE_PARK,upper_arm_camera,18,5.682719811704052,5.757504455510239,6.922524346490366,0.4186340021630941,False,False
time_offset,3,2645.170720999886,TIME_AWARE_PARK,forearm_camera,18,2.9591011944001413,3.151969041713695,3.840468095299088,0.5085612415154688,False,True
time_offset,3,2645.170720999886,TIME_AWARE_PARK,wrist_camera,18,16.777373408307618,17.06458255485649,20.149283010074406,0.7003895445738653,False,False
time_offset,3,2645.170720999886,TIME_AWARE_PARK,FUSED_MEDIAN,18,1.861758602581926,1.7852417658617437,2.3583803329278825,0.22705855686039658,True,True
time_offset,3,2645.170720999886,TIME_AWARE_PARK,upper_arm_camera,19,4.961043132546008,5.048094180967734,6.4342452547846305,0.4729667990007235,False,True
time_offset,3,2645.170720999886,TIME_AWARE_PARK,forearm_camera,19,3.0035909676578236,3.1117176458360434,3.2454654154845928,0.3566463044754314,False,True
time_offset,3,2645.170720999886,TIME_AWARE_PARK,wrist_camera,19,18.09594113866716,18.404251505313265,21.54750750692108,0.8292243276381622,False,False
time_offset,3,2645.170720999886,TIME_AWARE_PARK,FUSED_MEDIAN,19,1.4067162740925518,1.5849387274771587,2.31569648840259,0.3543316235931749,True,True
time_offset,3,2645.170720999886,TIME_AWARE_PARK,upper_arm_camera,20,6.090729391515874,6.167156344177923,7.557651459174487,0.44491155175629127,False,False
time_offset,3,2645.170720999886,TIME_AWARE_PARK,forearm_camera,20,3.193409364363801,3.2695052405815557,3.627447742952956,0.3070489905581913,False,True
time_offset,3,2645.170720999886,TIME_AWARE_PARK,wrist_camera,20,17.060787601095797,17.359512007958607,20.347593483948383,0.6805257737994439,False,False
time_offset,3,2645.170720999886,TIME_AWARE_PARK,FUSED_MEDIAN,20,3.0147548260279913,3.0730152491239315,3.36187833059042,0.3231765103522779,False,True
time_offset,3,2645.170720999886,TIME_AWARE_PARK,upper_arm_camera,21,4.143330417754409,4.238636026494856,5.582195280287735,0.44040186564885403,False,True
time_offset,3,2645.170720999886,TIME_AWARE_PARK,forearm_camera,21,2.8636967054184255,2.9448158006807454,3.3276412841741294,0.28134687589160934,False,True
time_offset,3,2645.170720999886,TIME_AWARE_PARK,wrist_camera,21,16.733745840530233,17.01711597757002,19.788476467132973,0.6724476413123867,False,False
time_offset,3,2645.170720999886,TIME_AWARE_PARK,FUSED_MEDIAN,21,2.3867447696974797,2.516748254388061,2.9492368022187545,0.3572573916269952,False,True
time_offset,3,2645.170720999886,TIME_AWARE_PARK,upper_arm_camera,22,3.752917408771002,3.8603250372930598,5.265411828518504,0.4865992264431345,False,True
time_offset,3,2645.170720999886,TIME_AWARE_PARK,forearm_camera,22,2.72159693967658,2.832514661933492,3.15548670079164,0.2684765022898815,False,True
time_offset,3,2645.170720999886,TIME_AWARE_PARK,wrist_camera,22,14.857222802654642,15.131850803149037,17.582974490319376,0.5925290103490115,False,False
time_offset,3,2645.170720999886,TIME_AWARE_PARK,FUSED_MEDIAN,22,1.9280639216226778,1.992287198042133,2.5470968904586835,0.3878389359390646,True,True
time_offset,3,2645.170720999886,TIME_AWARE_PARK,upper_arm_camera,23,1.6265812884037025,1.7761480601370556,2.7603952446561784,0.4180930927771961,True,True
time_offset,3,2645.170720999886,TIME_AWARE_PARK,forearm_camera,23,2.3547143745744643,2.4064510935635908,2.7398730364477446,0.2674063091113918,False,True
time_offset,3,2645.170720999886,TIME_AWARE_PARK,wrist_camera,23,12.304860667981202,12.510415711579707,14.132315380327213,0.512968234694652,False,False
time_offset,3,2645.170720999886,TIME_AWARE_PARK,FUSED_MEDIAN,23,1.0217169141847768,1.0951548519998808,1.6555622225274664,0.367259832510239,True,True
time_offset,3,2645.170720999886,TIME_AWARE_PARK,upper_arm_camera,24,0.8127246669561753,1.063278490132974,1.437705849179687,0.41358266748886363,True,True
time_offset,3,2645.170720999886,TIME_AWARE_PARK,forearm_camera,24,1.185252998176148,1.2936118793877505,1.5794115410977365,0.31054139572099326,True,True
time_offset,3,2645.170720999886,TIME_AWARE_PARK,wrist_camera,24,10.242703487151429,10.400955237670853,11.645376007741712,0.3919544418490786,False,False
time_offset,3,2645.170720999886,TIME_AWARE_PARK,FUSED_MEDIAN,24,0.8127246669561753,1.0545667176891,1.437705849179687,0.36112908751347267,True,True
time_offset,3,2645.170720999886,TIME_AWARE_PARK,upper_arm_camera,25,1.367352022744139,1.498320844488397,1.8867022273021348,0.35582381329643464,True,True
time_offset,3,2645.170720999886,TIME_AWARE_PARK,forearm_camera,25,2.3352045305012163,2.441170707998691,3.226899757493009,0.3808803632749987,False,True
time_offset,3,2645.170720999886,TIME_AWARE_PARK,wrist_camera,25,6.485063831117831,6.607132917151956,6.9413551315016875,0.23971159348617666,False,False
time_offset,3,2645.170720999886,TIME_AWARE_PARK,FUSED_MEDIAN,25,1.8426850879159868,1.858790097629833,2.6307883033835457,0.3054001351125213,True,True
time_offset,3,2645.170720999886,TIME_AWARE_PARK,upper_arm_camera,26,2.4574651744403373,2.5208728273285876,3.317293689976547,0.36549432338800886,False,True
time_offset,3,2645.170720999886,TIME_AWARE_PARK,forearm_camera,26,2.0819036855333417,2.1826040805852647,2.901981615473819,0.3897256901023721,False,True
time_offset,3,2645.170720999886,TIME_AWARE_PARK,wrist_camera,26,4.627756195846485,4.724742621636388,5.276228125409574,0.41512814995381736,False,True
time_offset,3,2645.170720999886,TIME_AWARE_PARK,FUSED_MEDIAN,26,1.9495969659273982,2.149394378256655,2.8102199729615345,0.28423596554738484,True,True
time_offset,3,2645.170720999886,TIME_AWARE_PARK,upper_arm_camera,27,2.517888866572299,2.5840124404468368,3.3741037293999834,0.31694860787220663,False,True
time_offset,3,2645.170720999886,TIME_AWARE_PARK,forearm_camera,27,3.1495725668548924,3.2226021143802597,4.169805249483838,0.4399888767215605,False,True
time_offset,3,2645.170720999886,TIME_AWARE_PARK,wrist_camera,27,8.198335757142914,8.234122778104824,8.727389070199859,0.3297605712303369,False,False
time_offset,3,2645.170720999886,TIME_AWARE_PARK,FUSED_MEDIAN,27,2.1710669652086136,2.2365422586209918,2.978382556227529,0.2174537433258831,False,True
time_offset,3,2645.170720999886,TIME_AWARE_PARK,upper_arm_camera,28,3.119505285383998,3.173166429104142,4.016635789649832,0.2902808180160218,False,True
time_offset,3,2645.170720999886,TIME_AWARE_PARK,forearm_camera,28,4.465102505569881,4.548676384368186,5.70753625767645,0.5147676921394759,False,True
time_offset,3,2645.170720999886,TIME_AWARE_PARK,wrist_camera,28,13.62706782332352,13.721124082368494,15.567141538306846,0.529278424558052,False,False
time_offset,3,2645.170720999886,TIME_AWARE_PARK,FUSED_MEDIAN,28,3.0878944974415146,3.1483347543269344,3.9982912379379134,0.19257154492068346,False,True
time_offset,3,2645.170720999886,TIME_AWARE_PARK,upper_arm_camera,29,3.5874930327545935,3.63031487817953,4.402041148753633,0.22982542229019687,False,True
time_offset,3,2645.170720999886,TIME_AWARE_PARK,forearm_camera,29,4.739630902857144,4.83234063481295,6.053674844378854,0.4955290652985674,False,True
time_offset,3,2645.170720999886,TIME_AWARE_PARK,wrist_camera,29,25.924920362984295,26.141564432855095,30.51361451407841,1.3973083339767465,False,False
time_offset,3,2645.170720999886,TIME_AWARE_PARK,FUSED_MEDIAN,29,3.210080818526301,3.276014546953268,4.067948430732427,0.3401509919713025,False,True
time_offset,3,2645.170720999886,TIME_AWARE_PARK,upper_arm_camera,30,4.4633379824575234,4.529949193818259,5.565548062472264,0.26878215463008226,False,True
time_offset,3,2645.170720999886,TIME_AWARE_PARK,forearm_camera,30,5.194397545177658,5.3294351587622435,6.597597935271265,0.7096876693096847,False,False
time_offset,3,2645.170720999886,TIME_AWARE_PARK,wrist_camera,30,28.763770522417992,29.00236743769957,33.795151473764136,1.552201436031649,False,False
time_offset,3,2645.170720999886,TIME_AWARE_PARK,FUSED_MEDIAN,30,3.6703677953823832,3.7518317676982553,4.434867642784332,0.4179410954736197,False,True
time_offset,3,2645.170720999886,TIME_AWARE_PARK,upper_arm_camera,31,3.628147951765401,3.6814962831291815,4.55593424420181,0.25380286961738996,False,True
time_offset,3,2645.170720999886,TIME_AWARE_PARK,forearm_camera,31,5.432464847290597,5.553309636157847,6.8676614716752855,0.5867398347496916,False,False
time_offset,3,2645.170720999886,TIME_AWARE_PARK,wrist_camera,31,37.83431780302945,38.16049361779706,44.60675303993551,2.149666184540666,False,False
time_offset,3,2645.170720999886,TIME_AWARE_PARK,FUSED_MEDIAN,31,3.43786485808249,3.537381314976384,4.462944160504038,0.5589934014029361,False,True
time_offset,3,2645.170720999886,TIME_AWARE_PARK,upper_arm_camera,32,4.700413686737248,4.780525975182103,5.813442281526534,0.21037799627207893,False,True
time_offset,3,2645.170720999886,TIME_AWARE_PARK,forearm_camera,32,5.789550768957573,5.945980845140519,7.337411111231292,0.562291031632901,False,False
time_offset,3,2645.170720999886,TIME_AWARE_PARK,wrist_camera,32,41.72191804898167,42.0733385388352,49.19421401853691,2.4736643077757123,False,False
time_offset,3,2645.170720999886,TIME_AWARE_PARK,FUSED_MEDIAN,32,3.6142718059937136,3.776532458222412,4.932355558509664,0.6863978252212215,False,True
time_offset,3,2645.170720999886,TIME_AWARE_PARK,upper_arm_camera,33,5.044666107626475,5.128064795158516,6.208955216114676,0.19389045549964085,False,False
time_offset,3,2645.170720999886,TIME_AWARE_PARK,forearm_camera,33,4.906388294129095,5.152541774324271,6.289197459216594,0.6649374056563236,False,True
time_offset,3,2645.170720999886,TIME_AWARE_PARK,wrist_camera,33,43.605828092855404,43.98935206576041,51.9729171842592,2.9017743397032567,False,False
time_offset,3,2645.170720999886,TIME_AWARE_PARK,FUSED_MEDIAN,33,5.112633646149368,4.949738369545995,5.374141189180512,0.8628919854541189,False,False
time_offset,3,2645.170720999886,TIME_AWARE_PARK,upper_arm_camera,34,6.449018680926069,6.538939253451176,7.703084346312652,0.09387520539374951,False,False
time_offset,3,2645.170720999886,TIME_AWARE_PARK,forearm_camera,34,5.292002685440618,5.566456017665263,6.908391227830537,0.6999214211792102,False,False
time_offset,3,2645.170720999886,TIME_AWARE_PARK,wrist_camera,34,44.220513523451935,44.60437025358532,53.031648304140575,3.103102070549592,False,False
time_offset,3,2645.170720999886,TIME_AWARE_PARK,FUSED_MEDIAN,34,6.574231430572381,6.6671387145328245,7.7430851474425015,0.9346074879837325,False,False
time_offset,3,2645.170720999886,TIME_AWARE_PARK,upper_arm_camera,35,6.419991345760933,6.525138505964874,7.813978413017505,0.17146990593729566,False,False
time_offset,3,2645.170720999886,TIME_AWARE_PARK,forearm_camera,35,5.548179380277186,5.8231370285949895,6.98281483047342,0.610420437953351,False,False
time_offset,3,2645.170720999886,TIME_AWARE_PARK,wrist_camera,35,41.35657652493476,41.709607137412604,49.76437013010515,3.0843534361739224,False,False
time_offset,3,2645.170720999886,TIME_AWARE_PARK,FUSED_MEDIAN,35,6.81056185977822,6.845686688968577,7.967064462602638,0.9078448220742774,False,False
gaussian,4,14.105665000897716,PARK,upper_arm_camera,0,0.3999447419270105,0.4029111048376134,0.4694800417387808,0.026096096943412913,True,True
gaussian,4,14.105665000897716,PARK,forearm_camera,0,0.8003403522706515,0.813985306677022,0.932353105177902,0.03513829419310454,True,True
gaussian,4,14.105665000897716,PARK,wrist_camera,0,0.49924792765901294,0.5140351423068452,0.6319272474915388,0.057167735740280584,True,True
gaussian,4,14.105665000897716,PARK,FUSED_MEDIAN,0,0.5367905139256404,0.5436906599612618,0.6200727409606848,0.03223836668850645,True,True
gaussian,4,14.105665000897716,PARK,upper_arm_camera,1,1.2642983899008864,1.280470239459032,1.5566791309142607,0.07469438398815043,True,True
gaussian,4,14.105665000897716,PARK,forearm_camera,1,0.9847280822661696,1.000842009731446,1.2009165878414558,0.07322006825239764,True,True
gaussian,4,14.105665000897716,PARK,wrist_camera,1,3.659230344757632,3.6896013942131316,4.035031121040308,0.2553704955230218,False,True
gaussian,4,14.105665000897716,PARK,FUSED_MEDIAN,1,0.9971049164716329,1.0325258957198482,1.2174771336126229,0.08065418754953672,True,True
gaussian,4,14.105665000897716,PARK,upper_arm_camera,2,0.9751251628848158,0.9849348206346215,1.0600993124187008,0.07619278820536707,True,True
gaussian,4,14.105665000897716,PARK,forearm_camera,2,1.184012731300673,1.224125026820502,1.6434709671791232,0.15267337000210354,True,True
gaussian,4,14.105665000897716,PARK,wrist_camera,2,0.8666046941727452,0.8900308156835566,1.1032538700210894,0.043715084907659595,True,True
gaussian,4,14.105665000897716,PARK,FUSED_MEDIAN,2,0.713640736601093,0.7343102679980054,0.8679611506107229,0.042628960717778226,True,True
gaussian,4,14.105665000897716,PARK,upper_arm_camera,3,1.7321731198330688,1.7648989970239506,2.2354715189850953,0.16752471924519538,True,True
gaussian,4,14.105665000897716,PARK,forearm_camera,3,0.8156188685741963,0.839953887033485,1.0308085587467453,0.08155139686163702,True,True
gaussian,4,14.105665000897716,PARK,wrist_camera,3,2.02912761134011,2.0484292000900584,2.3702912402411935,0.010399402765826444,False,True
gaussian,4,14.105665000897716,PARK,FUSED_MEDIAN,3,0.8156188685741963,0.839953887033485,1.0308085587467453,0.05245651986467142,True,True
gaussian,4,14.105665000897716,PARK,upper_arm_camera,4,1.4812338320683678,1.4980048923843132,1.8174906022912098,0.09860269300693576,True,True
gaussian,4,14.105665000897716,PARK,forearm_camera,4,0.27509208145908903,0.28897816129061477,0.3360717617635633,0.05886408263665499,True,True
gaussian,4,14.105665000897716,PARK,wrist_camera,4,1.096418558558749,1.1135624129088895,1.3031824974692614,0.04435325806533662,True,True
gaussian,4,14.105665000897716,PARK,FUSED_MEDIAN,4,0.4992458345402873,0.4756428668154602,0.5368329578864832,0.061926016226096774,True,True
gaussian,4,14.105665000897716,PARK,upper_arm_camera,5,0.7496757703370182,0.7510781568030319,0.7763606532232369,0.031063601536273685,True,True
gaussian,4,14.105665000897716,PARK,forearm_camera,5,1.2350993406363808,1.2758796662099303,1.7121889859328325,0.14289442571991778,True,True
gaussian,4,14.105665000897716,PARK,wrist_camera,5,1.645876067300839,1.650933655695936,1.791243006442994,0.08878456100895638,True,True
gaussian,4,14.105665000897716,PARK,FUSED_MEDIAN,5,1.2350993406363808,1.1661958234268994,1.4831205678582304,0.04516535495279094,True,True
gaussian,4,14.105665000897716,PARK,upper_arm_camera,6,0.6900607321107711,0.7145287729024572,0.9267889540239664,0.08677146283939206,True,True
gaussian,4,14.105665000897716,PARK,forearm_camera,6,1.0044166331229571,1.0180869508194348,1.189310448417948,0.027269214027144096,True,True
gaussian,4,14.105665000897716,PARK,wrist_camera,6,3.2154815228912597,3.2516227794923163,3.858582499045244,0.2230285072342223,False,True
gaussian,4,14.105665000897716,PARK,FUSED_MEDIAN,6,0.10989816720940762,0.12397473451133813,0.17146913057746319,0.05336136522318049,True,True
gaussian,4,14.105665000897716,PARK,upper_arm_camera,7,0.2925258682264857,0.29589819315283766,0.3158988227731642,0.014108381847919162,True,True
gaussian,4,14.105665000897716,PARK,forearm_camera,7,1.2535572980765126,1.2729333930835602,1.5341202313907902,0.05000871086063566,True,True
gaussian,4,14.105665000897716,PARK,wrist_camera,7,1.0407193214812998,1.0593024212846924,1.2815153395868033,0.0738657100131818,True,True
gaussian,4,14.105665000897716,PARK,FUSED_MEDIAN,7,0.8043115764934426,0.8168954055781569,0.9527322253869795,0.016935160669882283,True,True
gaussian,4,14.105665000897716,PARK,upper_arm_camera,8,0.39120178357606133,0.4059600131571906,0.5307847787352651,0.05118967815778596,True,True
gaussian,4,14.105665000897716,PARK,forearm_camera,8,0.7175863445458195,0.7244560961212206,0.8087367723036715,0.04604500814282743,True,True
gaussian,4,14.105665000897716,PARK,wrist_camera,8,1.5035133529567963,1.5419765620319512,1.7428973258211085,0.13969163798455086,True,True
gaussian,4,14.105665000897716,PARK,FUSED_MEDIAN,8,0.39055784599166576,0.4054488868217482,0.5304822426523519,0.014470385708994784,True,True
gaussian,4,14.105665000897716,PARK,upper_arm_camera,9,2.490891978726258,2.524214254649768,3.042243834718688,0.1153968336693272,False,True
gaussian,4,14.105665000897716,PARK,forearm_camera,9,0.8421770727358787,0.849820054539537,0.9884827549580216,0.04373717139373961,True,True
gaussian,4,14.105665000897716,PARK,wrist_camera,9,1.0469388023992205,1.0912034016131251,1.4036111855386972,0.05644046271159929,True,True
gaussian,4,14.105665000897716,PARK,FUSED_MEDIAN,9,0.871841938956585,0.9368106256809857,1.2145198854805512,0.02823594237066363,True,True
gaussian,4,14.105665000897716,PARK,upper_arm_camera,10,0.473523414653523,0.4741275905508404,0.5001779947852576,0.009206717400092693,True,True
gaussian,4,14.105665000897716,PARK,forearm_camera,10,1.2315735109294244,1.239220326387415,1.357208751134239,0.02868848423212031,True,True
gaussian,4,14.105665000897716,PARK,wrist_camera,10,1.4035540162488687,1.4189347462861452,1.6463593633894202,0.09796822313544828,True,True
gaussian,4,14.105665000897716,PARK,FUSED_MEDIAN,10,1.142141715231779,1.141131048564169,1.1490736592916135,0.030514957502798062,True,True
gaussian,4,14.105665000897716,PARK,upper_arm_camera,11,1.5726407200345751,1.5867249073398229,1.86002814991495,0.10040573588672969,True,True
gaussian,4,14.105665000897716,PARK,forearm_camera,11,1.02869807776827,1.0346704189563443,1.1370575752296233,0.04440458563228681,True,True
gaussian,4,14.105665000897716,PARK,wrist_camera,11,3.2272171809344,3.2639151629728858,3.759860542314009,0.17538433918332644,False,True
gaussian,4,14.105665000897716,PARK,FUSED_MEDIAN,11,0.5683568986080864,0.5519667390461485,0.6728520852353932,0.027637757792498805,True,True
gaussian,4,14.105665000897716,PARK,upper_arm_camera,12,0.8688568219730604,0.8941764215690096,1.0831435255595483,0.053644371503992955,True,True
gaussian,4,14.105665000897716,PARK,forearm_camera,12,0.9498428028004053,0.9603729817756702,1.088283984561971,0.04806375834530454,True,True
gaussian,4,14.105665000897716,PARK,wrist_camera,12,2.413130223741956,2.4356132854149495,2.7530148408865522,0.09988603159501312,False,True
gaussian,4,14.105665000897716,PARK,FUSED_MEDIAN,12,0.9498428028004053,0.9926629082177032,1.1808489884664566,0.04726937200969364,True,True
gaussian,4,14.105665000897716,PARK,upper_arm_camera,13,1.9276914191513839,1.9565089755520049,2.311984745683363,0.15412107635632208,True,True
gaussian,4,14.105665000897716,PARK,forearm_camera,13,3.0179371483011166,3.039473116572794,3.5704431640445207,0.18769967921642197,False,True
gaussian,4,14.105665000897716,PARK,wrist_camera,13,2.352746857632887,2.363866461675953,2.674895160636802,0.11187723994211449,False,True
gaussian,4,14.105665000897716,PARK,FUSED_MEDIAN,13,1.8477531655440502,1.8779684927597273,2.3135919197189567,0.0956172072819418,True,True
gaussian,4,14.105665000897716,PARK,upper_arm_camera,14,1.494420184989054,1.5078572461400797,1.7314556914173689,0.05105655891302122,True,True
gaussian,4,14.105665000897716,PARK,forearm_camera,14,2.918188474377606,2.9489304663501144,3.4686618076756526,0.12193384639400871,False,True
gaussian,4,14.105665000897716,PARK,wrist_camera,14,0.7207697222807293,0.7280834950305335,0.8237693567754087,0.048323722295686294,True,True
gaussian,4,14.105665000897716,PARK,FUSED_MEDIAN,14,1.2597134391516325,1.2729781422642072,1.4437219550340552,0.054018148860684595,True,True
gaussian,4,14.105665000897716,PARK,upper_arm_camera,15,1.5247000222062173,1.5584218145750983,1.9727334571903805,0.17873099293867986,True,True
gaussian,4,14.105665000897716,PARK,forearm_camera,15,0.9215339209737786,0.9369275926307532,1.089956530993526,0.03193104542202536,True,True
gaussian,4,14.105665000897716,PARK,wrist_camera,15,2.5080569782904973,2.5430983859659957,2.941863558194032,0.19335902882987202,False,True
gaussian,4,14.105665000897716,PARK,FUSED_MEDIAN,15,1.4842769556969764,1.38858390495994,1.9258380148327086,0.09139965717689512,True,True
gaussian,4,14.105665000897716,PARK,upper_arm_camera,16,1.3941034998365367,1.4173135340000211,1.7775755084232674,0.11430989032395891,True,True
gaussian,4,14.105665000897716,PARK,forearm_camera,16,3.2346286235478026,3.2698199294322383,3.9786051509776597,0.2395410022725545,False,True
gaussian,4,14.105665000897716,PARK,wrist_camera,16,1.8132877217521095,1.8406542189861623,2.2698551241854705,0.14422381889141508,True,True
gaussian,4,14.105665000897716,PARK,FUSED_MEDIAN,16,1.2170623877988638,1.2428357415112605,1.5808183441530705,0.0836317209967401,True,True
gaussian,4,14.105665000897716,PARK,upper_arm_camera,17,1.5909586773866942,1.609623383496513,1.8991036422245544,0.0624912204477562,True,True
gaussian,4,14.105665000897716,PARK,forearm_camera,17,0.7009745505584549,0.7076205254133959,0.7233039079397792,0.0651325354857063,True,True
gaussian,4,14.105665000897716,PARK,wrist_camera,17,1.0071001595323652,1.014318334317003,1.1356458232001696,0.02141475137572645,True,True
gaussian,4,14.105665000897716,PARK,FUSED_MEDIAN,17,0.9410300888918128,0.9490750507546274,1.0720543596034924,0.02929269027999456,True,True
gaussian,4,14.105665000897716,PARK,upper_arm_camera,18,0.4192824875069844,0.4248018704684203,0.4927722122353514,0.020237163936739362,True,True
gaussian,4,14.105665000897716,PARK,forearm_camera,18,1.1489762512599926,1.2027468406206405,1.5116228513052976,0.1387654333357267,True,True
gaussian,4,14.105665000897716,PARK,wrist_camera,18,1.523461970592628,1.5318824755348703,1.7532015001923642,0.0786719531403157,True,True
gaussian,4,14.105665000897716,PARK,FUSED_MEDIAN,18,0.4012774440519675,0.4117327329465234,0.47206928515074353,0.055249533222131844,True,True
gaussian,4,14.105665000897716,PARK,upper_arm_camera,19,1.5354625010623,1.5422155087691893,1.6684051072197459,0.016355052595231297,True,True
gaussian,4,14.105665000897716,PARK,forearm_camera,19,1.2160201118534848,1.2331821517242778,1.4825697047730055,0.06712033287319907,True,True
gaussian,4,14.105665000897716,PARK,wrist_camera,19,2.3151241595837035,2.334824848135204,2.682451523815204,0.14439964468108535,False,True
gaussian,4,14.105665000897716,PARK,FUSED_MEDIAN,19,0.867133773799165,0.8787470137060871,0.9990004859157758,0.03053177867952543,True,True
gaussian,4,14.105665000897716,PARK,upper_arm_camera,20,1.4843483817997811,1.50441870558615,1.7942562127758361,0.07761962791080847,True,True
gaussian,4,14.105665000897716,PARK,forearm_camera,20,0.6109250120479782,0.6541629952807463,0.8394762714700668,0.0908808426485479,True,True
gaussian,4,14.105665000897716,PARK,wrist_camera,20,1.4818760258610344,1.5048279469927979,1.8061691382700933,0.09756221890082895,True,True
gaussian,4,14.105665000897716,PARK,FUSED_MEDIAN,20,0.6109250120479782,0.6541629952807463,0.8394762714700668,0.03654870849462359,True,True
gaussian,4,14.105665000897716,PARK,upper_arm_camera,21,1.189129167326234,1.194646811068841,1.359406259259747,0.046417203196116225,True,True
gaussian,4,14.105665000897716,PARK,forearm_camera,21,3.6812499773803915,3.7394086343462907,4.409695649486292,0.23859459799203567,False,True
gaussian,4,14.105665000897716,PARK,wrist_camera,21,0.6948615881208403,0.6986268379770563,0.7966460638680953,0.02470984592323384,True,True
gaussian,4,14.105665000897716,PARK,FUSED_MEDIAN,21,0.9140337049599286,0.9728301658773925,1.2506058656875791,0.0747198372180725,True,True
gaussian,4,14.105665000897716,PARK,upper_arm_camera,22,1.5009017834212584,1.5156864257925515,1.7033379236222206,0.07145884166978686,True,True
gaussian,4,14.105665000897716,PARK,forearm_camera,22,1.075747528731858,1.0874124606727547,1.2267783238815484,0.027989129827357354,True,True
gaussian,4,14.105665000897716,PARK,wrist_camera,22,0.6523772391564946,0.676756097101616,0.8391468468243297,0.11053106795048964,True,True
gaussian,4,14.105665000897716,PARK,FUSED_MEDIAN,22,0.7628214262142737,0.7910229634729437,1.011011368859688,0.05823280076112089,True,True
gaussian,4,14.105665000897716,PARK,upper_arm_camera,23,0.43126245757737863,0.44210297295859186,0.5387978137680769,0.01415049856306171,True,True
gaussian,4,14.105665000897716,PARK,forearm_camera,23,0.6529287356408939,0.6669407703029456,0.8147940680371291,0.06398811283953394,True,True
gaussian,4,14.105665000897716,PARK,wrist_camera,23,0.5917263162202617,0.6064332066004362,0.7489952883028056,0.030573640702729703,True,True
gaussian,4,14.105665000897716,PARK,FUSED_MEDIAN,23,0.43906500953456473,0.4399835976010897,0.4617247892149957,0.029556158685471446,True,True
gaussian,4,14.105665000897716,PARK,upper_arm_camera,24,0.9231857876441485,0.9471428313727069,1.1656297749336455,0.03628624384752708,True,True
gaussian,4,14.105665000897716,PARK,forearm_camera,24,0.916160007727336,0.9226574621936025,1.0438243813859487,0.06790244906606778,True,True
gaussian,4,14.105665000897716,PARK,wrist_camera,24,2.126341790790264,2.138030175422843,2.3937247642708845,0.048622797155850495,False,True
gaussian,4,14.105665000897716,PARK,FUSED_MEDIAN,24,1.0172145315844074,1.0422489922723326,1.3030940479550714,0.041855209987660444,True,True
gaussian,4,14.105665000897716,PARK,upper_arm_camera,25,0.537249283574313,0.5409059572730642,0.5886924168773843,0.025658985505985117,True,True
gaussian,4,14.105665000897716,PARK,forearm_camera,25,1.6092741928121457,1.663401159985972,2.03093563711925,0.28654774743906225,True,True
gaussian,4,14.105665000897716,PARK,wrist_camera,25,0.44539884364973353,0.49810855213818983,0.7620071822470605,0.09574617239839349,True,True
gaussian,4,14.105665000897716,PARK,FUSED_MEDIAN,25,0.5009780766254799,0.5200864795694515,0.762810595068245,0.12483036155920825,True,True
gaussian,4,14.105665000897716,PARK,upper_arm_camera,26,0.6222088378147446,0.6591962315422835,0.7884514326705256,0.13293314947802826,True,True
gaussian,4,14.105665000897716,PARK,forearm_camera,26,0.6753572003718562,0.6937486362386511,0.9230939572949486,0.10719734012921316,True,True
gaussian,4,14.105665000897716,PARK,wrist_camera,26,0.4693505639269915,0.5018645127592737,0.6180485832837338,0.061327951384611126,True,True
gaussian,4,14.105665000897716,PARK,FUSED_MEDIAN,26,0.3040207951487735,0.2929511174162351,0.40307298440071887,0.00809532707271189,True,True
gaussian,4,14.105665000897716,PARK,upper_arm_camera,27,1.3078653368283082,1.3333995889298265,1.6140544069481586,0.10951718809566821,True,True
gaussian,4,14.105665000897716,PARK,forearm_camera,27,0.45044588718830375,0.45539409764706196,0.5406658218245637,0.03859144060601111,True,True
gaussian,4,14.105665000897716,PARK,wrist_camera,27,0.6013117052339557,0.6164881466870531,0.7639485279227871,0.016136059667111992,True,True
gaussian,4,14.105665000897716,PARK,FUSED_MEDIAN,27,0.6097186204376034,0.6407385082680039,0.7639485279227871,0.04777421204401689,True,True
gaussian,4,14.105665000897716,PARK,upper_arm_camera,28,0.2977635403788494,0.3973404990689509,0.5018617875369792,0.1347524730075565,True,True
gaussian,4,14.105665000897716,PARK,forearm_camera,28,0.4996614405153209,0.5623931332364462,0.7688120994658538,0.09534507086813562,True,True
gaussian,4,14.105665000897716,PARK,wrist_camera,28,0.8958878684257816,0.9260529080757278,1.1266323983779505,0.12493573587191824,True,True
gaussian,4,14.105665000897716,PARK,FUSED_MEDIAN,28,0.5012848453153258,0.5125641522774189,0.6588014355046848,0.036954953396428826,True,True
gaussian,4,14.105665000897716,PARK,upper_arm_camera,29,0.5295249974778092,0.5314409584847922,0.6000845582679453,0.024214194562735908,True,True
gaussian,4,14.105665000897716,PARK,forearm_camera,29,0.7530120155543373,0.7655244816278405,0.9117189880044874,0.038355121630744546,True,True
gaussian,4,14.105665000897716,PARK,wrist_camera,29,1.6449096076496124,1.6527696977362725,1.829638162042908,0.05572302382186747,True,True
gaussian,4,14.105665000897716,PARK,FUSED_MEDIAN,29,0.7530120155543373,0.7675522375239282,0.9117189880044874,0.034159678170161634,True,True
gaussian,4,14.105665000897716,PARK,upper_arm_camera,30,0.1130808697856664,0.1346747310855569,0.20039175672142273,0.028536517913709467,True,True
gaussian,4,14.105665000897716,PARK,forearm_camera,30,0.8230662738277994,0.8430236406964067,1.0716357206470042,0.054084772084201135,True,True
gaussian,4,14.105665000897716,PARK,wrist_camera,30,0.3732127464912198,0.39034027532406124,0.47453791936549383,0.029047305978688022,True,True
gaussian,4,14.105665000897716,PARK,FUSED_MEDIAN,30,0.1393213704725507,0.1800116475494158,0.24961724051946446,0.004358894340254156,True,True
gaussian,4,14.105665000897716,PARK,upper_arm_camera,31,2.513125202800968,2.551702372990665,3.019354882384548,0.10477223411202076,False,True
gaussian,4,14.105665000897716,PARK,forearm_camera,31,1.328767215877194,1.341519092893941,1.4832378311710923,0.06937653834887354,True,True
gaussian,4,14.105665000897716,PARK,wrist_camera,31,0.22736941257243465,0.28605421578436213,0.44538725612205643,0.032948057078429925,True,True
gaussian,4,14.105665000897716,PARK,FUSED_MEDIAN,31,0.7864018187651436,0.8249655967885704,1.1056164656527803,0.06023180824129101,True,True
gaussian,4,14.105665000897716,PARK,upper_arm_camera,32,0.5218325873411017,0.5235921094552939,0.5803790716144146,0.022344696446978295,True,True
gaussian,4,14.105665000897716,PARK,forearm_camera,32,1.194659984508581,1.200164797628834,1.3582669968350187,0.06325944781080449,True,True
gaussian,4,14.105665000897716,PARK,wrist_camera,32,1.421732815157475,1.4311380215063805,1.611180119217364,0.03058615549572051,True,True
gaussian,4,14.105665000897716,PARK,FUSED_MEDIAN,32,0.8822047486064405,0.8894807103657234,1.0720049358095023,0.030161309245606706,True,True
gaussian,4,14.105665000897716,PARK,upper_arm_camera,33,0.7127379438988097,0.7332512991338819,0.9684010468801787,0.08086613286120037,True,True
gaussian,4,14.105665000897716,PARK,forearm_camera,33,2.7651555677869024,2.7944518077752667,3.30597052747224,0.12422933397112475,False,True
gaussian,4,14.105665000897716,PARK,wrist_camera,33,1.5257854179552508,1.5393882314352114,1.7647475639679175,0.10768462699023101,True,True
gaussian,4,14.105665000897716,PARK,FUSED_MEDIAN,33,0.7127379438988097,0.7332512991338819,0.9684010468801787,0.040101106638988256,True,True
gaussian,4,14.105665000897716,PARK,upper_arm_camera,34,0.2623003679386303,0.27081342274554593,0.3050014529616938,0.01707927409907174,True,True
gaussian,4,14.105665000897716,PARK,forearm_camera,34,1.7808929798823208,1.7963445171974515,2.0971034588451425,0.08686235913846355,True,True
gaussian,4,14.105665000897716,PARK,wrist_camera,34,1.5628963835005065,1.6003664917858766,1.9899242754273703,0.14392649523963558,True,True
gaussian,4,14.105665000897716,PARK,FUSED_MEDIAN,34,1.2686119864892331,1.292192201976261,1.5909043683317552,0.07367857716243247,True,True
gaussian,4,14.105665000897716,PARK,upper_arm_camera,35,1.1639567228077117,1.1712503459331187,1.3344383777047821,0.05042807504538714,True,True
gaussian,4,14.105665000897716,PARK,forearm_camera,35,0.7272291469456714,0.7315089880884319,0.7911878786323233,0.03474261339697066,True,True
gaussian,4,14.105665000897716,PARK,wrist_camera,35,1.0173665092351138,1.034649497441468,1.277683014887369,0.08417139867097426,True,True
gaussian,4,14.105665000897716,PARK,FUSED_MEDIAN,35,0.6946699973451246,0.7001981346828341,0.7678663898736892,0.03997215468601847,True,True
gaussian,4,396.03290100058075,JOINT_HUBER,upper_arm_camera,0,0.5416160281294651,0.5431151419865011,0.5724971810177114,0.013809362844648234,True,True
gaussian,4,396.03290100058075,JOINT_HUBER,forearm_camera,0,0.19017996523798505,0.19890424728565895,0.2561323542852607,0.018838112417413882,True,True
gaussian,4,396.03290100058075,JOINT_HUBER,wrist_camera,0,0.5121789083990367,0.5229247400532121,0.5530361707100802,0.04828057117064925,True,True
gaussian,4,396.03290100058075,JOINT_HUBER,FUSED_MEDIAN,0,0.4167462175909652,0.42841100320508874,0.4590850742596892,0.016599722207159016,True,True
gaussian,4,396.03290100058075,JOINT_HUBER,upper_arm_camera,1,1.5020886822572017,1.5256152475071818,1.8769119153326326,0.09563697165616951,True,True
gaussian,4,396.03290100058075,JOINT_HUBER,forearm_camera,1,0.705183004555486,0.7276159753930336,0.8752062553268783,0.0924640052318986,True,True
gaussian,4,396.03290100058075,JOINT_HUBER,wrist_camera,1,3.1712584334558303,3.197837976932427,3.499823150408371,0.2089750282119556,False,True
gaussian,4,396.03290100058075,JOINT_HUBER,FUSED_MEDIAN,1,0.705183004555486,0.7276159753930336,0.8752062553268783,0.05232589308505452,True,True
gaussian,4,396.03290100058075,JOINT_HUBER,upper_arm_camera,2,0.9379848269762725,0.9511237136502428,1.0877756399948968,0.07390647277752102,True,True
gaussian,4,396.03290100058075,JOINT_HUBER,forearm_camera,2,1.0674395717923573,1.0877660562350915,1.3726305692254348,0.09302637687869413,True,True
gaussian,4,396.03290100058075,JOINT_HUBER,wrist_camera,2,1.2475323502747353,1.2639939887916305,1.466107829837511,0.03323997557017605,True,True
gaussian,4,396.03290100058075,JOINT_HUBER,FUSED_MEDIAN,2,0.4893756949902122,0.5093603091579532,0.6291824484245511,0.019551825282624346,True,True
gaussian,4,396.03290100058075,JOINT_HUBER,upper_arm_camera,3,1.825500105349678,1.862161588104186,2.362724256286581,0.1934651634390249,True,True
gaussian,4,396.03290100058075,JOINT_HUBER,forearm_camera,3,0.1432444536551467,0.18877896635122407,0.30615382241833333,0.07891829732184372,True,True
gaussian,4,396.03290100058075,JOINT_HUBER,wrist_camera,3,1.4549844113515458,1.4644460303124835,1.6335102173338507,0.050796219237030114,True,True
gaussian,4,396.03290100058075,JOINT_HUBER,FUSED_MEDIAN,3,0.1432444536551467,0.18877896635122407,0.30615382241833333,0.055416497083577286,True,True
gaussian,4,396.03290100058075,JOINT_HUBER,upper_arm_camera,4,1.8215938885139005,1.8426203754300663,2.212865519604182,0.12272749907502983,True,True
gaussian,4,396.03290100058075,JOINT_HUBER,forearm_camera,4,0.9715416548694322,0.9737817088000248,1.0538673575785356,0.03044276402569564,True,True
gaussian,4,396.03290100058075,JOINT_HUBER,wrist_camera,4,1.48161759694622,1.4946632417660797,1.6977490152327803,0.024548762908616358,True,True
gaussian,4,396.03290100058075,JOINT_HUBER,FUSED_MEDIAN,4,0.24545471036355698,0.27366166218677257,0.34770547172120286,0.02520246809597249,True,True
gaussian,4,396.03290100058075,JOINT_HUBER,upper_arm_camera,5,0.7347637848948686,0.7417114349439903,0.8662919792572934,0.060846948598811956,True,True
gaussian,4,396.03290100058075,JOINT_HUBER,forearm_camera,5,0.35919016915043533,0.3942838476383599,0.5598760892117642,0.0747668687620031,True,True
gaussian,4,396.03290100058075,JOINT_HUBER,wrist_camera,5,0.7775992141622873,0.786126352331758,0.8599861921132302,0.06265364508126862,True,True
gaussian,4,396.03290100058075,JOINT_HUBER,FUSED_MEDIAN,5,0.3667026324442116,0.3977627973111078,0.49177114468815003,0.020817992457100427,True,True
gaussian,4,396.03290100058075,JOINT_HUBER,upper_arm_camera,6,0.7842535405658642,0.8114610779159198,1.0831621442370705,0.10221635872558442,True,True
gaussian,4,396.03290100058075,JOINT_HUBER,forearm_camera,6,0.6574269569579463,0.6687367256520202,0.817803480156817,0.04317698050097669,True,True
gaussian,4,396.03290100058075,JOINT_HUBER,wrist_camera,6,3.2862596018833736,3.3187537248601275,3.9469000611728737,0.2201817522813049,False,True
gaussian,4,396.03290100058075,JOINT_HUBER,FUSED_MEDIAN,6,0.5266493187198239,0.5447153602237876,0.6741349000772922,0.025404914720930646,True,True
gaussian,4,396.03290100058075,JOINT_HUBER,upper_arm_camera,7,0.5204269231414972,0.5327666564414357,0.6690390960531326,0.04712617457065651,True,True
gaussian,4,396.03290100058075,JOINT_HUBER,forearm_camera,7,0.3683366600870644,0.37713507798752005,0.46218325014337946,0.037471019513060755,True,True
gaussian,4,396.03290100058075,JOINT_HUBER,wrist_camera,7,0.9057795871164338,0.9248259986272055,1.103927487069026,0.01978604326538613,True,True
gaussian,4,396.03290100058075,JOINT_HUBER,FUSED_MEDIAN,7,0.42885915440794414,0.44452589046764374,0.5794147396727051,0.012412303852538092,True,True
gaussian,4,396.03290100058075,JOINT_HUBER,upper_arm_camera,8,0.41962626960739774,0.42354155488469886,0.4813076162413991,0.024756837572973974,True,True
gaussian,4,396.03290100058075,JOINT_HUBER,forearm_camera,8,0.4618386574409842,0.48805274290217293,0.5923292729422026,0.07292992759033115,True,True
gaussian,4,396.03290100058075,JOINT_HUBER,wrist_camera,8,1.5389168081022762,1.6028440958359886,1.919270423134875,0.1595297462593056,True,True
gaussian,4,396.03290100058075,JOINT_HUBER,FUSED_MEDIAN,8,0.36882210630734136,0.3660756209349368,0.41437419385190366,0.04617276068449974,True,True
gaussian,4,396.03290100058075,JOINT_HUBER,upper_arm_camera,9,2.8706159410944014,2.9014429969441213,3.468001691547402,0.142777571698516,False,True
gaussian,4,396.03290100058075,JOINT_HUBER,forearm_camera,9,0.6400604971897663,0.6566977251473941,0.849368078878395,0.09272204467830983,True,True
gaussian,4,396.03290100058075,JOINT_HUBER,wrist_camera,9,0.437960041430915,0.48878919034169754,0.674346702103644,0.04536533988822385,True,True
gaussian,4,396.03290100058075,JOINT_HUBER,FUSED_MEDIAN,9,0.437960041430915,0.4912273844050359,0.674346702103644,0.02981693649665493,True,True
gaussian,4,396.03290100058075,JOINT_HUBER,upper_arm_camera,10,0.3658380981880753,0.3734114561589037,0.40590165315893706,0.03632170022870629,True,True
gaussian,4,396.03290100058075,JOINT_HUBER,forearm_camera,10,1.2362684137900044,1.2381922054245023,1.2945730997976947,0.02642154687776667,True,True
gaussian,4,396.03290100058075,JOINT_HUBER,wrist_camera,10,0.46257180493266015,0.4686867156070556,0.5014561741662019,0.03778629284476569,True,True
gaussian,4,396.03290100058075,JOINT_HUBER,FUSED_MEDIAN,10,0.4191969216575493,0.4259281866851681,0.4893397846940476,0.020289866160833846,True,True
gaussian,4,396.03290100058075,JOINT_HUBER,upper_arm_camera,11,1.6829871634169604,1.6933774334955247,1.9057903130273794,0.08698992838288189,True,True
gaussian,4,396.03290100058075,JOINT_HUBER,forearm_camera,11,1.1928845780141062,1.2155948593501371,1.4574422802862514,0.11023362029687256,True,True
gaussian,4,396.03290100058075,JOINT_HUBER,wrist_camera,11,3.318340939515158,3.3426299617746262,3.7964373314623714,0.17757727613783056,False,True
gaussian,4,396.03290100058075,JOINT_HUBER,FUSED_MEDIAN,11,1.151157011910391,1.174396490942257,1.4367051949323637,0.02655416148835016,True,True
gaussian,4,396.03290100058075,JOINT_HUBER,upper_arm_camera,12,1.0959612406098431,1.1290053998364482,1.3637426673070574,0.07908722883646542,True,True
gaussian,4,396.03290100058075,JOINT_HUBER,forearm_camera,12,0.42692418187081005,0.4330589306344573,0.4952224712744897,0.02138866868529671,True,True
gaussian,4,396.03290100058075,JOINT_HUBER,wrist_camera,12,2.5275609044999925,2.5652199197601244,2.9321251751922826,0.11666485267665641,False,True
gaussian,4,396.03290100058075,JOINT_HUBER,FUSED_MEDIAN,12,1.0382131076005419,1.037137439697025,1.3367359426162202,0.058035988902415084,True,True
gaussian,4,396.03290100058075,JOINT_HUBER,upper_arm_camera,13,1.4446678114199016,1.4726664753751382,1.740020320830572,0.13188667579274832,True,True
gaussian,4,396.03290100058075,JOINT_HUBER,forearm_camera,13,2.8493630448630087,2.8653201895538887,3.2706197519249063,0.168713936803663,False,True
gaussian,4,396.03290100058075,JOINT_HUBER,wrist_camera,13,3.420792622270838,3.435717910716463,3.815690091514644,0.13695068012369543,False,True
gaussian,4,396.03290100058075,JOINT_HUBER,FUSED_MEDIAN,13,1.4205105119568988,1.4418350603199421,1.7206036333592851,0.061226624451735975,True,True
gaussian,4,396.03290100058075,JOINT_HUBER,upper_arm_camera,14,1.7997581064050323,1.8166506958234554,2.113188406686103,0.054810452621987985,True,True
gaussian,4,396.03290100058075,JOINT_HUBER,forearm_camera,14,2.726966495464859,2.7457288341420605,3.192261862214188,0.12665416375673375,False,True
gaussian,4,396.03290100058075,JOINT_HUBER,wrist_camera,14,0.9754285098393252,0.9816608443843519,1.0484535693033519,0.025081612468959763,True,True
gaussian,4,396.03290100058075,JOINT_HUBER,FUSED_MEDIAN,14,1.382086745830007,1.398933682393736,1.6195338951687512,0.032958959397437,True,True
gaussian,4,396.03290100058075,JOINT_HUBER,upper_arm_camera,15,1.1424549869729768,1.1858345637485574,1.5101733581132613,0.18708036082797702,True,True
gaussian,4,396.03290100058075,JOINT_HUBER,forearm_camera,15,0.6429308531648175,0.6450158682686162,0.7037263746092541,0.020481237484208343,True,True
gaussian,4,396.03290100058075,JOINT_HUBER,wrist_camera,15,2.0740048822205193,2.1016636546055683,2.4663070147259387,0.13747394220427556,False,True
gaussian,4,396.03290100058075,JOINT_HUBER,FUSED_MEDIAN,15,1.015191837916862,1.0156703223031764,1.3278083027481369,0.07961483921225662,True,True
gaussian,4,396.03290100058075,JOINT_HUBER,upper_arm_camera,16,1.736919524890299,1.7643057520097298,2.2179499982962447,0.14859193249013217,True,True
gaussian,4,396.03290100058075,JOINT_HUBER,forearm_camera,16,2.1988819658014194,2.223830480946677,2.668008584243294,0.1734160606885589,False,True
gaussian,4,396.03290100058075,JOINT_HUBER,wrist_camera,16,2.6885688057815713,2.724472954906462,3.295378804566791,0.17725326214420006,False,True
gaussian,4,396.03290100058075,JOINT_HUBER,FUSED_MEDIAN,16,1.5554122857179875,1.4777577650805684,1.8983624645944093,0.043245749462235285,True,True
gaussian,4,396.03290100058075,JOINT_HUBER,upper_arm_camera,17,1.0699631620471444,1.0892439946818842,1.3516950320923058,0.06101443060172671,True,True
gaussian,4,396.03290100058075,JOINT_HUBER,forearm_camera,17,1.1595911300198865,1.173965896816588,1.3826724609091032,0.09218830655169682,True,True
gaussian,4,396.03290100058075,JOINT_HUBER,wrist_camera,17,1.1689588565388367,1.1757914338687403,1.3457384114957298,0.06286072191020174,True,True
gaussian,4,396.03290100058075,JOINT_HUBER,FUSED_MEDIAN,17,1.0344078043775493,1.0148220597663207,1.1665371803549658,0.01373147799964086,True,True
gaussian,4,396.03290100058075,JOINT_HUBER,upper_arm_camera,18,0.8054847798260971,0.8153390974924551,0.9404891582061634,0.05158304369605761,True,True
gaussian,4,396.03290100058075,JOINT_HUBER,forearm_camera,18,0.827124930288685,0.8537529079945207,1.0864988449842783,0.1248907011582923,True,True
gaussian,4,396.03290100058075,JOINT_HUBER,wrist_camera,18,2.5240355065927855,2.536216754237268,2.8406553900951894,0.10993184564069022,False,True
gaussian,4,396.03290100058075,JOINT_HUBER,FUSED_MEDIAN,18,0.7431414694793224,0.7566730753346391,0.9137952606501546,0.04446018415404652,True,True
gaussian,4,396.03290100058075,JOINT_HUBER,upper_arm_camera,19,1.7460317025877,1.750827944790179,1.895873111957311,0.018890087431918664,True,True
gaussian,4,396.03290100058075,JOINT_HUBER,forearm_camera,19,0.3137581356538231,0.31977366107332117,0.3650252940993326,0.037284405155415236,True,True
gaussian,4,396.03290100058075,JOINT_HUBER,wrist_camera,19,1.5562265220582479,1.5695072259858758,1.7854369065229843,0.08495812776410551,True,True
gaussian,4,396.03290100058075,JOINT_HUBER,FUSED_MEDIAN,19,0.9284545884493021,0.931796105138382,0.9812037619008028,0.03745270311195636,True,True
gaussian,4,396.03290100058075,JOINT_HUBER,upper_arm_camera,20,1.1392421658176446,1.1648116824427346,1.4612514995471564,0.10558813469646895,True,True
gaussian,4,396.03290100058075,JOINT_HUBER,forearm_camera,20,0.6839859762756788,0.7586268197044114,1.0560932502646592,0.052629749360550405,True,True
gaussian,4,396.03290100058075,JOINT_HUBER,wrist_camera,20,0.9262211480225923,0.9425176290604002,1.186291535200174,0.0846300497927607,True,True
gaussian,4,396.03290100058075,JOINT_HUBER,FUSED_MEDIAN,20,0.3300438160465258,0.33325624869969245,0.46080106788574887,0.02857733957184606,True,True
gaussian,4,396.03290100058075,JOINT_HUBER,upper_arm_camera,21,1.4658092635164508,1.4721211271449082,1.6951190591581042,0.07603053036899461,True,True
gaussian,4,396.03290100058075,JOINT_HUBER,forearm_camera,21,2.9341402678604207,2.9785655378138762,3.5678378771187633,0.24049397122063965,False,True
gaussian,4,396.03290100058075,JOINT_HUBER,wrist_camera,21,1.091489428627335,1.1002645514500646,1.2420272176765321,0.03838221188691139,True,True
gaussian,4,396.03290100058075,JOINT_HUBER,FUSED_MEDIAN,21,1.2164952946441847,1.1978722086340925,1.4787009718902087,0.07669279890187868,True,True
gaussian,4,396.03290100058075,JOINT_HUBER,upper_arm_camera,22,1.4010397458925987,1.4208342583203688,1.678912624583965,0.0935411033889508,True,True
gaussian,4,396.03290100058075,JOINT_HUBER,forearm_camera,22,0.27848257037432256,0.29921228355044077,0.45176672792663836,0.052232896228807335,True,True
gaussian,4,396.03290100058075,JOINT_HUBER,wrist_camera,22,0.5049939474621232,0.5145264721633053,0.6346877383906466,0.05345622918047124,True,True
gaussian,4,396.03290100058075,JOINT_HUBER,FUSED_MEDIAN,22,0.27848257037432256,0.24095693506717683,0.3204374014231952,0.03169758389384604,True,True
gaussian,4,396.03290100058075,JOINT_HUBER,upper_arm_camera,23,0.7153616085826666,0.7329596237837693,0.881956920757661,0.043234024902258736,True,True
gaussian,4,396.03290100058075,JOINT_HUBER,forearm_camera,23,0.7387105651713947,0.7400833160858583,0.7978677298892536,0.012820583668007072,True,True
gaussian,4,396.03290100058075,JOINT_HUBER,wrist_camera,23,0.9765466058251011,0.9808790688658954,1.0880070771953578,0.06292705130158215,True,True
gaussian,4,396.03290100058075,JOINT_HUBER,FUSED_MEDIAN,23,0.5906423901630552,0.5984494035922105,0.694732232776655,0.03126895888173679,True,True
gaussian,4,396.03290100058075,JOINT_HUBER,upper_arm_camera,24,0.8601017532955436,0.888812970652026,1.0906960993388775,0.04362466978634086,True,True
gaussian,4,396.03290100058075,JOINT_HUBER,forearm_camera,24,1.7272687927492867,1.744746746106418,2.0632901359305253,0.0818464696178499,True,True
gaussian,4,396.03290100058075,JOINT_HUBER,wrist_camera,24,2.216176019705601,2.2253063113515745,2.4885142712521824,0.10737070731216393,False,True
gaussian,4,396.03290100058075,JOINT_HUBER,FUSED_MEDIAN,24,1.370168073267482,1.3952637522403237,1.705571542092664,0.05395842339345572,True,True
gaussian,4,396.03290100058075,JOINT_HUBER,upper_arm_camera,25,0.518088825704278,0.5215207912137069,0.5729983961862803,0.02773067485155343,True,True
gaussian,4,396.03290100058075,JOINT_HUBER,forearm_camera,25,1.4739287994567445,1.5258329335829115,1.7372363401936677,0.23592701258807033,True,True
gaussian,4,396.03290100058075,JOINT_HUBER,wrist_camera,25,0.36465641896191126,0.47921670581705406,0.6339802115826224,0.10154797894979338,True,True
gaussian,4,396.03290100058075,JOINT_HUBER,FUSED_MEDIAN,25,0.17296856657544515,0.2553091283438009,0.35401583271431925,0.08614961478034404,True,True
gaussian,4,396.03290100058075,JOINT_HUBER,upper_arm_camera,26,0.519736657226224,0.5667713105095541,0.8225084095907629,0.1353664804121365,True,True
gaussian,4,396.03290100058075,JOINT_HUBER,forearm_camera,26,1.0023032042805051,1.0197377076724052,1.2608086066426691,0.06683345002023237,True,True
gaussian,4,396.03290100058075,JOINT_HUBER,wrist_camera,26,0.5786325987682386,0.5848626302000872,0.6636490384615612,0.032116371249560426,True,True
gaussian,4,396.03290100058075,JOINT_HUBER,FUSED_MEDIAN,26,0.519736657226224,0.5651697256705476,0.8141434076345889,0.03320739703593044,True,True
gaussian,4,396.03290100058075,JOINT_HUBER,upper_arm_camera,27,1.1537327616722397,1.1814000386738603,1.4968321936484765,0.1122381052331683,True,True
gaussian,4,396.03290100058075,JOINT_HUBER,forearm_camera,27,0.4277454899915316,0.45084827342352624,0.5785143325504077,0.03637519690246951,True,True
gaussian,4,396.03290100058075,JOINT_HUBER,wrist_camera,27,1.1115966600983918,1.1187282240159147,1.2500852367911706,0.06229884670582008,True,True
gaussian,4,396.03290100058075,JOINT_HUBER,FUSED_MEDIAN,27,1.0324688626284766,1.0332715676227946,1.2281884810850625,0.04111884578297934,True,True
gaussian,4,396.03290100058075,JOINT_HUBER,upper_arm_camera,28,0.5156814874091554,0.5722256701942852,0.7541344459926519,0.13801862211087107,True,True
gaussian,4,396.03290100058075,JOINT_HUBER,forearm_camera,28,0.7599672641950957,0.8630264528719016,1.2366606644220657,0.07245057081622362,True,True
gaussian,4,396.03290100058075,JOINT_HUBER,wrist_camera,28,1.0267331844054939,1.0689509751196775,1.3528082189870088,0.08162439272654454,True,True
gaussian,4,396.03290100058075,JOINT_HUBER,FUSED_MEDIAN,28,0.42057508724327575,0.3890214119908223,0.48950455772389656,0.005208393841138858,True,True
gaussian,4,396.03290100058075,JOINT_HUBER,upper_arm_camera,29,0.8765015381743687,0.8801936996802385,0.9576052850077433,0.05384257579583234,True,True
gaussian,4,396.03290100058075,JOINT_HUBER,forearm_camera,29,0.937293096472139,0.9397560601135592,1.0145452018672292,0.022917037150193314,True,True
gaussian,4,396.03290100058075,JOINT_HUBER,wrist_camera,29,1.6897061230560169,1.7058887034202566,1.9807855795904115,0.04711435630272683,True,True
gaussian,4,396.03290100058075,JOINT_HUBER,FUSED_MEDIAN,29,0.8853416000405314,0.8785017265082903,0.9211830368266614,0.014485601979211038,True,True
gaussian,4,396.03290100058075,JOINT_HUBER,upper_arm_camera,30,0.2546495673409238,0.2812351812671275,0.3713390657576077,0.05679739882828975,True,True
gaussian,4,396.03290100058075,JOINT_HUBER,forearm_camera,30,1.0738460984464167,1.091697038620326,1.3152900606782958,0.09231803919206591,True,True
gaussian,4,396.03290100058075,JOINT_HUBER,wrist_camera,30,1.2832418019417795,1.2933418349532972,1.4564557535457083,0.042570840525900856,True,True
gaussian,4,396.03290100058075,JOINT_HUBER,FUSED_MEDIAN,30,0.4968029517402641,0.5005066948518854,0.5418651869300203,0.026881687856731423,True,True
gaussian,4,396.03290100058075,JOINT_HUBER,upper_arm_camera,31,2.1695754430669085,2.2051999575244237,2.63909753349443,0.08837614221239942,False,True
gaussian,4,396.03290100058075,JOINT_HUBER,forearm_camera,31,1.2142441627028455,1.219835984845105,1.241902876398917,0.05406158490011511,True,True
gaussian,4,396.03290100058075,JOINT_HUBER,wrist_camera,31,1.1926028507562418,1.1990650628224773,1.2738565100879042,0.07313648393708748,True,True
gaussian,4,396.03290100058075,JOINT_HUBER,FUSED_MEDIAN,31,0.48940619432251725,0.5398012702345737,0.7888309088924791,0.05915923501774742,True,True
gaussian,4,396.03290100058075,JOINT_HUBER,upper_arm_camera,32,0.8343655823961003,0.8415131731222654,1.0074438910879495,0.05677828354445862,True,True
gaussian,4,396.03290100058075,JOINT_HUBER,forearm_camera,32,0.7388589832487775,0.7411434826876534,0.7908877357442966,0.009396398913030193,True,True
gaussian,4,396.03290100058075,JOINT_HUBER,wrist_camera,32,1.3810510590837715,1.3858616058443523,1.5459603921875351,0.05872823815037607,True,True
gaussian,4,396.03290100058075,JOINT_HUBER,FUSED_MEDIAN,32,0.8289229272891473,0.8365109152573881,1.0074438910879495,0.027757408215679135,True,True
gaussian,4,396.03290100058075,JOINT_HUBER,upper_arm_camera,33,0.2853121274376783,0.3342038672963305,0.5178026715652405,0.1040773544646332,True,True
gaussian,4,396.03290100058075,JOINT_HUBER,forearm_camera,33,1.9989845235457746,2.014135909965592,2.343780600255852,0.11149887707905497,True,True
gaussian,4,396.03290100058075,JOINT_HUBER,wrist_camera,33,2.3434101989748166,2.3571511032574204,2.6787415538179618,0.11664770269353304,False,True
gaussian,4,396.03290100058075,JOINT_HUBER,FUSED_MEDIAN,33,0.2853121274376783,0.3311590429186371,0.5178026715652405,0.02393836137517834,True,True
gaussian,4,396.03290100058075,JOINT_HUBER,upper_arm_camera,34,0.34193989686328763,0.3600342917403019,0.4187851523259069,0.0520047938138912,True,True
gaussian,4,396.03290100058075,JOINT_HUBER,forearm_camera,34,0.6987959143774084,0.710534540205389,0.8609173537135263,0.03228337236288275,True,True
gaussian,4,396.03290100058075,JOINT_HUBER,wrist_camera,34,0.8716486003379483,0.9079281425135166,1.141616930226709,0.08530108586901153,True,True
gaussian,4,396.03290100058075,JOINT_HUBER,FUSED_MEDIAN,34,0.567658028012885,0.6039151010676921,0.797176801163422,0.027482249107651256,True,True
gaussian,4,396.03290100058075,JOINT_HUBER,upper_arm_camera,35,1.0164432052215036,1.0236876303377174,1.1410692472495982,0.052789635015092574,True,True
gaussian,4,396.03290100058075,JOINT_HUBER,forearm_camera,35,0.5324861465136259,0.541880590826063,0.6629910478816607,0.047162705150323024,True,True
gaussian,4,396.03290100058075,JOINT_HUBER,wrist_camera,35,1.0539268530299748,1.0776490782371877,1.3012820084331238,0.026214848485058492,True,True
gaussian,4,396.03290100058075,JOINT_HUBER,FUSED_MEDIAN,35,0.5872463140903893,0.5974071877267203,0.6840506635319945,0.026919437646591438,True,True
outliers,4,13.88198399945395,PARK,upper_arm_camera,0,2.065223748388517,2.0864083177641914,2.3399620542386854,0.023624492686215293,False,True
outliers,4,13.88198399945395,PARK,forearm_camera,0,3.0549362741309882,3.0745517276352907,3.2886663061770416,0.11712980883913636,False,True
outliers,4,13.88198399945395,PARK,wrist_camera,0,0.8771403812016987,0.8831208716708799,0.9926067533196515,0.03345439641179391,True,True
outliers,4,13.88198399945395,PARK,FUSED_MEDIAN,0,1.53151811201452,1.529843997885529,1.630188447005178,0.03594851956333278,True,True
outliers,4,13.88198399945395,PARK,upper_arm_camera,1,1.527518954704009,1.5831480140970227,1.9494267324011956,0.03892230518105339,True,True
outliers,4,13.88198399945395,PARK,forearm_camera,1,4.668775041139254,4.680875068934202,5.089246808562961,0.10210408104504429,False,True
outliers,4,13.88198399945395,PARK,wrist_camera,1,2.9770262947629003,3.0046683419621982,3.268535440284607,0.19183299497142745,False,True
outliers,4,13.88198399945395,PARK,FUSED_MEDIAN,1,1.263756595868172,1.2897166350917642,1.4024029760698893,0.08866242308237131,True,True
outliers,4,13.88198399945395,PARK,upper_arm_camera,2,1.6415549429563387,1.6430675996729,1.6696387843227156,0.028008951543552305,True,True
outliers,4,13.88198399945395,PARK,forearm_camera,2,2.5368372728262254,2.581662186599121,2.7113182430095337,0.1916975308306142,False,True
outliers,4,13.88198399945395,PARK,wrist_camera,2,0.16188119322461292,0.16571965739162886,0.17900836095434472,0.013411765723150993,True,True
outliers,4,13.88198399945395,PARK,FUSED_MEDIAN,2,1.6415549429563387,1.6330047623417214,1.6674681306328243,0.06949155522158088,True,True
outliers,4,13.88198399945395,PARK,upper_arm_camera,3,3.443233728665108,3.479979599576119,4.195491069965049,0.26504029155989584,False,True
outliers,4,13.88198399945395,PARK,forearm_camera,3,2.4843984650266653,2.5118460893044965,2.6063259978021622,0.11205205493388572,False,True
outliers,4,13.88198399945395,PARK,wrist_camera,3,1.1491590335840516,1.1569813046276898,1.324461226316142,0.04828080095079149,True,True
outliers,4,13.88198399945395,PARK,FUSED_MEDIAN,3,1.67772183079576,1.711162583623904,1.9477369880459559,0.07438389617343776,True,True
outliers,4,13.88198399945395,PARK,upper_arm_camera,4,2.455611684706764,2.486089917349296,3.0509403222275844,0.2072222499748831,False,True
outliers,4,13.88198399945395,PARK,forearm_camera,4,4.013472376708793,4.023624967003417,4.289135444304087,0.11037503631881218,False,True
outliers,4,13.88198399945395,PARK,wrist_camera,4,0.4253711732344615,0.42639850225543585,0.45883895090233606,0.013696690861254364,True,True
outliers,4,13.88198399945395,PARK,FUSED_MEDIAN,4,1.2940599839750617,1.3041596031127562,1.4053545025686733,0.10688042372642403,True,True
outliers,4,13.88198399945395,PARK,upper_arm_camera,5,2.118919629664494,2.138812817134541,2.4072983817826343,0.03754286482061844,False,True
outliers,4,13.88198399945395,PARK,forearm_camera,5,4.090195043124312,4.123297160655465,4.685835883193735,0.17869319787842378,False,True
outliers,4,13.88198399945395,PARK,wrist_camera,5,0.948286690733072,0.9745407681867777,1.2951236234386285,0.11492850984610459,True,True
outliers,4,13.88198399945395,PARK,FUSED_MEDIAN,5,1.484400005089751,1.4394893252246315,1.6580786043440925,0.030905894886696667,True,True
outliers,4,13.88198399945395,PARK,upper_arm_camera,6,2.6639439003699357,2.6976338238660267,3.1720733523742393,0.1905693793145586,False,True
outliers,4,13.88198399945395,PARK,forearm_camera,6,3.0036147872930177,3.0131850570577545,3.0667144567585267,0.11506321313222373,False,True
outliers,4,13.88198399945395,PARK,wrist_camera,6,2.168290669156997,2.1903621300899294,2.6146436130171034,0.1479865979645143,False,True
outliers,4,13.88198399945395,PARK,FUSED_MEDIAN,6,0.18444668590491103,0.3121382842517492,0.4569049187116913,0.028089955039187667,True,True
outliers,4,13.88198399945395,PARK,upper_arm_camera,7,1.438898253317937,1.4525336511840086,1.557157623437775,0.1194813050799493,True,True
outliers,4,13.88198399945395,PARK,forearm_camera,7,3.0876776421754157,3.109136345869048,3.35469499792212,0.11228678062086786,False,True
outliers,4,13.88198399945395,PARK,wrist_camera,7,0.5294305285361841,0.5367945699399574,0.6512195932402939,0.04672545634006163,True,True
outliers,4,13.88198399945395,PARK,FUSED_MEDIAN,7,0.5710931750971353,0.5721745310788439,0.6483280673536147,0.015168654269621447,True,True
outliers,4,13.88198399945395,PARK,upper_arm_camera,8,2.020938532245961,2.0444842994337207,2.3397982063304976,0.051845809976617,False,True
outliers,4,13.88198399945395,PARK,forearm_camera,8,3.571438556849349,3.5750382233174998,3.7630664849670192,0.10313163433803448,False,True
outliers,4,13.88198399945395,PARK,wrist_camera,8,1.5912583971911325,1.6369479715779691,1.9112170697041937,0.1777076593370887,True,True
outliers,4,13.88198399945395,PARK,FUSED_MEDIAN,8,2.102007712921327,2.069491918069196,2.3025868191826575,0.03244037243557078,False,True
outliers,4,13.88198399945395,PARK,upper_arm_camera,9,3.307207178367519,3.3381279991768786,3.923301900056142,0.21951839128156445,False,True
outliers,4,13.88198399945395,PARK,forearm_camera,9,2.8735243317394437,2.8928220940362666,3.1133101930726275,0.03314521159008683,False,True
outliers,4,13.88198399945395,PARK,wrist_camera,9,0.8919719399102898,0.9108706945399793,1.1056624556946546,0.0839070821138053,True,True
outliers,4,13.88198399945395,PARK,FUSED_MEDIAN,9,2.0163328065864614,2.049325747643893,2.293917194116311,0.08019965171378592,False,True
outliers,4,13.88198399945395,PARK,upper_arm_camera,10,1.926048041845913,1.9453134140520087,2.19298052510175,0.02309462365314936,True,True
outliers,4,13.88198399945395,PARK,forearm_camera,10,4.020942543645119,4.036163974741304,4.413178748096025,0.07507994201082917,False,True
outliers,4,13.88198399945395,PARK,wrist_camera,10,1.113790293572909,1.1434574382536187,1.4420806363181562,0.049096326510339856,True,True
outliers,4,13.88198399945395,PARK,FUSED_MEDIAN,10,1.0039843202984025,0.9748735928516568,1.225456750968815,0.02321869919551085,True,True
outliers,4,13.88198399945395,PARK,upper_arm_camera,11,2.741909474454319,2.7547812626070702,3.040734518471487,0.05303414808590674,False,True
outliers,4,13.88198399945395,PARK,forearm_camera,11,3.6246251634673254,3.6262832456898844,3.710756172774979,0.05073622673754988,False,True
outliers,4,13.88198399945395,PARK,wrist_camera,11,2.0821812778374094,2.1094031989454143,2.4804455367304477,0.10297807598700419,False,True
outliers,4,13.88198399945395,PARK,FUSED_MEDIAN,11,0.9479475826800278,0.9636686536384718,1.1045050299230497,0.05012753118996126,True,True
outliers,4,13.88198399945395,PARK,upper_arm_camera,12,2.582049543011385,2.627952771697635,3.152422978893161,0.05840393544506032,False,True
outliers,4,13.88198399945395,PARK,forearm_camera,12,4.995775301484011,5.006724272442746,5.298455249567572,0.12296578389342228,False,True
outliers,4,13.88198399945395,PARK,wrist_camera,12,1.5055438373696728,1.540670787392813,1.8489332633529918,0.05910517377681084,True,True
outliers,4,13.88198399945395,PARK,FUSED_MEDIAN,12,2.3306650429205584,2.3555469328855927,2.7501605283278936,0.051248212141734445,False,True
outliers,4,13.88198399945395,PARK,upper_arm_camera,13,2.2659734461853263,2.3086870458788056,2.7301792231754356,0.18893988582135895,False,True
outliers,4,13.88198399945395,PARK,forearm_camera,13,3.353119230603444,3.3928367994743605,3.830413422409523,0.22930482272434097,False,True
outliers,4,13.88198399945395,PARK,wrist_camera,13,2.634401278000502,2.6614880642126515,3.1711170549767838,0.15058914697867537,False,True
outliers,4,13.88198399945395,PARK,FUSED_MEDIAN,13,1.7805389220525198,1.8571370541421075,2.2158593904530948,0.10733300855396781,True,True
outliers,4,13.88198399945395,PARK,upper_arm_camera,14,3.5155741003204795,3.54830181291859,4.058299914288744,0.10023812997470978,False,True
outliers,4,13.88198399945395,PARK,forearm_camera,14,4.760038086089203,4.783343203151236,5.163297935184389,0.1226708019638208,False,True
outliers,4,13.88198399945395,PARK,wrist_camera,14,0.7735788420298568,0.7806949822733443,0.8827116858727397,0.046233858974074636,True,True
outliers,4,13.88198399945395,PARK,FUSED_MEDIAN,14,3.0105442955605755,3.0459101728688966,3.4296530375675798,0.0589359058127632,False,True
outliers,4,13.88198399945395,PARK,upper_arm_camera,15,1.698456838861964,1.709226814488293,1.837480445245669,0.09329328053697734,True,True
outliers,4,13.88198399945395,PARK,forearm_camera,15,3.9987304941182167,4.016948988719125,4.358336359898776,0.0795741754454088,False,True
outliers,4,13.88198399945395,PARK,wrist_camera,15,2.2109922690664257,2.2365979923192194,2.460946553274277,0.14943676419238322,False,True
outliers,4,13.88198399945395,PARK,FUSED_MEDIAN,15,1.1911288053022853,1.2622254970750113,1.4129277164747363,0.05447233621987593,True,True
outliers,4,13.88198399945395,PARK,upper_arm_camera,16,3.3955686819564628,3.426196162046064,3.936841619025115,0.2026030432599745,False,True
outliers,4,13.88198399945395,PARK,forearm_camera,16,5.945706715429021,5.976753222764856,6.796565880687501,0.3166458927367675,False,False
outliers,4,13.88198399945395,PARK,wrist_camera,16,2.4256448167491014,2.4502549568201877,2.8698489140753196,0.16172321881270788,False,True
outliers,4,13.88198399945395,PARK,FUSED_MEDIAN,16,2.9322585179076834,2.9632016595528374,3.4243547679463324,0.12038929879947816,False,True
outliers,4,13.88198399945395,PARK,upper_arm_camera,17,1.5872131648564092,1.606140373530136,1.8121854619855384,0.11602675724772132,True,True
outliers,4,13.88198399945395,PARK,forearm_camera,17,1.460433542617236,1.4846925426870583,1.618583527363553,0.06950192001748065,True,True
outliers,4,13.88198399945395,PARK,wrist_camera,17,0.502871502605556,0.5100580365030033,0.5950054325514135,0.013651158667785664,True,True
outliers,4,13.88198399945395,PARK,FUSED_MEDIAN,17,1.2944810943407183,1.2961506797436708,1.3495077624830363,0.04937337210838019,True,True
outliers,4,13.88198399945395,PARK,upper_arm_camera,18,2.509201710263572,2.5344234736828914,2.8430244628864623,0.01742988185576229,False,True
outliers,4,13.88198399945395,PARK,forearm_camera,18,4.1616901452563635,4.196169131610064,4.705638146828525,0.11674748838164394,False,True
outliers,4,13.88198399945395,PARK,wrist_camera,18,2.5289732534715412,2.5502325947028557,2.99282812633427,0.15278500302468515,False,True
outliers,4,13.88198399945395,PARK,FUSED_MEDIAN,18,2.509201710263572,2.5344234736828914,2.8430244628864623,0.05794577789605892,False,True
outliers,4,13.88198399945395,PARK,upper_arm_camera,19,2.541385810861542,2.546420364497988,2.698303062499067,0.05829787693476563,False,True
outliers,4,13.88198399945395,PARK,forearm_camera,19,2.571275816252984,2.6063210804793684,2.940858801697451,0.0656275939979271,False,True
outliers,4,13.88198399945395,PARK,wrist_camera,19,2.981015240857872,3.0056666731050408,3.4243992834172103,0.1460964446558651,False,True
outliers,4,13.88198399945395,PARK,FUSED_MEDIAN,19,2.2946177305483686,2.291230988608379,2.698303062499067,0.044209944413007955,False,True
outliers,4,13.88198399945395,PARK,upper_arm_camera,20,2.0972131996107635,2.133314714394093,2.6324301162272388,0.17898744178578085,False,True
outliers,4,13.88198399945395,PARK,forearm_camera,20,1.9773951778111334,2.015081511345919,2.2701410120752867,0.18193384789582162,True,True
outliers,4,13.88198399945395,PARK,wrist_camera,20,0.666205311210895,0.6742073964626573,0.7922430299409806,0.020890544925249922,True,True
outliers,4,13.88198399945395,PARK,FUSED_MEDIAN,20,0.31586376639989494,0.4993685544249913,0.6869551605495021,0.010689041179390093,True,True
outliers,4,13.88198399945395,PARK,upper_arm_camera,21,1.1806845641177102,1.1946852661458967,1.2706776626679404,0.11011207973484932,True,True
outliers,4,13.88198399945395,PARK,forearm_camera,21,3.110845534695231,3.229555701656397,3.928136564667719,0.29505952568544047,False,True
outliers,4,13.88198399945395,PARK,wrist_camera,21,0.8397527015256678,0.8508853496228912,0.9628119242412577,0.07249383755428328,True,True
outliers,4,13.88198399945395,PARK,FUSED_MEDIAN,21,0.7136068827649451,0.7318273011395715,0.764590987879609,0.04095395936768348,True,True
outliers,4,13.88198399945395,PARK,upper_arm_camera,22,2.5615954987838876,2.5891457307795704,3.0026130871452454,0.07646557716359989,False,True
outliers,4,13.88198399945395,PARK,forearm_camera,22,2.9055592761027484,2.915027933451073,3.061826705028132,0.1095543930844893,False,True
outliers,4,13.88198399945395,PARK,wrist_camera,22,1.5690206427706603,1.5747290174917339,1.7862993123416357,0.07913253524620754,True,True
outliers,4,13.88198399945395,PARK,FUSED_MEDIAN,22,2.2707490739072647,2.2837426888342933,2.6400517119998335,0.040167526269629855,False,True
outliers,4,13.88198399945395,PARK,upper_arm_camera,23,2.537650365139585,2.566113165429681,2.932037965583927,0.017679750422574355,False,True
outliers,4,13.88198399945395,PARK,forearm_camera,23,4.680349282463339,4.692053291758858,4.987567900289425,0.14408119605856826,False,True
outliers,4,13.88198399945395,PARK,wrist_camera,23,1.0635878323862675,1.0659042678953734,1.1516235153427057,0.013499592224016945,True,True
outliers,4,13.88198399945395,PARK,FUSED_MEDIAN,23,2.1237456376518264,2.1365962161784218,2.277635115948042,0.0504995590191677,False,True
outliers,4,13.88198399945395,PARK,upper_arm_camera,24,2.308252699961272,2.3518962014277114,2.7223672239473853,0.024646130729482234,False,True
outliers,4,13.88198399945395,PARK,forearm_camera,24,2.4825322242063637,2.4964543036575497,2.6995483541042757,0.08542518695482028,False,True
outliers,4,13.88198399945395,PARK,wrist_camera,24,0.9607052983082739,0.9631671848274481,1.0422596682886291,0.04813104309328135,True,True
outliers,4,13.88198399945395,PARK,FUSED_MEDIAN,24,0.966961356255398,1.0156861121068244,1.2069044230579697,0.03359785193524807,True,True
outliers,4,13.88198399945395,PARK,upper_arm_camera,25,1.827127759936583,1.8377102830354142,1.9791115149288128,0.04736651863345139,True,True
outliers,4,13.88198399945395,PARK,forearm_camera,25,5.329908606782336,5.3587362182682785,5.828834359287018,0.3752840525592202,False,False
outliers,4,13.88198399945395,PARK,wrist_camera,25,0.17999862144564643,0.2423257298314355,0.3470272303314732,0.03108106690634921,True,True
outliers,4,13.88198399945395,PARK,FUSED_MEDIAN,25,1.1032321707571942,1.1149187846657689,1.211846557178304,0.10678931943015153,True,True
outliers,4,13.88198399945395,PARK,upper_arm_camera,26,1.4098150074076141,1.4142518579733974,1.4808909458526613,0.05170686793553503,True,True
outliers,4,13.88198399945395,PARK,forearm_camera,26,2.9157156415629797,2.928656571951786,3.126279244277162,0.08527188639901243,False,True
outliers,4,13.88198399945395,PARK,wrist_camera,26,0.7347287354545393,0.7476049611695115,0.8619341585227832,0.09644790737673041,True,True
outliers,4,13.88198399945395,PARK,FUSED_MEDIAN,26,1.297822652079623,1.3012670125042982,1.447526594732312,0.04867532717502979,True,True
outliers,4,13.88198399945395,PARK,upper_arm_camera,27,0.8427441781300635,0.863534057359821,1.0373898204681613,0.05880731568026675,True,True
outliers,4,13.88198399945395,PARK,forearm_camera,27,3.1431000308022825,3.1520729225785553,3.3118588951700763,0.06341644046578197,False,True
outliers,4,13.88198399945395,PARK,wrist_camera,27,0.5439374665541993,0.5488386274965913,0.616377645316393,0.015851943951134068,True,True
outliers,4,13.88198399945395,PARK,FUSED_MEDIAN,27,0.4064959700615356,0.4354290728589371,0.5357809053620175,0.029460256222743626,True,True
outliers,4,13.88198399945395,PARK,upper_arm_camera,28,1.4665685531823973,1.4982848120877692,1.695898165255726,0.20709416947429402,True,True
outliers,4,13.88198399945395,PARK,forearm_camera,28,3.6232427267402993,3.6350110042312656,3.981529021628412,0.1852034101872133,False,True
outliers,4,13.88198399945395,PARK,wrist_camera,28,0.594500303325189,0.6211928163812618,0.742294400517395,0.062262023724092876,True,True
outliers,4,13.88198399945395,PARK,FUSED_MEDIAN,28,0.9623953994803283,1.014718758554051,1.2928311474036647,0.03288979829314694,True,True
outliers,4,13.88198399945395,PARK,upper_arm_camera,29,2.266736876540227,2.28437522175867,2.4579197262628774,0.09781030574646846,False,True
outliers,4,13.88198399945395,PARK,forearm_camera,29,3.38991724696604,3.405641522181734,3.615798597898329,0.1192465499315402,False,True
outliers,4,13.88198399945395,PARK,wrist_camera,29,0.6480093672447566,0.652716836317082,0.7319157453587121,0.050811177202696775,True,True
outliers,4,13.88198399945395,PARK,FUSED_MEDIAN,29,1.2281297720298132,1.2711527649162406,1.5203301616026967,0.07015677443674401,True,True
outliers,4,13.88198399945395,PARK,upper_arm_camera,30,1.9217265454566477,1.953280942370928,2.227973816344206,0.03694444580720724,True,True
outliers,4,13.88198399945395,PARK,forearm_camera,30,3.1952519725697988,3.2014256790641524,3.259244664106305,0.07959982679596345,False,True
outliers,4,13.88198399945395,PARK,wrist_camera,30,1.7503779667633155,1.761961306862346,2.006542404552521,0.05785580553747337,True,True
outliers,4,13.88198399945395,PARK,FUSED_MEDIAN,30,1.3193151536539982,1.3463195597647863,1.4668472539249764,0.012578025310333292,True,True
outliers,4,13.88198399945395,PARK,upper_arm_camera,31,2.1661016918675946,2.17408590647037,2.4095563236891557,0.0704854431544552,False,True
outliers,4,13.88198399945395,PARK,forearm_camera,31,3.3375595435520276,3.362665725151659,3.6946021042118775,0.09006157005669903,False,True
outliers,4,13.88198399945395,PARK,wrist_camera,31,0.7501711818152232,0.7546588698988141,0.8222168286163152,0.038146138108815855,True,True
outliers,4,13.88198399945395,PARK,FUSED_MEDIAN,31,1.2490076742033758,1.2291729058687302,1.4140162101848188,0.04058730497693006,True,True
outliers,4,13.88198399945395,PARK,upper_arm_camera,32,2.2706828072314753,2.284796789097839,2.5980986802150006,0.11186104666346142,False,True
outliers,4,13.88198399945395,PARK,forearm_camera,32,4.023338015679953,4.034195466147416,4.226574602909611,0.11195301840493092,False,True
outliers,4,13.88198399945395,PARK,wrist_camera,32,0.333223800776793,0.337950593149021,0.3713620314305431,0.02649724732149829,True,True
outliers,4,13.88198399945395,PARK,FUSED_MEDIAN,32,1.6712814556353646,1.6900494316335808,1.9917303568310774,0.06817475617609914,True,True
outliers,4,13.88198399945395,PARK,upper_arm_camera,33,1.6045644622049753,1.6181220726658296,1.816676600459783,0.07499996408934823,True,True
outliers,4,13.88198399945395,PARK,forearm_camera,33,4.89853027368452,4.9280456154603245,5.519637978947108,0.1762628707007466,False,True
outliers,4,13.88198399945395,PARK,wrist_camera,33,1.9526312525891114,1.9814481392132846,2.4295930289399212,0.1769725179667941,True,True
outliers,4,13.88198399945395,PARK,FUSED_MEDIAN,33,1.6045644622049753,1.6181220726658296,1.816676600459783,0.03829046015524083,True,True
outliers,4,13.88198399945395,PARK,upper_arm_camera,34,2.067582761408633,2.0880324314875827,2.3889749277560743,0.11744883304610416,False,True
outliers,4,13.88198399945395,PARK,forearm_camera,34,4.743176511562922,4.765798337095476,5.234469201106338,0.1447361387139658,False,True
outliers,4,13.88198399945395,PARK,wrist_camera,34,1.1638408379881962,1.1780773350791276,1.3981265433278363,0.08734184304004841,True,True
outliers,4,13.88198399945395,PARK,FUSED_MEDIAN,34,1.1638408379881962,1.1792618550065357,1.4045589469951272,0.03932033025601016,True,True
outliers,4,13.88198399945395,PARK,upper_arm_camera,35,2.550370167839882,2.57470374674859,2.955065804820606,0.15447061355453828,False,True
outliers,4,13.88198399945395,PARK,forearm_camera,35,2.796838868096455,2.8050746808967686,2.9153067295697324,0.11612057537026828,False,True
outliers,4,13.88198399945395,PARK,wrist_camera,35,0.3808359132678939,0.38235672029538686,0.41795723556180864,0.01441038048107182,True,True
outliers,4,13.88198399945395,PARK,FUSED_MEDIAN,35,0.3154258324085168,0.37897841484416156,0.5478104214683752,0.02681582733511838,True,True
outliers,4,484.28572800003167,JOINT_HUBER,upper_arm_camera,0,0.26955796456657416,0.2835010699967098,0.3541409632272572,0.049984059852630415,True,True
outliers,4,484.28572800003167,JOINT_HUBER,forearm_camera,0,0.7177908825485685,0.7317769004507357,0.8566500515190181,0.04950034801227054,True,True
outliers,4,484.28572800003167,JOINT_HUBER,wrist_camera,0,0.5967884616297233,0.6029098414873111,0.6370265670113964,0.04629386396238448,True,True
outliers,4,484.28572800003167,JOINT_HUBER,FUSED_MEDIAN,0,0.2867423918855537,0.2984668169938564,0.33877087380913273,0.017005212425357734,True,True
outliers,4,484.28572800003167,JOINT_HUBER,upper_arm_camera,1,1.4221187163842315,1.433143075923918,1.665572293112171,0.06522325039062525,True,True
outliers,4,484.28572800003167,JOINT_HUBER,forearm_camera,1,0.719406324272266,0.721910232771622,0.7928653292244592,0.01197939102943148,True,True
outliers,4,484.28572800003167,JOINT_HUBER,wrist_camera,1,3.8064146009140902,3.836048113603401,4.217908221755447,0.24258664217478465,False,True
outliers,4,484.28572800003167,JOINT_HUBER,FUSED_MEDIAN,1,0.8359753073465394,0.8431493473653561,0.9279209108138826,0.06445324170341808,True,True
outliers,4,484.28572800003167,JOINT_HUBER,upper_arm_camera,2,1.00924248126109,1.0184039474552204,1.14566272112074,0.08073707834001803,True,True
outliers,4,484.28572800003167,JOINT_HUBER,forearm_camera,2,0.3284644236447677,0.3919561745929264,0.5969477074159526,0.12708033210108438,True,True
outliers,4,484.28572800003167,JOINT_HUBER,wrist_camera,2,0.34571116100855787,0.35841074060211786,0.3855612009733013,0.04299191849087057,True,True
outliers,4,484.28572800003167,JOINT_HUBER,FUSED_MEDIAN,2,0.30323734828886983,0.341700531628014,0.4226602576809487,0.032656522506741156,True,True
outliers,4,484.28572800003167,JOINT_HUBER,upper_arm_camera,3,1.5287039104695308,1.5645170488269013,2.0370853665996806,0.1574256226879042,True,True
outliers,4,484.28572800003167,JOINT_HUBER,forearm_camera,3,0.4005738717674314,0.42039708056648295,0.5244188141651533,0.020895847712482263,True,True
outliers,4,484.28572800003167,JOINT_HUBER,wrist_camera,3,1.3849164119877897,1.4068271578109917,1.6867541616190362,0.04753010378319064,True,True
outliers,4,484.28572800003167,JOINT_HUBER,FUSED_MEDIAN,3,0.31728479026292905,0.3511350487652968,0.5151022495864881,0.06766591989110947,True,True
outliers,4,484.28572800003167,JOINT_HUBER,upper_arm_camera,4,1.5265954224115104,1.5401715148525446,1.830767771852231,0.09253994536405313,True,True
outliers,4,484.28572800003167,JOINT_HUBER,forearm_camera,4,0.6326847692401656,0.6430394735248203,0.7698334866467967,0.05358685883420349,True,True
outliers,4,484.28572800003167,JOINT_HUBER,wrist_camera,4,0.9240577500422184,0.9283674140173397,1.003522396508134,0.04586480226951566,True,True
outliers,4,484.28572800003167,JOINT_HUBER,FUSED_MEDIAN,4,0.9618714767924258,0.9624813148655534,1.0281021629977842,0.057751752525344556,True,True
outliers,4,484.28572800003167,JOINT_HUBER,upper_arm_camera,5,0.9263322248298057,0.9268802694531135,0.9619817963339988,0.012710547292064403,True,True
outliers,4,484.28572800003167,JOINT_HUBER,forearm_camera,5,2.2565559598788645,2.2775606587471784,2.6334745099733814,0.14037943751761925,False,True
outliers,4,484.28572800003167,JOINT_HUBER,wrist_camera,5,1.9183299060139867,1.926575924385651,2.144184523606488,0.10987157531621143,True,True
outliers,4,484.28572800003167,JOINT_HUBER,FUSED_MEDIAN,5,1.9522093020237519,1.9358627975670955,2.127099218382765,0.055414159728223354,True,True
outliers,4,484.28572800003167,JOINT_HUBER,upper_arm_camera,6,0.7660939391446118,0.789456197984069,1.012165378342527,0.0898582116529314,True,True
outliers,4,484.28572800003167,JOINT_HUBER,forearm_camera,6,0.5203497417606187,0.5531965208181219,0.7250359333078152,0.0506513943522007,True,True
outliers,4,484.28572800003167,JOINT_HUBER,wrist_camera,6,2.4623288688204528,2.4931027582413403,2.9620907094937996,0.17643983747991204,False,True
outliers,4,484.28572800003167,JOINT_HUBER,FUSED_MEDIAN,6,0.3180135521056407,0.30714329734374685,0.340155056933135,0.038154412678992985,True,True
outliers,4,484.28572800003167,JOINT_HUBER,upper_arm_camera,7,0.793862575534401,0.794772432029426,0.8297815006406778,0.013059167359082238,True,True
outliers,4,484.28572800003167,JOINT_HUBER,forearm_camera,7,1.0049579524895549,1.0218709602148954,1.2080610972207255,0.014366051972708146,True,True
outliers,4,484.28572800003167,JOINT_HUBER,wrist_camera,7,1.226489816100958,1.2381437457186288,1.4177337914722805,0.07820147219842664,True,True
outliers,4,484.28572800003167,JOINT_HUBER,FUSED_MEDIAN,7,0.8575315234578549,0.849787218085801,0.9184483227677291,0.026604404704522272,True,True
outliers,4,484.28572800003167,JOINT_HUBER,upper_arm_camera,8,0.30282526105510554,0.3423756605258247,0.48949471154489227,0.07474315785641769,True,True
outliers,4,484.28572800003167,JOINT_HUBER,forearm_camera,8,0.5165308550310587,0.5187847937848138,0.5780435493586638,0.023574656966088778,True,True
outliers,4,484.28572800003167,JOINT_HUBER,wrist_camera,8,0.9207490559215642,0.9702828584659727,1.1197138209686472,0.13882655070252584,True,True
outliers,4,484.28572800003167,JOINT_HUBER,FUSED_MEDIAN,8,0.19076401229711915,0.1891374860440329,0.22574681014792433,0.028957675045000873,True,True
outliers,4,484.28572800003167,JOINT_HUBER,upper_arm_camera,9,2.158763862874848,2.195431806002224,2.667553309334657,0.10250023953084575,False,True
outliers,4,484.28572800003167,JOINT_HUBER,forearm_camera,9,0.7782928743464516,0.7822731934096936,0.9046360150593178,0.0419483786455711,True,True
outliers,4,484.28572800003167,JOINT_HUBER,wrist_camera,9,0.7792355366787984,0.8190594440516944,1.0975361793717568,0.08266672184708092,True,True
outliers,4,484.28572800003167,JOINT_HUBER,FUSED_MEDIAN,9,0.6200819905939396,0.6404931856882818,0.8495496299182895,0.025264078722993424,True,True
outliers,4,484.28572800003167,JOINT_HUBER,upper_arm_camera,10,0.6777107632800695,0.6791103542872168,0.7060699141759931,0.019524033636961584,True,True
outliers,4,484.28572800003167,JOINT_HUBER,forearm_camera,10,1.0777514542090976,1.083550276390813,1.1898049716661974,0.033256338302310735,True,True
outliers,4,484.28572800003167,JOINT_HUBER,wrist_camera,10,1.1743637939313045,1.2046425942189134,1.4576059864783966,0.09713029102886145,True,True
outliers,4,484.28572800003167,JOINT_HUBER,FUSED_MEDIAN,10,0.9773383320480868,0.9620983312984615,1.0302688021946593,0.03720962474405653,True,True
outliers,4,484.28572800003167,JOINT_HUBER,upper_arm_camera,11,1.3238137987683598,1.344458321192986,1.6658303156971463,0.11547957711889022,True,True
outliers,4,484.28572800003167,JOINT_HUBER,forearm_camera,11,1.0859771277173922,1.0945774231199683,1.2573109059714476,0.06950944468284757,True,True
outliers,4,484.28572800003167,JOINT_HUBER,wrist_camera,11,2.554430516173414,2.5886353791083874,3.0246290168511596,0.12897883939172683,False,True
outliers,4,484.28572800003167,JOINT_HUBER,FUSED_MEDIAN,11,0.5328684224184771,0.5637694141892106,0.7634948857830678,0.007957532044155453,True,True
outliers,4,484.28572800003167,JOINT_HUBER,upper_arm_camera,12,0.916681214784872,0.9353342947200399,1.1149832111006304,0.03608043331930022,True,True
outliers,4,484.28572800003167,JOINT_HUBER,forearm_camera,12,0.9152947012166445,0.924009876942097,1.05409805626899,0.020175229218853136,True,True
outliers,4,484.28572800003167,JOINT_HUBER,wrist_camera,12,1.8577869495430634,1.874851135717738,2.1239438800369745,0.062419730886332965,True,True
outliers,4,484.28572800003167,JOINT_HUBER,FUSED_MEDIAN,12,1.0376650611607967,1.0498979298921336,1.2257249836839001,0.038432070171838105,True,True
outliers,4,484.28572800003167,JOINT_HUBER,upper_arm_camera,13,2.468979293969825,2.49622148008836,2.9366687742323596,0.1723701520191065,False,True
outliers,4,484.28572800003167,JOINT_HUBER,forearm_camera,13,2.2297254997532905,2.243562386443203,2.58248221644968,0.12637027467476566,False,True
outliers,4,484.28572800003167,JOINT_HUBER,wrist_camera,13,2.618972714963162,2.6356340746049947,3.0445863228277,0.14440276377218036,False,True
outliers,4,484.28572800003167,JOINT_HUBER,FUSED_MEDIAN,13,2.0363558157527657,2.052569082404304,2.4225086872407897,0.08990370729496319,False,True
outliers,4,484.28572800003167,JOINT_HUBER,upper_arm_camera,14,1.335915902564601,1.3490442485240577,1.5189241667171036,0.05811685648837818,True,True
outliers,4,484.28572800003167,JOINT_HUBER,forearm_camera,14,3.2270606524101226,3.257299820675258,3.792396127548117,0.08412723478760743,False,True
outliers,4,484.28572800003167,JOINT_HUBER,wrist_camera,14,1.4504155868185007,1.45564854511581,1.587207087868852,0.03659201913247204,True,True
outliers,4,484.28572800003167,JOINT_HUBER,FUSED_MEDIAN,14,1.4199816884935788,1.4268034055337036,1.5677879552458591,0.04033760466242753,True,True
outliers,4,484.28572800003167,JOINT_HUBER,upper_arm_camera,15,1.841579204635847,1.8696391933321492,2.3094516121575768,0.17183537359927975,True,True
outliers,4,484.28572800003167,JOINT_HUBER,forearm_camera,15,0.9250477657557739,0.9385837000678678,1.102661826550362,0.03086460526643121,True,True
outliers,4,484.28572800003167,JOINT_HUBER,wrist_camera,15,2.0432685372677843,2.085662226756314,2.4238676366868126,0.19362404876485304,False,True
outliers,4,484.28572800003167,JOINT_HUBER,FUSED_MEDIAN,15,0.8058639467381185,0.9088881354870013,1.4432596462274823,0.07299204325560649,True,True
outliers,4,484.28572800003167,JOINT_HUBER,upper_arm_camera,16,1.1276612412186444,1.149489998970471,1.4465556813474874,0.09366468354733248,True,True
outliers,4,484.28572800003167,JOINT_HUBER,forearm_camera,16,3.4597571101778395,3.490588780032033,4.101681896326663,0.20854480296583225,False,True
outliers,4,484.28572800003167,JOINT_HUBER,wrist_camera,16,1.9622776488632605,1.9840259461400191,2.311529706911519,0.14661723980244132,True,True
outliers,4,484.28572800003167,JOINT_HUBER,FUSED_MEDIAN,16,1.4553452513208796,1.4681229220502106,1.6923315677952093,0.06558931106457822,True,True
outliers,4,484.28572800003167,JOINT_HUBER,upper_arm_camera,17,2.1469364223312617,2.1632625282731355,2.4513662575328135,0.07341432975535898,False,True
outliers,4,484.28572800003167,JOINT_HUBER,forearm_camera,17,1.0040455716019312,1.005096481658528,1.0600034615001088,0.01587374452284633,True,True
outliers,4,484.28572800003167,JOINT_HUBER,wrist_camera,17,0.8659853369443451,0.8668809958915498,0.9055750027366418,0.02755775909060516,True,True
outliers,4,484.28572800003167,JOINT_HUBER,FUSED_MEDIAN,17,0.8659853369443451,0.866552491481607,0.9055750027366418,0.024551348227022134,True,True
outliers,4,484.28572800003167,JOINT_HUBER,upper_arm_camera,18,0.6578370117765151,0.660172099366738,0.714437938074337,0.008407438007125298,True,True
outliers,4,484.28572800003167,JOINT_HUBER,forearm_camera,18,1.1759627789415534,1.214263942261727,1.4732925790573168,0.10103104318620956,True,True
outliers,4,484.28572800003167,JOINT_HUBER,wrist_camera,18,1.6940250403952024,1.7095014642909157,2.010402902127221,0.11660285890019297,True,True
outliers,4,484.28572800003167,JOINT_HUBER,FUSED_MEDIAN,18,0.42321117094825556,0.463041466206471,0.5818323505418851,0.06816643182328865,True,True
outliers,4,484.28572800003167,JOINT_HUBER,upper_arm_camera,19,1.2442561697534902,1.2543833400570072,1.3987151582447948,0.04083482188596193,True,True
outliers,4,484.28572800003167,JOINT_HUBER,forearm_camera,19,0.5833188709938204,0.6229271959666774,0.8520445007806439,0.10630189912170271,True,True
outliers,4,484.28572800003167,JOINT_HUBER,wrist_camera,19,3.342200255631212,3.3631732253819187,3.787304389884343,0.16851835007529806,False,True
outliers,4,484.28572800003167,JOINT_HUBER,FUSED_MEDIAN,19,0.720088190495579,0.704588234922695,0.8077266454617568,0.04631982652197765,True,True
outliers,4,484.28572800003167,JOINT_HUBER,upper_arm_camera,20,1.977641621030073,1.9933530665953045,2.276990294027552,0.06405809110163856,True,True
outliers,4,484.28572800003167,JOINT_HUBER,forearm_camera,20,0.8045158576759159,0.83513219927041,1.06222201965454,0.0670480694618922,True,True
outliers,4,484.28572800003167,JOINT_HUBER,wrist_camera,20,1.5279017565501032,1.5445696914761464,1.813912482691554,0.054896914910232936,True,True
outliers,4,484.28572800003167,JOINT_HUBER,FUSED_MEDIAN,20,0.8045158576759159,0.83513219927041,1.06222201965454,0.021816183820674736,True,True
outliers,4,484.28572800003167,JOINT_HUBER,upper_arm_camera,21,1.088597046792531,1.0934218973243117,1.2112598241713124,0.025074594989587314,True,True
outliers,4,484.28572800003167,JOINT_HUBER,forearm_camera,21,3.288589140703901,3.3444417054404854,4.061607794181618,0.2007338783802947,False,True
outliers,4,484.28572800003167,JOINT_HUBER,wrist_camera,21,0.49873638912749374,0.5049320390998187,0.607459758064468,0.050619378164323055,True,True
outliers,4,484.28572800003167,JOINT_HUBER,FUSED_MEDIAN,21,1.088597046792531,1.0934218973243117,1.2112598241713124,0.053984416213038705,True,True
outliers,4,484.28572800003167,JOINT_HUBER,upper_arm_camera,22,1.7972653467127568,1.808611837123693,2.023501630908017,0.05718779771576405,True,True
outliers,4,484.28572800003167,JOINT_HUBER,forearm_camera,22,0.644416150147502,0.6688522970796716,0.8490715573250815,0.03708359919719901,True,True
outliers,4,484.28572800003167,JOINT_HUBER,wrist_camera,22,1.224579935786665,1.2379577188562731,1.4361471167398583,0.10123037924037807,True,True
outliers,4,484.28572800003167,JOINT_HUBER,FUSED_MEDIAN,22,0.7458387708272685,0.7611664026918469,0.917141219512782,0.06243484292587031,True,True
outliers,4,484.28572800003167,JOINT_HUBER,upper_arm_camera,23,0.2865955652170409,0.29610780695926797,0.3653101242570669,0.008884185483621734,True,True
outliers,4,484.28572800003167,JOINT_HUBER,forearm_camera,23,0.9707843375551096,0.9788998381589448,1.153931515626747,0.06152371406938196,True,True
outliers,4,484.28572800003167,JOINT_HUBER,wrist_camera,23,0.48862576734435353,0.49376975117890876,0.5645805050549854,0.019703630510923706,True,True
outliers,4,484.28572800003167,JOINT_HUBER,FUSED_MEDIAN,23,0.2865955652170409,0.29558766880302395,0.3653101242570669,0.015519285461989905,True,True
outliers,4,484.28572800003167,JOINT_HUBER,upper_arm_camera,24,1.2376749086338987,1.2559415123967812,1.4961996997629696,0.04394236419232867,True,True
outliers,4,484.28572800003167,JOINT_HUBER,forearm_camera,24,1.0642150994976154,1.0673351276066676,1.1579374897342345,0.01885286878356415,True,True
outliers,4,484.28572800003167,JOINT_HUBER,wrist_camera,24,1.4223662880770258,1.4281302062810626,1.5298923257559067,0.03422162773157663,True,True
outliers,4,484.28572800003167,JOINT_HUBER,FUSED_MEDIAN,24,1.1166902557896656,1.125900919680975,1.2758282091335886,0.02113207710860308,True,True
outliers,4,484.28572800003167,JOINT_HUBER,upper_arm_camera,25,0.4851398688142344,0.49522622559818064,0.5985566893081768,0.041578409589100356,True,True
outliers,4,484.28572800003167,JOINT_HUBER,forearm_camera,25,1.3028879776007063,1.3835860898229517,1.7430006354885805,0.3036613939722311,True,True
outliers,4,484.28572800003167,JOINT_HUBER,wrist_camera,25,0.6258812126312238,0.6383835602213641,0.6902803739925014,0.05270155093368139,True,True
outliers,4,484.28572800003167,JOINT_HUBER,FUSED_MEDIAN,25,0.6222952094468015,0.5915960250503685,0.7735078487070812,0.11499237195364817,True,True
outliers,4,484.28572800003167,JOINT_HUBER,upper_arm_camera,26,0.799285353904052,0.8285331346892748,1.0384121187428121,0.1300685251400752,True,True
outliers,4,484.28572800003167,JOINT_HUBER,forearm_camera,26,1.6898132059957494,1.7057602505058764,2.0814457701232287,0.12824205597654947,True,True
outliers,4,484.28572800003167,JOINT_HUBER,wrist_camera,26,0.4247903731574575,0.4541698080314439,0.6763550851241066,0.09503868775021504,True,True
outliers,4,484.28572800003167,JOINT_HUBER,FUSED_MEDIAN,26,0.4470623531725113,0.4682546639150956,0.6523799564774743,0.02051039337788926,True,True
outliers,4,484.28572800003167,JOINT_HUBER,upper_arm_camera,27,1.419201477332706,1.4418959348125158,1.7107113800510674,0.10840782581246049,True,True
outliers,4,484.28572800003167,JOINT_HUBER,forearm_camera,27,0.5039550941812069,0.5142973135463382,0.5745091165737757,0.046153101885796244,True,True
outliers,4,484.28572800003167,JOINT_HUBER,wrist_camera,27,0.47590407547518765,0.4792458056023884,0.5325392341017642,0.026830040353380852,True,True
outliers,4,484.28572800003167,JOINT_HUBER,FUSED_MEDIAN,27,0.43192644420797727,0.4372753771566187,0.513453473003792,0.04486983049427621,True,True
outliers,4,484.28572800003167,JOINT_HUBER,upper_arm_camera,28,0.39543794533949056,0.4895058248034911,0.6125170947589968,0.14373060903166965,True,True
outliers,4,484.28572800003167,JOINT_HUBER,forearm_camera,28,0.4485051574438267,0.5340017834279425,0.8660016915925851,0.10819758204242043,True,True
outliers,4,484.28572800003167,JOINT_HUBER,wrist_camera,28,0.9900856568034416,1.0035227874130659,1.0797480617310715,0.09436159109776025,True,True
outliers,4,484.28572800003167,JOINT_HUBER,FUSED_MEDIAN,28,0.40658374979141443,0.41053362753084194,0.5624922459680374,0.020484086078514506,True,True
outliers,4,484.28572800003167,JOINT_HUBER,upper_arm_camera,29,0.2925307119820848,0.2958414233443352,0.30828245849192365,0.018641037083680794,True,True
outliers,4,484.28572800003167,JOINT_HUBER,forearm_camera,29,0.7234610519229444,0.7321007772981007,0.7995394975946398,0.032821942247137414,True,True
outliers,4,484.28572800003167,JOINT_HUBER,wrist_camera,29,1.1275811667448907,1.128892716917671,1.1780564552830723,0.02437500379536631,True,True
outliers,4,484.28572800003167,JOINT_HUBER,FUSED_MEDIAN,29,0.6858309818117279,0.6899766598683302,0.7150474201791522,0.016027902673197342,True,True
outliers,4,484.28572800003167,JOINT_HUBER,upper_arm_camera,30,0.399096425174299,0.40327596964723594,0.46325518776297636,0.01854733007822143,True,True
outliers,4,484.28572800003167,JOINT_HUBER,forearm_camera,30,0.723188755923724,0.744570455738986,0.9341691549870997,0.049574819447282495,True,True
outliers,4,484.28572800003167,JOINT_HUBER,wrist_camera,30,1.100545634480159,1.1061075526308328,1.2376837573015103,0.04400329166066893,True,True
outliers,4,484.28572800003167,JOINT_HUBER,FUSED_MEDIAN,30,0.6694390832847372,0.6782309310905316,0.8235726326893642,0.023706722550325646,True,True
outliers,4,484.28572800003167,JOINT_HUBER,upper_arm_camera,31,2.567466854622587,2.6093966563054907,3.088471981823215,0.12191496254312632,False,True
outliers,4,484.28572800003167,JOINT_HUBER,forearm_camera,31,0.8328457759796191,0.8434407883410361,0.9966985643414354,0.01610142995043911,True,True
outliers,4,484.28572800003167,JOINT_HUBER,wrist_camera,31,0.4256562223086412,0.4362115871668158,0.5033487933186301,0.012998876760681842,True,True
outliers,4,484.28572800003167,JOINT_HUBER,FUSED_MEDIAN,31,0.8382202534040165,0.836453828838997,0.9851641217149582,0.04053759703761138,True,True
outliers,4,484.28572800003167,JOINT_HUBER,upper_arm_camera,32,0.7163886669031972,0.716609105366811,0.7354929900494429,0.002436310531538397,True,True
outliers,4,484.28572800003167,JOINT_HUBER,forearm_camera,32,1.353885381121821,1.365016926200637,1.5574693103825645,0.07523638073029125,True,True
outliers,4,484.28572800003167,JOINT_HUBER,wrist_camera,32,0.7222271060459164,0.7284963546716462,0.8311886534442456,0.029285462824683254,True,True
outliers,4,484.28572800003167,JOINT_HUBER,FUSED_MEDIAN,32,0.6565689726586198,0.6588376491352,0.6743408452221579,0.024363714573633677,True,True
outliers,4,484.28572800003167,JOINT_HUBER,upper_arm_camera,33,1.1424081067848655,1.1548278684746365,1.378827568722626,0.06566320510399401,True,True
outliers,4,484.28572800003167,JOINT_HUBER,forearm_camera,33,2.47634230897427,2.501351229347594,2.9087178745362037,0.06146562672956609,False,True
outliers,4,484.28572800003167,JOINT_HUBER,wrist_camera,33,2.0448632568019587,2.064004926323419,2.346473499031893,0.15570850605359005,False,True
outliers,4,484.28572800003167,JOINT_HUBER,FUSED_MEDIAN,33,1.1424081067848655,1.1548278684746365,1.378827568722626,0.04024783552888693,True,True
outliers,4,484.28572800003167,JOINT_HUBER,upper_arm_camera,34,0.41422520272343505,0.4174328656849089,0.4740563768373454,0.010306303750786453,True,True
outliers,4,484.28572800003167,JOINT_HUBER,forearm_camera,34,1.9088186810908465,1.921106824519862,2.261213275119002,0.1113960252787417,True,True
outliers,4,484.28572800003167,JOINT_HUBER,wrist_camera,34,2.0112104090981493,2.032344210198583,2.377593476787178,0.1365451906064426,False,True
outliers,4,484.28572800003167,JOINT_HUBER,FUSED_MEDIAN,34,1.8703725747841908,1.8653850539029853,2.1791776810914283,0.07575413445469327,True,True
outliers,4,484.28572800003167,JOINT_HUBER,upper_arm_camera,35,1.5196765976832596,1.527546732496614,1.7295302066376728,0.06625160387488827,True,True
outliers,4,484.28572800003167,JOINT_HUBER,forearm_camera,35,0.10781143692353733,0.14778700807490247,0.2270263448989359,0.03871368370077567,True,True
outliers,4,484.28572800003167,JOINT_HUBER,wrist_camera,35,0.7167201381801479,0.7236168243514378,0.8222452631063737,0.06351079002362636,True,True
outliers,4,484.28572800003167,JOINT_HUBER,FUSED_MEDIAN,35,0.11895715344152484,0.16717150097900146,0.2270263448989359,0.023358617971557357,True,True
time_offset,4,9.953415001291432,PARK_ZERO_OFFSET,upper_arm_camera,0,4.301494965408367,4.3733834953972615,5.238480684994869,0.009448657832868593,False,True
time_offset,4,9.953415001291432,PARK_ZERO_OFFSET,forearm_camera,0,92.59332342204932,95.25860606504364,118.57205715055117,8.168489182689344,False,False
time_offset,4,9.953415001291432,PARK_ZERO_OFFSET,wrist_camera,0,174.94739638256934,177.67978430600357,211.01794027517855,14.479472984032562,False,False
time_offset,4,9.953415001291432,PARK_ZERO_OFFSET,FUSED_MEDIAN,0,8.60022757896954,12.89563632990218,20.592323634229935,3.685874786359304,False,False
time_offset,4,9.953415001291432,PARK_ZERO_OFFSET,upper_arm_camera,1,5.972846086112359,6.046085278710472,7.175863248063335,0.2357400026404565,False,False
time_offset,4,9.953415001291432,PARK_ZERO_OFFSET,forearm_camera,1,110.27092204086581,113.0465146231158,139.7027322325471,8.329909352238706,False,False
time_offset,4,9.953415001291432,PARK_ZERO_OFFSET,wrist_camera,1,219.20794836201017,222.63563985119083,268.0102366934425,18.298590709308588,False,False
time_offset,4,9.953415001291432,PARK_ZERO_OFFSET,FUSED_MEDIAN,1,5.972846086112359,6.046085278710472,7.175863248063335,4.9450081176180065,False,False
time_offset,4,9.953415001291432,PARK_ZERO_OFFSET,upper_arm_camera,2,5.589224100429966,5.658431457821532,6.722425845136563,0.3973703396712919,False,False
time_offset,4,9.953415001291432,PARK_ZERO_OFFSET,forearm_camera,2,121.34473914352488,124.13113272194798,151.34505999360056,7.85508118377999,False,False
time_offset,4,9.953415001291432,PARK_ZERO_OFFSET,wrist_camera,2,248.27713546184034,252.3144943504565,309.475266961325,20.790957028673876,False,False
time_offset,4,9.953415001291432,PARK_ZERO_OFFSET,FUSED_MEDIAN,2,5.589224100429966,5.658431457821532,6.722425845136563,5.864714829033404,False,False
time_offset,4,9.953415001291432,PARK_ZERO_OFFSET,upper_arm_camera,3,7.164791497370549,7.261310666808592,8.805599689715402,0.5645652676107679,False,False
time_offset,4,9.953415001291432,PARK_ZERO_OFFSET,forearm_camera,3,124.82009186930017,127.55235844343828,153.46167457181937,7.262965888931571,False,False
time_offset,4,9.953415001291432,PARK_ZERO_OFFSET,wrist_camera,3,257.4226616110967,262.02944642910944,325.99167139167304,21.566846309566827,False,False
time_offset,4,9.953415001291432,PARK_ZERO_OFFSET,FUSED_MEDIAN,3,7.164791497370549,7.261310666808592,8.805599689715402,6.233520385871527,False,False
time_offset,4,9.953415001291432,PARK_ZERO_OFFSET,upper_arm_camera,4,7.658486633238775,7.777170766165648,9.585528756763724,0.6806153158036001,False,False
time_offset,4,9.953415001291432,PARK_ZERO_OFFSET,forearm_camera,4,122.22712952336484,124.83309549504143,150.06087322851133,6.326823889958654,False,False
time_offset,4,9.953415001291432,PARK_ZERO_OFFSET,wrist_camera,4,250.32893388347233,255.4683541746492,321.01955829594806,20.784754232135338,False,False
time_offset,4,9.953415001291432,PARK_ZERO_OFFSET,FUSED_MEDIAN,4,7.658486633238775,7.777170766165648,9.585528756763724,5.9137115742653314,False,False
time_offset,4,9.953415001291432,PARK_ZERO_OFFSET,upper_arm_camera,5,9.740472155458159,9.901590361008052,12.405565389733301,0.9156932581044893,False,False
time_offset,4,9.953415001291432,PARK_ZERO_OFFSET,forearm_camera,5,111.99406097089862,114.4174231768024,138.65341542843808,5.43144659159988,False,False
time_offset,4,9.953415001291432,PARK_ZERO_OFFSET,wrist_camera,5,232.88712396376582,238.37695734622736,301.0000123108428,18.994328522777735,False,False
time_offset,4,9.953415001291432,PARK_ZERO_OFFSET,FUSED_MEDIAN,5,9.740472155458159,9.901590361008052,12.405565389733301,5.29774925070226,False,False
time_offset,4,9.953415001291432,PARK_ZERO_OFFSET,upper_arm_camera,6,9.944573834266546,10.12780194370005,12.786750091311742,1.0331591196634125,False,False
time_offset,4,9.953415001291432,PARK_ZERO_OFFSET,forearm_camera,6,98.68881417882228,100.91041498371861,122.53200137635649,4.575845957926751,False,False
time_offset,4,9.953415001291432,PARK_ZERO_OFFSET,wrist_camera,6,205.8862615850794,211.36669178822518,267.4062276318223,16.594571000757494,False,False
time_offset,4,9.953415001291432,PARK_ZERO_OFFSET,FUSED_MEDIAN,6,9.944573834266546,10.12780194370005,12.786750091311742,4.4788030035034065,False,False
time_offset,4,9.953415001291432,PARK_ZERO_OFFSET,upper_arm_camera,7,9.517043240606617,9.748093576680604,12.663428600300499,1.2293192183619184,False,False
time_offset,4,9.953415001291432,PARK_ZERO_OFFSET,forearm_camera,7,85.01765383280498,87.04490538177023,104.62955583826525,4.210615460230921,False,False
time_offset,4,9.953415001291432,PARK_ZERO_OFFSET,wrist_camera,7,174.33259453469827,179.45901047663043,226.72029072754404,13.908200060829136,False,False
time_offset,4,9.953415001291432,PARK_ZERO_OFFSET,FUSED_MEDIAN,7,10.06393167460806,13.086771671026101,19.793471392916487,3.6247132482021427,False,False
time_offset,4,9.953415001291432,PARK_ZERO_OFFSET,upper_arm_camera,8,7.229307482313256,7.514575641973413,9.496652116728036,1.3181359082262778,False,False
time_offset,4,9.953415001291432,PARK_ZERO_OFFSET,forearm_camera,8,77.06183183972182,78.87547896094763,93.76411162511502,4.416204932994814,False,False
time_offset,4,9.953415001291432,PARK_ZERO_OFFSET,wrist_camera,8,141.87639175737377,146.37516076141327,184.06365835195132,11.355640446036567,False,False
time_offset,4,9.953415001291432,PARK_ZERO_OFFSET,FUSED_MEDIAN,8,30.800621946405588,27.29085629476043,37.362032637563466,2.895041756463271,False,False
time_offset,4,9.953415001291432,PARK_ZERO_OFFSET,upper_arm_camera,9,7.118016775144407,7.478956547125126,8.26954219194472,1.5535457529401628,False,False
time_offset,4,9.953415001291432,PARK_ZERO_OFFSET,forearm_camera,9,74.55192021011261,76.20207478931327,93.76293130368066,5.233165006438752,False,False
time_offset,4,9.953415001291432,PARK_ZERO_OFFSET,wrist_camera,9,112.11625111309135,115.7645976722516,143.56263544752795,8.903607152260083,False,False
time_offset,4,9.953415001291432,PARK_ZERO_OFFSET,FUSED_MEDIAN,9,15.929155570717272,19.97160685115105,35.980238788654205,2.2982073426085794,False,False
time_offset,4,9.953415001291432,PARK_ZERO_OFFSET,upper_arm_camera,10,9.009323828305176,9.320051573469211,11.213054103807695,1.658853620688015,False,False
time_offset,4,9.953415001291432,PARK_ZERO_OFFSET,forearm_camera,10,78.50119022620457,80.04388737626661,100.47721751660696,6.127003819397148,False,False
time_offset,4,9.953415001291432,PARK_ZERO_OFFSET,wrist_camera,10,89.25694605394504,92.02286981738594,111.64432571172533,6.596199310323856,False,False
time_offset,4,9.953415001291432,PARK_ZERO_OFFSET,FUSED_MEDIAN,10,9.009323828305176,10.731995666831066,14.007991744353037,1.7243336756306835,False,False
time_offset,4,9.953415001291432,PARK_ZERO_OFFSET,upper_arm_camera,11,10.974505020459787,11.238799818758316,14.026468729251697,1.6577718998692648,False,False
time_offset,4,9.953415001291432,PARK_ZERO_OFFSET,forearm_camera,11,85.75623883161306,87.27580659927439,109.91109543077731,6.887401776045788,False,False
time_offset,4,9.953415001291432,PARK_ZERO_OFFSET,wrist_camera,11,74.29635584421573,76.3409619728507,92.4932265942139,4.581728863715127,False,False
time_offset,4,9.953415001291432,PARK_ZERO_OFFSET,FUSED_MEDIAN,11,16.35708808077532,17.11079672672139,24.51116392598385,1.307397877025835,False,False
time_offset,4,9.953415001291432,PARK_ZERO_OFFSET,upper_arm_camera,12,18.763587133091004,19.033845415287193,23.784496807784823,2.0467985928913426,False,False
time_offset,4,9.953415001291432,PARK_ZERO_OFFSET,forearm_camera,12,91.44884019552248,92.94141460013721,116.5329054914352,7.484916043618175,False,False
time_offset,4,9.953415001291432,PARK_ZERO_OFFSET,wrist_camera,12,68.02536930141164,69.74023379255404,85.32770133606184,3.2624502921690675,False,False
time_offset,4,9.953415001291432,PARK_ZERO_OFFSET,FUSED_MEDIAN,12,27.801970872866537,25.628204690360054,31.97711429457179,1.0530989709140586,False,False
time_offset,4,9.953415001291432,PARK_ZERO_OFFSET,upper_arm_camera,13,26.03528724649456,26.321016263801564,32.38042234474054,2.19606901232174,False,False
time_offset,4,9.953415001291432,PARK_ZERO_OFFSET,forearm_camera,13,93.40011755293905,94.91479347059074,118.46914581636224,7.794672489080111,False,False
time_offset,4,9.953415001291432,PARK_ZERO_OFFSET,wrist_camera,13,68.42230375705735,69.92528075587782,84.81585528711724,3.0976858596139,False,False
time_offset,4,9.953415001291432,PARK_ZERO_OFFSET,FUSED_MEDIAN,13,27.997894062687607,28.463973365135157,35.86326739779099,0.9514713130273068,False,False
time_offset,4,9.953415001291432,PARK_ZERO_OFFSET,upper_arm_camera,14,33.404705168248334,33.75019283293605,40.93542526145793,2.457175143613319,False,False
time_offset,4,9.953415001291432,PARK_ZERO_OFFSET,forearm_camera,14,90.84469315919758,92.37857450129485,114.8679117386736,7.8010389457830165,False,False
time_offset,4,9.953415001291432,PARK_ZERO_OFFSET,wrist_camera,14,75.54229731982163,77.12881912303642,92.64358807418442,3.706246120612861,False,False
time_offset,4,9.953415001291432,PARK_ZERO_OFFSET,FUSED_MEDIAN,14,22.66336658239793,25.004965534499224,36.97267332774443,1.0011646407789894,False,False
time_offset,4,9.953415001291432,PARK_ZERO_OFFSET,upper_arm_camera,15,39.217414857826476,39.61470166683235,47.422601821911975,2.7075642128048814,False,False
time_offset,4,9.953415001291432,PARK_ZERO_OFFSET,forearm_camera,15,82.4186216692956,83.97742686413785,104.45792167285866,7.505285796896154,False,False
time_offset,4,9.953415001291432,PARK_ZERO_OFFSET,wrist_camera,15,87.60508624272785,89.342688936178,106.5848337838836,4.267289741595759,False,False
time_offset,4,9.953415001291432,PARK_ZERO_OFFSET,FUSED_MEDIAN,15,17.246081687197385,19.902347577499928,32.00579269600192,1.1213802010290377,False,False
time_offset,4,9.953415001291432,PARK_ZERO_OFFSET,upper_arm_camera,16,43.367570750755895,43.83816040508413,51.80100851703805,2.9147821578311324,False,False
time_offset,4,9.953415001291432,PARK_ZERO_OFFSET,forearm_camera,16,69.33728273687458,70.90301366907478,88.47639282615661,6.8959982214916575,False,False
time_offset,4,9.953415001291432,PARK_ZERO_OFFSET,wrist_camera,16,98.23455395518961,100.1082162423097,119.08215758448983,4.777253726663849,False,False
time_offset,4,9.953415001291432,PARK_ZERO_OFFSET,FUSED_MEDIAN,16,16.314402184357796,19.1394324305391,28.96705829861447,1.1731552429638967,False,False
time_offset,4,9.953415001291432,PARK_ZERO_OFFSET,upper_arm_camera,17,45.49517156044592,46.03073160956851,53.9904703382747,3.157418723979528,False,False
time_offset,4,9.953415001291432,PARK_ZERO_OFFSET,forearm_camera,17,54.33670996518882,55.92912129363823,69.90688402374809,6.132865642454695,False,False
time_offset,4,9.953415001291432,PARK_ZERO_OFFSET,wrist_camera,17,109.26041365268681,111.2635526460405,131.98064508226264,4.968805533810361,False,False
time_offset,4,9.953415001291432,PARK_ZERO_OFFSET,FUSED_MEDIAN,17,14.413835926355173,17.350924669263858,21.903161298782074,1.4064829448477247,False,False
time_offset,4,9.953415001291432,PARK_ZERO_OFFSET,upper_arm_camera,18,47.12929349190138,47.72499643062243,57.071245368837204,3.3995376940486373,False,False
time_offset,4,9.953415001291432,PARK_ZERO_OFFSET,forearm_camera,18,40.43485248559201,42.03172656480693,51.41273293627832,5.256548074527892,False,False
time_offset,4,9.953415001291432,PARK_ZERO_OFFSET,wrist_camera,18,115.29336217343338,117.34213661223487,138.59133896944797,5.001557821045563,False,False
time_offset,4,9.953415001291432,PARK_ZERO_OFFSET,FUSED_MEDIAN,18,17.585029181527567,16.13481024160561,19.65317135274438,1.6496280484593584,False,False
time_offset,4,9.953415001291432,PARK_ZERO_OFFSET,upper_arm_camera,19,45.59552393796944,46.25250234224572,56.71256067821654,3.545640688781514,False,False
time_offset,4,9.953415001291432,PARK_ZERO_OFFSET,forearm_camera,19,33.04051084282094,34.418842463066596,39.02838538244458,4.378059800997551,False,False
time_offset,4,9.953415001291432,PARK_ZERO_OFFSET,wrist_camera,19,117.30364581921914,119.414379463305,140.7676738854331,4.857867575657003,False,False
time_offset,4,9.953415001291432,PARK_ZERO_OFFSET,FUSED_MEDIAN,19,13.823102246631624,16.636882888569815,19.451341326186636,2.0348725513080113,False,False
time_offset,4,9.953415001291432,PARK_ZERO_OFFSET,upper_arm_camera,20,40.28511107662875,41.00364939712682,52.047196193965185,3.5954818048472736,False,False
time_offset,4,9.953415001291432,PARK_ZERO_OFFSET,forearm_camera,20,32.19025842708465,33.17420122535499,35.52028344188314,3.5604024783613797,False,False
time_offset,4,9.953415001291432,PARK_ZERO_OFFSET,wrist_camera,20,114.38352905821928,116.49459138952102,137.0037880133583,4.584908573079044,False,False
time_offset,4,9.953415001291432,PARK_ZERO_OFFSET,FUSED_MEDIAN,20,20.004886338577503,21.8764887538853,28.847022837711,2.315459587581147,False,False
time_offset,4,9.953415001291432,PARK_ZERO_OFFSET,upper_arm_camera,21,33.64256883070187,34.42866576029896,45.39311581211279,3.584310046222507,False,False
time_offset,4,9.953415001291432,PARK_ZERO_OFFSET,forearm_camera,21,33.226424665574825,33.91014311455602,38.089824516201595,3.01930287083547,False,False
time_offset,4,9.953415001291432,PARK_ZERO_OFFSET,wrist_camera,21,107.237846644393,109.26748490601962,127.96036626116167,4.152759084481419,False,False
time_offset,4,9.953415001291432,PARK_ZERO_OFFSET,FUSED_MEDIAN,21,24.800225380364452,24.39432856504519,30.356483732675617,2.573348849481055,False,False
time_offset,4,9.953415001291432,PARK_ZERO_OFFSET,upper_arm_camera,22,24.196461475603765,25.107060081492556,35.155398176815474,3.463916120624644,False,False
time_offset,4,9.953415001291432,PARK_ZERO_OFFSET,forearm_camera,22,31.745646583307973,32.29212147493506,37.26005325867783,2.843467362918115,False,False
time_offset,4,9.953415001291432,PARK_ZERO_OFFSET,wrist_camera,22,96.99974029278334,98.843942134191,114.77332311675174,3.756353949568804,False,False
time_offset,4,9.953415001291432,PARK_ZERO_OFFSET,FUSED_MEDIAN,22,23.588026788247507,21.260654423074204,26.86348923925788,2.804873962597001,False,False
time_offset,4,9.953415001291432,PARK_ZERO_OFFSET,upper_arm_camera,23,15.634513965884507,16.902419904336945,25.92022221451514,3.543794978808314,False,False
time_offset,4,9.953415001291432,PARK_ZERO_OFFSET,forearm_camera,23,27.79639904711161,28.39704510335757,33.371296379853305,3.042820996861296,False,False
time_offset,4,9.953415001291432,PARK_ZERO_OFFSET,wrist_camera,23,79.71465724373941,81.31433575878287,93.46422645696707,2.9679775467940397,False,False
time_offset,4,9.953415001291432,PARK_ZERO_OFFSET,FUSED_MEDIAN,23,15.634513965884507,15.286503247189597,20.96727167104641,2.872812086692559,False,False
time_offset,4,9.953415001291432,PARK_ZERO_OFFSET,upper_arm_camera,24,6.137389953027774,8.438071313516279,13.93495357355015,3.4241826734519685,False,False
time_offset,4,9.953415001291432,PARK_ZERO_OFFSET,forearm_camera,24,20.79472493043681,21.588052284023565,25.75538809022533,3.5557598350374877,False,False
time_offset,4,9.953415001291432,PARK_ZERO_OFFSET,wrist_camera,24,64.55144544039211,65.73159509395919,73.62695264966162,2.2054027545557777,False,False
time_offset,4,9.953415001291432,PARK_ZERO_OFFSET,FUSED_MEDIAN,24,6.137389953027774,8.021468682891383,11.943796825057841,2.925247066572041,False,False
time_offset,4,9.953415001291432,PARK_ZERO_OFFSET,upper_arm_camera,25,7.813811807747936,9.438266615837493,13.510548395187616,3.1499400102497135,False,False
time_offset,4,9.953415001291432,PARK_ZERO_OFFSET,forearm_camera,25,19.083408973799887,20.080890553865405,23.560662348689494,4.126509051537135,False,False
time_offset,4,9.953415001291432,PARK_ZERO_OFFSET,wrist_camera,25,45.7431703859471,46.364607103508526,47.29935722765194,1.410278896839915,False,False
time_offset,4,9.953415001291432,PARK_ZERO_OFFSET,FUSED_MEDIAN,25,8.151127624398375,11.043093359752312,18.81089628222226,2.7921366106690386,False,False
time_offset,4,9.953415001291432,PARK_ZERO_OFFSET,upper_arm_camera,26,13.576950721250153,14.446414409302134,20.24387539497313,2.915010235564668,False,False
time_offset,4,9.953415001291432,PARK_ZERO_OFFSET,forearm_camera,26,25.198527522581976,26.172558393095013,34.03624073550255,4.801835184396434,False,False
time_offset,4,9.953415001291432,PARK_ZERO_OFFSET,wrist_camera,26,38.22295357493879,38.37145149757888,41.355012435243275,1.3370674852748752,False,False
time_offset,4,9.953415001291432,PARK_ZERO_OFFSET,FUSED_MEDIAN,26,14.037553713166012,15.037695377304434,18.895579458154298,2.607303378031658,False,False
time_offset,4,9.953415001291432,PARK_ZERO_OFFSET,upper_arm_camera,27,19.78909399831115,20.423551505965023,27.321209766262236,2.801312462473883,False,False
time_offset,4,9.953415001291432,PARK_ZERO_OFFSET,forearm_camera,27,33.87556478411597,34.769278754473724,44.85794918568059,5.140383653293183,False,False
time_offset,4,9.953415001291432,PARK_ZERO_OFFSET,wrist_camera,27,63.81961549431793,64.22614318449462,70.39973379033889,2.9478715330723526,False,False
time_offset,4,9.953415001291432,PARK_ZERO_OFFSET,FUSED_MEDIAN,27,18.750279365967177,19.35802144440248,25.876137505839793,2.278970048544498,False,False
time_offset,4,9.953415001291432,PARK_ZERO_OFFSET,upper_arm_camera,28,21.628422054206027,22.14817987965909,28.75074370626061,2.320060836407484,False,False
time_offset,4,9.953415001291432,PARK_ZERO_OFFSET,forearm_camera,28,45.291514798670725,46.24005713969477,58.67268494174897,5.786603931641708,False,False
time_offset,4,9.953415001291432,PARK_ZERO_OFFSET,wrist_camera,28,108.87593636158137,109.82677779206223,126.72326436911369,5.521513592406699,False,False
time_offset,4,9.953415001291432,PARK_ZERO_OFFSET,FUSED_MEDIAN,28,18.9244095188018,19.585768993517085,25.755406981827452,2.0893588646274237,False,False
time_offset,4,9.953415001291432,PARK_ZERO_OFFSET,upper_arm_camera,29,27.602746993545317,28.119622128355033,35.58952226867069,2.272415033049218,False,False
time_offset,4,9.953415001291432,PARK_ZERO_OFFSET,forearm_camera,29,53.04049635903099,54.12097713433405,67.96919617438381,6.133620961864958,False,False
time_offset,4,9.953415001291432,PARK_ZERO_OFFSET,wrist_camera,29,161.97224585057205,163.46704191320316,190.6891062269349,8.7102526196516,False,False
time_offset,4,9.953415001291432,PARK_ZERO_OFFSET,FUSED_MEDIAN,29,23.92518452340725,24.786943061497034,32.31208301485465,2.3006521343798796,False,False
time_offset,4,9.953415001291432,PARK_ZERO_OFFSET,upper_arm_camera,30,30.79109419085558,31.31414279953456,38.9598895877102,2.07447372034146,False,False
time_offset,4,9.953415001291432,PARK_ZERO_OFFSET,forearm_camera,30,58.70796935279831,60.042031406728114,75.0732125184163,6.570710838740751,False,False
time_offset,4,9.953415001291432,PARK_ZERO_OFFSET,wrist_camera,30,211.8242210221062,213.77884399227378,250.2267337654528,12.185717334015646,False,False
time_offset,4,9.953415001291432,PARK_ZERO_OFFSET,FUSED_MEDIAN,30,26.31012905726098,27.504934050504318,36.373438497061045,3.0277498956796425,False,False
time_offset,4,9.953415001291432,PARK_ZERO_OFFSET,upper_arm_camera,31,35.025071868595646,35.60697995585481,43.78205945871701,1.9365274594700839,False,False
time_offset,4,9.953415001291432,PARK_ZERO_OFFSET,forearm_camera,31,61.588555638299965,63.17958935696392,79.08449110696928,6.692679106543795,False,False
time_offset,4,9.953415001291432,PARK_ZERO_OFFSET,wrist_camera,31,258.5651271875697,260.8919330191621,305.88955735128764,15.680948122458167,False,False
time_offset,4,9.953415001291432,PARK_ZERO_OFFSET,FUSED_MEDIAN,31,30.156804447077953,31.648724517526418,42.33001653393339,3.895045806095659,False,False
time_offset,4,9.953415001291432,PARK_ZERO_OFFSET,upper_arm_camera,32,38.54945322982885,39.1812507539516,47.7051833466211,1.7394506330991002,False,False
time_offset,4,9.953415001291432,PARK_ZERO_OFFSET,forearm_camera,32,61.81513803903061,63.81006523143293,79.97531781169107,6.990625970038707,False,False
time_offset,4,9.953415001291432,PARK_ZERO_OFFSET,wrist_camera,32,290.9931402381482,293.55685936726945,345.4628506046447,18.665061250181346,False,False
time_offset,4,9.953415001291432,PARK_ZERO_OFFSET,FUSED_MEDIAN,32,33.02791690928333,35.117955672176365,47.2884320521065,4.805867564642461,False,False
time_offset,4,9.953415001291432,PARK_ZERO_OFFSET,upper_arm_camera,33,44.11363907653129,44.83902706538698,54.23379167094736,1.62230070929455,False,False
time_offset,4,9.953415001291432,PARK_ZERO_OFFSET,forearm_camera,33,58.50665573525018,60.96471407371041,75.99910494434222,7.254929971063886,False,False
time_offset,4,9.953415001291432,PARK_ZERO_OFFSET,wrist_camera,33,305.3393520736787,307.95786322514994,364.3723451679705,20.601804305197962,False,False
time_offset,4,9.953415001291432,PARK_ZERO_OFFSET,FUSED_MEDIAN,33,45.47311044448306,46.451621497637916,54.797693644565996,5.429975511892959,False,False
time_offset,4,9.953415001291432,PARK_ZERO_OFFSET,upper_arm_camera,34,46.8546200251963,47.65792719156156,57.52658994359002,1.4179159526569036,False,False
time_offset,4,9.953415001291432,PARK_ZERO_OFFSET,forearm_camera,34,57.257100648442126,60.25965398606032,74.79011800970892,7.290126579156633,False,False
time_offset,4,9.953415001291432,PARK_ZERO_OFFSET,wrist_camera,34,298.67256492581913,301.2138907247874,358.70954240340336,21.321137441043177,False,False
time_offset,4,9.953415001291432,PARK_ZERO_OFFSET,FUSED_MEDIAN,34,50.09303162761407,52.143583970522,62.67011967632386,5.694554179012515,False,False
time_offset,4,9.953415001291432,PARK_ZERO_OFFSET,upper_arm_camera,35,50.43945124614769,51.338725305857714,62.00304069590864,1.3900574279371534,False,False
time_offset,4,9.953415001291432,PARK_ZERO_OFFSET,forearm_camera,35,60.484330944641925,63.80283176375581,77.5527146477264,7.285536835794462,False,False
time_offset,4,9.953415001291432,PARK_ZERO_OFFSET,wrist_camera,35,270.85319512054235,273.2222397505998,327.117125809749,20.84965439740244,False,False
time_offset,4,9.953415001291432,PARK_ZERO_OFFSET,FUSED_MEDIAN,35,58.06814956829445,61.06326050088782,75.164000339431,5.5181945073328365,False,False
time_offset,4,2892.290829999183,TIME_AWARE_PARK,upper_arm_camera,0,1.0784997901513544,1.0908656166116422,1.2837761320456906,0.03354509768313429,True,True
time_offset,4,2892.290829999183,TIME_AWARE_PARK,forearm_camera,0,10.975440049392102,11.271019978569713,14.082092359058564,0.9389565722164844,False,False
time_offset,4,2892.290829999183,TIME_AWARE_PARK,wrist_camera,0,20.010570466160626,20.328776614911234,24.130039876488468,1.6532904255416645,False,False
time_offset,4,2892.290829999183,TIME_AWARE_PARK,FUSED_MEDIAN,0,2.0526415098428727,2.4919999437969085,4.02061935431257,0.3747769543812769,False,True
time_offset,4,2892.290829999183,TIME_AWARE_PARK,upper_arm_camera,1,3.206333289458021,3.242651747715716,3.8697355325757843,0.14557394224237524,False,True
time_offset,4,2892.290829999183,TIME_AWARE_PARK,forearm_camera,1,13.15621814707491,13.47059453738104,16.73225605719195,1.0088288513996513,False,False
time_offset,4,2892.290829999183,TIME_AWARE_PARK,wrist_camera,1,25.891905313702686,26.314834344569213,31.500719771481847,2.199718501853886,False,False
time_offset,4,2892.290829999183,TIME_AWARE_PARK,FUSED_MEDIAN,1,4.2713801921891585,4.162470100886321,4.7521047154986595,0.5218128308535782,False,True
time_offset,4,2892.290829999183,TIME_AWARE_PARK,upper_arm_camera,2,2.020549960412001,2.0475444391335422,2.563056259543552,0.1777809784539793,False,True
time_offset,4,2892.290829999183,TIME_AWARE_PARK,forearm_camera,2,13.394338758564617,13.695732869541379,16.60079647110586,0.7926993621068152,False,False
time_offset,4,2892.290829999183,TIME_AWARE_PARK,wrist_camera,2,31.059378714530737,31.55761400627277,38.510707250221586,2.585380446917422,False,False
time_offset,4,2892.290829999183,TIME_AWARE_PARK,FUSED_MEDIAN,2,2.020549960412001,2.104656058970187,2.563056259543552,0.6962577579721854,False,True
time_offset,4,2892.290829999183,TIME_AWARE_PARK,upper_arm_camera,3,1.8759850188379108,1.8990513559225164,2.2943879843548314,0.14738962388139687,True,True
time_offset,4,2892.290829999183,TIME_AWARE_PARK,forearm_camera,3,12.900163939943672,13.189346386223933,15.795689305062002,0.7633454309537194,False,False
time_offset,4,2892.290829999183,TIME_AWARE_PARK,wrist_camera,3,32.78972709897516,33.357226587304154,41.306087556685455,2.7341674654188077,False,False
time_offset,4,2892.290829999183,TIME_AWARE_PARK,FUSED_MEDIAN,3,1.8759850188379108,1.8990513559225164,2.2943879843548314,0.7847736174344341,True,True
time_offset,4,2892.290829999183,TIME_AWARE_PARK,upper_arm_camera,4,1.1902438320423816,1.2019164344068891,1.3046175604562145,0.1002224818819366,True,True
time_offset,4,2892.290829999183,TIME_AWARE_PARK,forearm_camera,4,13.13080051261287,13.40732404625813,16.22063815218429,0.631490415825034,False,False
time_offset,4,2892.290829999183,TIME_AWARE_PARK,wrist_camera,4,32.556347027183044,33.20908984550196,41.69190802861879,2.693454114400114,False,False
time_offset,4,2892.290829999183,TIME_AWARE_PARK,FUSED_MEDIAN,4,1.1902438320423816,1.2019164344068891,1.3046175604562145,0.7328280003829418,True,True
time_offset,4,2892.290829999183,TIME_AWARE_PARK,upper_arm_camera,5,1.8541047157793262,1.8791719714573027,2.315341817319854,0.15850773038591146,True,True
time_offset,4,2892.290829999183,TIME_AWARE_PARK,forearm_camera,5,11.287035517956829,11.539006562470455,14.069391480823247,0.6038194096220736,False,False
time_offset,4,2892.290829999183,TIME_AWARE_PARK,wrist_camera,5,31.72424640661768,32.45329127552458,40.92108398476602,2.5802878834343166,False,False
time_offset,4,2892.290829999183,TIME_AWARE_PARK,FUSED_MEDIAN,5,1.8541047157793262,1.8791719714573027,2.315341817319854,0.7148944797208941,True,True
time_offset,4,2892.290829999183,TIME_AWARE_PARK,upper_arm_camera,6,1.7869893546968727,1.8029482416776654,2.096048430339736,0.11717664463018578,True,True
time_offset,4,2892.290829999183,TIME_AWARE_PARK,forearm_camera,6,9.711693298917595,9.946524051211258,12.11487519761239,0.4968210628472354,False,False
time_offset,4,2892.290829999183,TIME_AWARE_PARK,wrist_camera,6,28.19822480595752,28.921570579434345,36.559527114812546,2.2977902182800602,False,False
time_offset,4,2892.290829999183,TIME_AWARE_PARK,FUSED_MEDIAN,6,1.7869893546968727,1.8029482416776654,2.096048430339736,0.6391083273622727,True,True
time_offset,4,2892.290829999183,TIME_AWARE_PARK,upper_arm_camera,7,2.007760834778489,2.0337880813741687,2.5075360604875128,0.16993578846089413,False,True
time_offset,4,2892.290829999183,TIME_AWARE_PARK,forearm_camera,7,8.140304524447581,8.366275629385338,9.957048905427555,0.5066674404241338,False,False
time_offset,4,2892.290829999183,TIME_AWARE_PARK,wrist_camera,7,23.933378220671848,24.613514403683194,31.052556148812098,1.8474372085670892,False,False
time_offset,4,2892.290829999183,TIME_AWARE_PARK,FUSED_MEDIAN,7,2.3596689670646924,2.607091564547394,3.352007207262832,0.5273482104842311,False,True
time_offset,4,2892.290829999183,TIME_AWARE_PARK,upper_arm_camera,8,0.7464762353009482,0.773709341993519,0.8616203539041922,0.13487226375664926,True,True
time_offset,4,2892.290829999183,TIME_AWARE_PARK,forearm_camera,8,8.907908660171733,9.088130994526711,10.831596742236995,0.5183492405391833,False,False
time_offset,4,2892.290829999183,TIME_AWARE_PARK,wrist_camera,8,19.799614292119596,20.419723541976293,25.82865526267735,1.5080944974017738,False,False
time_offset,4,2892.290829999183,TIME_AWARE_PARK,FUSED_MEDIAN,8,5.209825552202305,4.690125560177726,6.2329546464283,0.4417645958977819,False,False
time_offset,4,2892.290829999183,TIME_AWARE_PARK,upper_arm_camera,9,1.1587924013687738,1.2162102748704755,1.3853433072349621,0.25262112815670157,True,True
time_offset,4,2892.290829999183,TIME_AWARE_PARK,forearm_camera,9,9.024514527737155,9.19744723462398,11.489009279851574,0.7098172197406601,False,False
time_offset,4,2892.290829999183,TIME_AWARE_PARK,wrist_camera,9,15.549409844985604,16.04978763682278,20.01287040430167,1.2024636292630906,False,False
time_offset,4,2892.290829999183,TIME_AWARE_PARK,FUSED_MEDIAN,9,2.7822058949679214,3.242670983969544,5.513759670988967,0.41020547241357674,False,True
time_offset,4,2892.290829999183,TIME_AWARE_PARK,upper_arm_camera,10,1.3538004701170288,1.4011586658302693,1.645640300630464,0.25295967539714254,True,True
time_offset,4,2892.290829999183,TIME_AWARE_PARK,forearm_camera,10,9.41701473945325,9.584652202282575,12.120630057223924,0.8019191893884609,False,False
time_offset,4,2892.290829999183,TIME_AWARE_PARK,wrist_camera,10,12.47039406753017,12.853414261660372,15.673916208410933,0.9165752988009789,False,False
time_offset,4,2892.290829999183,TIME_AWARE_PARK,FUSED_MEDIAN,10,1.3492908948297087,1.5822789984629795,1.8894837960870852,0.3062787219936284,True,True
time_offset,4,2892.290829999183,TIME_AWARE_PARK,upper_arm_camera,11,1.4218420326691938,1.4609031547115159,1.9572349342061481,0.19884918502718127,True,True
time_offset,4,2892.290829999183,TIME_AWARE_PARK,forearm_camera,11,10.239952729570096,10.428386443739136,13.15683328263533,0.8325444903178709,False,False
time_offset,4,2892.290829999183,TIME_AWARE_PARK,wrist_camera,11,9.969517516402423,10.261379815080776,12.386871650061213,0.6406139019035744,False,False
time_offset,4,2892.290829999183,TIME_AWARE_PARK,FUSED_MEDIAN,11,1.7664116987846146,1.9108944677061417,2.3408918159314633,0.24882344502540074,True,True
time_offset,4,2892.290829999183,TIME_AWARE_PARK,upper_arm_camera,12,2.0821007671165,2.1695030499321315,2.731387397803627,0.42678829111897226,False,True
time_offset,4,2892.290829999183,TIME_AWARE_PARK,forearm_camera,12,10.584605952648849,10.755906085246485,13.43574879361045,0.8891700858357628,False,False
time_offset,4,2892.290829999183,TIME_AWARE_PARK,wrist_camera,12,8.991992479839448,9.319004020111297,11.685162094699008,0.4104169271466823,False,False
time_offset,4,2892.290829999183,TIME_AWARE_PARK,FUSED_MEDIAN,12,3.0784428781235205,2.7964987683784726,3.4052396335323314,0.214037960000467,False,True
time_offset,4,2892.290829999183,TIME_AWARE_PARK,upper_arm_camera,13,3.679108272225688,3.7246055022339792,4.584655960698771,0.36613884730692947,False,True
time_offset,4,2892.290829999183,TIME_AWARE_PARK,forearm_camera,13,10.223314104342888,10.403884855962385,13.006119469044496,0.9059882711054508,False,False
time_offset,4,2892.290829999183,TIME_AWARE_PARK,wrist_camera,13,8.515731343558821,8.69303575308503,10.525123465792044,0.33870807355134613,False,False
time_offset,4,2892.290829999183,TIME_AWARE_PARK,FUSED_MEDIAN,13,3.068608503988897,3.26772402917759,4.235014422813818,0.13492703356816607,False,True
time_offset,4,2892.290829999183,TIME_AWARE_PARK,upper_arm_camera,14,5.428584460323603,5.487786756572394,6.660333377389718,0.4021318949928886,False,False
time_offset,4,2892.290829999183,TIME_AWARE_PARK,forearm_camera,14,9.98678995339234,10.166943684848896,12.617865907754164,0.8945164887462812,False,False
time_offset,4,2892.290829999183,TIME_AWARE_PARK,wrist_camera,14,9.467771756664735,9.64671260101501,11.464743042915421,0.4281230950139118,False,False
time_offset,4,2892.290829999183,TIME_AWARE_PARK,FUSED_MEDIAN,14,2.656001029492434,2.900018359333323,4.085459326304691,0.0726847334518205,False,True
time_offset,4,2892.290829999183,TIME_AWARE_PARK,upper_arm_camera,15,6.13381922897778,6.193345498639383,7.397681520743524,0.4192912566540156,False,False
time_offset,4,2892.290829999183,TIME_AWARE_PARK,forearm_camera,15,8.704466804990664,8.88990619736831,11.06637485319066,0.8472101372418943,False,False
time_offset,4,2892.290829999183,TIME_AWARE_PARK,wrist_camera,15,11.836846396104463,12.05068162254607,14.267047794058925,0.4997772504151739,False,False
time_offset,4,2892.290829999183,TIME_AWARE_PARK,FUSED_MEDIAN,15,1.702362334346103,2.0347766466723805,3.0479546601178398,0.13521053689369528,True,True
time_offset,4,2892.290829999183,TIME_AWARE_PARK,upper_arm_camera,16,6.6099180194492195,6.6943403004908815,7.848845870769431,0.4029376732726384,False,False
time_offset,4,2892.290829999183,TIME_AWARE_PARK,forearm_camera,16,6.811498731859342,6.9813272807423346,8.70829426653889,0.7197543459723523,False,False
time_offset,4,2892.290829999183,TIME_AWARE_PARK,wrist_camera,16,12.005964296804096,12.234288862463059,14.570878759305845,0.6192899875698297,False,False
time_offset,4,2892.290829999183,TIME_AWARE_PARK,FUSED_MEDIAN,16,4.324445080322831,4.541425658926909,5.753609272663902,0.13845686617911535,False,True
time_offset,4,2892.290829999183,TIME_AWARE_PARK,upper_arm_camera,17,5.756798952761841,5.8461525873214,7.122656520073498,0.4420481787907148,False,False
time_offset,4,2892.290829999183,TIME_AWARE_PARK,forearm_camera,17,5.15588073374429,5.323813400313384,6.517217121632586,0.6204888381502482,False,False
time_offset,4,2892.290829999183,TIME_AWARE_PARK,wrist_camera,17,14.37595281333933,14.632042836566793,17.3503343578662,0.6393241320365008,False,False
time_offset,4,2892.290829999183,TIME_AWARE_PARK,FUSED_MEDIAN,17,2.4698470291854315,2.6830476477276495,3.4765413204185545,0.20577790100705845,False,True
time_offset,4,2892.290829999183,TIME_AWARE_PARK,upper_arm_camera,18,6.685498988513135,6.777462677989359,8.163023914881002,0.5090870943524254,False,False
time_offset,4,2892.290829999183,TIME_AWARE_PARK,forearm_camera,18,3.5604339550755144,3.7452894484751345,4.112121683557468,0.5387694414822762,False,True
time_offset,4,2892.290829999183,TIME_AWARE_PARK,wrist_camera,18,15.147326922497946,15.37860731788224,17.919203537203924,0.6680878579997696,False,False
time_offset,4,2892.290829999183,TIME_AWARE_PARK,FUSED_MEDIAN,18,1.9865376764154372,2.2697719079335914,2.5876052625232546,0.22145073006588686,True,True
time_offset,4,2892.290829999183,TIME_AWARE_PARK,upper_arm_camera,19,6.784574577361642,6.886442039764419,8.434660673003572,0.5430359743567156,False,False
time_offset,4,2892.290829999183,TIME_AWARE_PARK,forearm_camera,19,3.0318665222602332,3.179317384360235,3.459254548668073,0.4596239887495141,False,True
time_offset,4,2892.290829999183,TIME_AWARE_PARK,wrist_camera,19,15.81863728113796,16.075106524253364,18.797350787978633,0.6483445260561258,False,False
time_offset,4,2892.290829999183,TIME_AWARE_PARK,FUSED_MEDIAN,19,1.8643319842413808,2.101722793388078,2.377765838080561,0.32047700267086826,True,True
time_offset,4,2892.290829999183,TIME_AWARE_PARK,upper_arm_camera,20,5.47094693384296,5.580992696580853,7.196481208631704,0.535037022566493,False,False
time_offset,4,2892.290829999183,TIME_AWARE_PARK,forearm_camera,20,3.491952571660896,3.584766738661753,4.135917004974509,0.36018407119381424,False,True
time_offset,4,2892.290829999183,TIME_AWARE_PARK,wrist_camera,20,15.52251470738824,15.789021349131929,18.510386961133513,0.6204273768179063,False,False
time_offset,4,2892.290829999183,TIME_AWARE_PARK,FUSED_MEDIAN,20,3.0325713826808185,3.1781881614043797,3.8391608472207426,0.32598642251395255,False,True
time_offset,4,2892.290829999183,TIME_AWARE_PARK,upper_arm_camera,21,4.869236975047786,4.979648435396169,6.548637169476766,0.515151770265979,False,True
time_offset,4,2892.290829999183,TIME_AWARE_PARK,forearm_camera,21,3.6214622398266396,3.690589061949195,4.276557188161795,0.3169453838619453,False,True
time_offset,4,2892.290829999183,TIME_AWARE_PARK,wrist_camera,21,14.479836990503129,14.738273958686085,17.203844448213705,0.5657090018427953,False,False
time_offset,4,2892.290829999183,TIME_AWARE_PARK,FUSED_MEDIAN,21,3.324565203663741,3.3617271793919525,4.057228667324412,0.34371681121137493,False,True
time_offset,4,2892.290829999183,TIME_AWARE_PARK,upper_arm_camera,22,3.027344596197203,3.146557722027865,4.406070239180743,0.4330074797637871,False,True
time_offset,4,2892.290829999183,TIME_AWARE_PARK,forearm_camera,22,3.4785603732589157,3.5196956567602933,4.136817458301582,0.2763643138738547,False,True
time_offset,4,2892.290829999183,TIME_AWARE_PARK,wrist_camera,22,13.386169219527822,13.622837242507028,15.590638508429576,0.6479344756660064,False,False
time_offset,4,2892.290829999183,TIME_AWARE_PARK,FUSED_MEDIAN,22,3.027344596197203,2.789908241462212,3.4283348446947985,0.39382912216938787,False,True
time_offset,4,2892.290829999183,TIME_AWARE_PARK,upper_arm_camera,23,2.5854586634638506,2.8027658785509044,4.322951360735094,0.592062896548172,False,True
time_offset,4,2892.290829999183,TIME_AWARE_PARK,forearm_camera,23,3.7537565464030034,3.8197519889645846,4.2700208386152925,0.26187693286785896,False,True
time_offset,4,2892.290829999183,TIME_AWARE_PARK,wrist_camera,23,8.611367808201715,8.873277724892375,10.32059019648002,0.47508200496782405,False,False
time_offset,4,2892.290829999183,TIME_AWARE_PARK,FUSED_MEDIAN,23,2.5854586634638506,2.576148339241864,3.4396111760112102,0.35721750723638396,False,True
time_offset,4,2892.290829999183,TIME_AWARE_PARK,upper_arm_camera,24,0.4419522973666517,1.0320944763335997,1.6273086532443117,0.5902091060666556,True,True
time_offset,4,2892.290829999183,TIME_AWARE_PARK,forearm_camera,24,2.238748290184864,2.3054235988657483,2.9485173043958954,0.32796518849477985,False,True
time_offset,4,2892.290829999183,TIME_AWARE_PARK,wrist_camera,24,8.519537904493975,8.710374860819524,10.069756702597877,0.30763886732251666,False,False
time_offset,4,2892.290829999183,TIME_AWARE_PARK,FUSED_MEDIAN,24,0.7237124291351202,1.1418928879322108,1.654293278581054,0.38255447459736974,True,True
time_offset,4,2892.290829999183,TIME_AWARE_PARK,upper_arm_camera,25,1.2567515323883682,1.4847033170416088,2.058930738421216,0.4651520139783205,True,True
time_offset,4,2892.290829999183,TIME_AWARE_PARK,forearm_camera,25,2.009152579875016,2.097495793666497,2.50693929479154,0.3844904331406488,False,True
time_offset,4,2892.290829999183,TIME_AWARE_PARK,wrist_camera,25,6.541260574641011,6.64213753705017,7.081483113985691,0.20921039695143498,False,False
time_offset,4,2892.290829999183,TIME_AWARE_PARK,FUSED_MEDIAN,25,1.3404040140837836,1.5939207990709696,2.1950600415760437,0.3393303931293787,True,True
time_offset,4,2892.290829999183,TIME_AWARE_PARK,upper_arm_camera,26,1.9444277111366703,2.051173687249926,2.8056874716427123,0.40728951534466723,True,True
time_offset,4,2892.290829999183,TIME_AWARE_PARK,forearm_camera,26,2.568567684812909,2.6958899886697263,3.6356716578543193,0.5568110521827,False,True
time_offset,4,2892.290829999183,TIME_AWARE_PARK,wrist_camera,26,4.851845692336004,4.8785186263735705,5.2084727757937985,0.1447245322056142,False,True
time_offset,4,2892.290829999183,TIME_AWARE_PARK,FUSED_MEDIAN,26,2.29225327899598,2.387778819193625,3.2209458891415963,0.3534185552142513,False,True
time_offset,4,2892.290829999183,TIME_AWARE_PARK,upper_arm_camera,27,3.432763257071033,3.5329427036648946,4.653153949672506,0.48540589011402935,False,True
time_offset,4,2892.290829999183,TIME_AWARE_PARK,forearm_camera,27,3.526903118642819,3.6155261242826913,4.509365319074242,0.4379614851763287,False,True
time_offset,4,2892.290829999183,TIME_AWARE_PARK,wrist_camera,27,6.857174400363885,6.884991515819387,7.220223147192353,0.2619675235738657,False,False
time_offset,4,2892.290829999183,TIME_AWARE_PARK,FUSED_MEDIAN,27,2.2779927910749818,2.400545982913938,3.2620751841570006,0.2856277961078341,False,True
time_offset,4,2892.290829999183,TIME_AWARE_PARK,upper_arm_camera,28,2.2160662579208323,2.287558258631574,2.7485621936168108,0.22361476673421551,False,True
time_offset,4,2892.290829999183,TIME_AWARE_PARK,forearm_camera,28,5.477902218932514,5.593802566185349,7.107064205027568,0.6784753438210545,False,False
time_offset,4,2892.290829999183,TIME_AWARE_PARK,wrist_camera,28,11.89171399509906,11.985474451541835,13.719627217968839,0.5779980821166363,False,False
time_offset,4,2892.290829999183,TIME_AWARE_PARK,FUSED_MEDIAN,28,0.9783033097855607,1.1372219786645184,1.3797135284784947,0.2612958310163231,True,True
time_offset,4,2892.290829999183,TIME_AWARE_PARK,upper_arm_camera,29,4.305982384823658,4.39814099416504,5.5355195728185524,0.3329448174224438,False,True
time_offset,4,2892.290829999183,TIME_AWARE_PARK,forearm_camera,29,6.080220747490403,6.217250248556965,7.832563347816464,0.6749228048828595,False,False
time_offset,4,2892.290829999183,TIME_AWARE_PARK,wrist_camera,29,19.31851739776213,19.487773330547185,22.675353214814987,0.9816949290871438,False,False
time_offset,4,2892.290829999183,TIME_AWARE_PARK,FUSED_MEDIAN,29,3.3285857259834573,3.462831313273622,4.49360716830514,0.28906752364317534,False,True
time_offset,4,2892.290829999183,TIME_AWARE_PARK,upper_arm_camera,30,4.566623868329619,4.6496694699066765,5.746500170192847,0.2965635439057107,False,True
time_offset,4,2892.290829999183,TIME_AWARE_PARK,forearm_camera,30,6.77009731147262,6.9858589065054675,8.772828757362085,0.8165603959067492,False,False
time_offset,4,2892.290829999183,TIME_AWARE_PARK,wrist_camera,30,23.956922119545013,24.17872209225907,28.327048871039622,1.3803253490334195,False,False
time_offset,4,2892.290829999183,TIME_AWARE_PARK,FUSED_MEDIAN,30,3.779403977825944,3.9713889209878657,5.248585053922505,0.42087850640709834,False,True
time_offset,4,2892.290829999183,TIME_AWARE_PARK,upper_arm_camera,31,5.713162508066268,5.815780231460425,7.139780800472747,0.29239923152372055,False,False
time_offset,4,2892.290829999183,TIME_AWARE_PARK,forearm_camera,31,7.302579817606228,7.497387974251889,9.436739086125185,0.6771947755551142,False,False
time_offset,4,2892.290829999183,TIME_AWARE_PARK,wrist_camera,31,31.782539067378032,32.06230820862814,37.47127540014799,1.8493862526816327,False,False
time_offset,4,2892.290829999183,TIME_AWARE_PARK,FUSED_MEDIAN,31,5.262704066140295,5.436132597640854,6.9771182379876695,0.48037489255856886,False,False
time_offset,4,2892.290829999183,TIME_AWARE_PARK,upper_arm_camera,32,5.935141240688179,6.030134411155338,7.271367325472941,0.22069233409465283,False,False
time_offset,4,2892.290829999183,TIME_AWARE_PARK,forearm_camera,32,7.3645968698538935,7.612764666401485,9.55697943965774,0.7627354006017218,False,False
time_offset,4,2892.290829999183,TIME_AWARE_PARK,wrist_camera,32,36.55577371381021,36.88015816590933,43.22833438438606,2.2758244159818957,False,False
time_offset,4,2892.290829999183,TIME_AWARE_PARK,FUSED_MEDIAN,32,4.842061378840947,5.090577352564119,6.63466333439329,0.6244573386500155,False,True
time_offset,4,2892.290829999183,TIME_AWARE_PARK,upper_arm_camera,33,8.071412981931493,8.19167376816254,9.75898287551164,0.22940006498242463,False,False
time_offset,4,2892.290829999183,TIME_AWARE_PARK,forearm_camera,33,6.355600058044932,6.612250113388118,7.6850907922427645,0.8627924196331109,False,False
time_offset,4,2892.290829999183,TIME_AWARE_PARK,wrist_camera,33,38.63931461309623,38.964277330123885,45.897483903017836,2.5170429819388587,False,False
time_offset,4,2892.290829999183,TIME_AWARE_PARK,FUSED_MEDIAN,33,5.652748169409551,5.752716564561422,6.380484490679616,0.7095505687911238,False,False
time_offset,4,2892.290829999183,TIME_AWARE_PARK,upper_arm_camera,34,7.422753746879697,7.545834647145187,8.998443305204365,0.13867146129606275,False,False
time_offset,4,2892.290829999183,TIME_AWARE_PARK,forearm_camera,34,6.845330128074947,7.169542584715917,8.811639171070835,0.7800944528232171,False,False
time_offset,4,2892.290829999183,TIME_AWARE_PARK,wrist_camera,34,38.15825489921561,38.48795701313665,45.73864908012753,2.6607864697833246,False,False
time_offset,4,2892.290829999183,TIME_AWARE_PARK,FUSED_MEDIAN,34,7.777325875033081,7.887849858204064,9.179044260332152,0.7695590733162466,False,False
time_offset,4,2892.290829999183,TIME_AWARE_PARK,upper_arm_camera,35,7.7430202201040474,7.88527147176665,9.540410218895481,0.18826539133077988,False,False
time_offset,4,2892.290829999183,TIME_AWARE_PARK,forearm_camera,35,8.817789098721532,9.178118635287156,11.333265522337479,0.7249782824181791,False,False
time_offset,4,2892.290829999183,TIME_AWARE_PARK,wrist_camera,35,36.339997025433014,36.66412917491458,43.89351160678569,2.7463603380478077,False,False
time_offset,4,2892.290829999183,TIME_AWARE_PARK,FUSED_MEDIAN,35,8.642592016235954,8.943832614428034,11.139981015523704,0.7650863185697405,False,False
